[INFO] [launch]: All log files can be found below /home/suraj-menon/.ros/log/2026-09-03-17-37-29-920514-Lenovo-Legion-5-235262
[INFO] [launch]: Default logging verbosity is set to INFO
[INFO] [simulation_bridge-1]: process started with pid [235266]
[INFO] [geometry_segmentation-2]: process started with pid [235267]
[INFO] [spectral_classifier-3]: process started with pid [235268]
[INFO] [pbvs_controller-4]: process started with pid [235269]
[INFO] [multimodal_fusion-5]: process started with pid [235270]
[INFO] [routing_node-6]: process started with pid [235271]
[simulation_bridge-1] pybullet build time: Aug 24 2026 11:45:22
[simulation_bridge-1] [INFO] [1788453452.050058778] [pybullet_sim_bridge]: control_mode = pbvs
[simulation_bridge-1] QSocketNotifier: Can only be used with threads started with QThread
[simulation_bridge-1] startThreads creating 1 threads.
[simulation_bridge-1] starting thread 0
[simulation_bridge-1] started thread 0 
[simulation_bridge-1] argc=2
[simulation_bridge-1] argv[0] = --unused
[simulation_bridge-1] argv[1] = --start_demo_name=Physics Server
[simulation_bridge-1] ExampleBrowserThreadFunc started
[simulation_bridge-1] X11 functions dynamically loaded using dlopen/dlsym OK!
[simulation_bridge-1] X11 functions dynamically loaded using dlopen/dlsym OK!
[simulation_bridge-1] Creating context
[simulation_bridge-1] Created GL 3.3 context
[simulation_bridge-1] Direct GLX rendering context obtained
[simulation_bridge-1] Making context current
[simulation_bridge-1] GL_VENDOR=Intel
[simulation_bridge-1] GL_RENDERER=Mesa Intel(R) UHD Graphics (CML GT2)
[simulation_bridge-1] GL_VERSION=4.6 (Core Profile) Mesa 25.2.8-0ubuntu0.24.04.2
[simulation_bridge-1] GL_SHADING_LANGUAGE_VERSION=4.60
[simulation_bridge-1] pthread_getconcurrency()=0
[simulation_bridge-1] Version = 4.6 (Core Profile) Mesa 25.2.8-0ubuntu0.24.04.2
[simulation_bridge-1] Vendor = Intel
[simulation_bridge-1] Renderer = Mesa Intel(R) UHD Graphics (CML GT2)
[simulation_bridge-1] b3Printf: Selected demo: Physics Server
[simulation_bridge-1] startThreads creating 1 threads.
[simulation_bridge-1] starting thread 0
[simulation_bridge-1] started thread 0 
[simulation_bridge-1] MotionThreadFunc thread started
[simulation_bridge-1] ven = Intel
[simulation_bridge-1] Workaround for some crash in the Intel OpenGL driver on Linux/Ubuntu
[simulation_bridge-1] ven = Intel
[simulation_bridge-1] Workaround for some crash in the Intel OpenGL driver on Linux/Ubuntu
[pbvs_controller-4] [INFO] [1788453457.098508922] [pbvs_controller_node]: fragments=1 eligible=0 reachable=0 locked=no
[routing_node-6] [INFO] [1788453457.099146387] [routing_decision_node]: {"id": 4, "route": "bypass_reject", "confidence": 0.5168892741203308, "surface_class": "tread", "bbox": [154, 185, 175, 222], "reason": "classification_below_threshold"}
[routing_node-6] [INFO] [1788453457.111669145] [routing_decision_node]: {"id": 4, "route": "bypass_reject", "confidence": 0.5168892741203308, "surface_class": "tread", "bbox": [153, 184, 175, 222], "reason": "classification_below_threshold"}
[routing_node-6] [INFO] [1788453457.148430361] [routing_decision_node]: {"id": 4, "route": "bypass_reject", "confidence": 0.45686331391334534, "surface_class": "tread", "bbox": [154, 184, 175, 222], "reason": "classification_below_threshold"}
[routing_node-6] [INFO] [1788453457.182258098] [routing_decision_node]: {"id": 4, "route": "bypass_reject", "confidence": 0.45686331391334534, "surface_class": "tread", "bbox": [154, 184, 175, 222], "reason": "classification_below_threshold"}
[routing_node-6] [INFO] [1788453457.230413491] [routing_decision_node]: {"id": 4, "route": "bypass_reject", "confidence": 0.4516439139842987, "surface_class": "tread", "bbox": [154, 184, 175, 222], "reason": "classification_below_threshold"}
[routing_node-6] [INFO] [1788453457.270629144] [routing_decision_node]: {"id": 4, "route": "bypass_reject", "confidence": 0.4516439139842987, "surface_class": "tread", "bbox": [154, 184, 175, 222], "reason": "classification_below_threshold"}
[routing_node-6] [INFO] [1788453457.310119791] [routing_decision_node]: {"id": 4, "route": "bypass_reject", "confidence": 0.5103285908699036, "surface_class": "tread", "bbox": [154, 184, 175, 222], "reason": "classification_below_threshold"}
[routing_node-6] [INFO] [1788453457.348382443] [routing_decision_node]: {"id": 4, "route": "bypass_reject", "confidence": 0.5103285908699036, "surface_class": "tread", "bbox": [154, 184, 175, 221], "reason": "classification_below_threshold"}
[routing_node-6] [INFO] [1788453457.398058315] [routing_decision_node]: {"id": 4, "route": "bypass_reject", "confidence": 0.5103285908699036, "surface_class": "tread", "bbox": [154, 183, 175, 221], "reason": "classification_below_threshold"}
[routing_node-6] [INFO] [1788453457.443717790] [routing_decision_node]: {"id": 4, "route": "bypass_reject", "confidence": 0.5742508172988892, "surface_class": "tread", "bbox": [154, 183, 175, 221], "reason": "classification_below_threshold"}
[routing_node-6] [INFO] [1788453457.481004677] [routing_decision_node]: {"id": 4, "route": "bypass_reject", "confidence": 0.5742508172988892, "surface_class": "tread", "bbox": [154, 183, 175, 221], "reason": "classification_below_threshold"}
[routing_node-6] [INFO] [1788453457.520991468] [routing_decision_node]: {"id": 4, "route": "bypass_reject", "confidence": 0.6133214831352234, "surface_class": "tread", "bbox": [154, 183, 175, 221], "reason": "classification_below_threshold"}
[routing_node-6] [INFO] [1788453457.561230168] [routing_decision_node]: {"id": 4, "route": "bypass_reject", "confidence": 0.6133214831352234, "surface_class": "tread", "bbox": [154, 183, 175, 221], "reason": "classification_below_threshold"}
[routing_node-6] [INFO] [1788453457.601543898] [routing_decision_node]: {"id": 4, "route": "bypass_reject", "confidence": 0.6133214831352234, "surface_class": "tread", "bbox": [154, 183, 175, 220], "reason": "classification_below_threshold"}
[routing_node-6] [INFO] [1788453457.665145403] [routing_decision_node]: {"id": 4, "route": "bypass_reject", "confidence": 0.5366012454032898, "surface_class": "tread", "bbox": [153, 183, 175, 206], "reason": "classification_below_threshold"}
[routing_node-6] [INFO] [1788453457.711026469] [routing_decision_node]: {"id": 4, "route": "bypass_reject", "confidence": 0.5366012454032898, "surface_class": "tread", "bbox": [153, 183, 175, 206], "reason": "classification_below_threshold"}
[routing_node-6] [INFO] [1788453457.754312553] [routing_decision_node]: {"id": 4, "route": "bypass_reject", "confidence": 0.4361491799354553, "surface_class": "tread", "bbox": [153, 182, 175, 206], "reason": "classification_below_threshold"}
[routing_node-6] [INFO] [1788453457.795820270] [routing_decision_node]: {"id": 4, "route": "bypass_reject", "confidence": 0.4361491799354553, "surface_class": "tread", "bbox": [153, 182, 175, 206], "reason": "classification_below_threshold"}
[routing_node-6] [INFO] [1788453457.845341893] [routing_decision_node]: {"id": 4, "route": "bypass_reject", "confidence": 0.5938287973403931, "surface_class": "tread", "bbox": [153, 182, 175, 209], "reason": "classification_below_threshold"}
[routing_node-6] [INFO] [1788453457.888577090] [routing_decision_node]: {"id": 4, "route": "bypass_reject", "confidence": 0.5938287973403931, "surface_class": "tread", "bbox": [153, 182, 175, 209], "reason": "classification_below_threshold"}
[routing_node-6] [INFO] [1788453457.935064248] [routing_decision_node]: {"id": 4, "route": "bypass_reject", "confidence": 0.5054523348808289, "surface_class": "tread", "bbox": [153, 182, 175, 209], "reason": "classification_below_threshold"}
[routing_node-6] [INFO] [1788453457.968997090] [routing_decision_node]: {"id": 4, "route": "bypass_reject", "confidence": 0.5054523348808289, "surface_class": "tread", "bbox": [153, 181, 175, 208], "reason": "classification_below_threshold"}
[routing_node-6] [INFO] [1788453458.021757464] [routing_decision_node]: {"id": 4, "route": "bypass_reject", "confidence": 0.4798630177974701, "surface_class": "tread", "bbox": [153, 181, 175, 208], "reason": "classification_below_threshold"}
[routing_node-6] [INFO] [1788453458.056719700] [routing_decision_node]: {"id": 4, "route": "bypass_reject", "confidence": 0.4798630177974701, "surface_class": "tread", "bbox": [153, 181, 174, 210], "reason": "classification_below_threshold"}
[routing_node-6] [INFO] [1788453458.094817857] [routing_decision_node]: {"id": 4, "route": "bypass_reject", "confidence": 0.4798630177974701, "surface_class": "tread", "bbox": [153, 181, 174, 209], "reason": "classification_below_threshold"}
[routing_node-6] [INFO] [1788453458.139851065] [routing_decision_node]: {"id": 4, "route": "bypass_reject", "confidence": 0.6312587857246399, "surface_class": "tread", "bbox": [153, 181, 175, 207], "reason": "classification_below_threshold"}
[routing_node-6] [INFO] [1788453458.186651508] [routing_decision_node]: {"id": 4, "route": "bypass_reject", "confidence": 0.6312587857246399, "surface_class": "tread", "bbox": [153, 181, 175, 207], "reason": "classification_below_threshold"}
[routing_node-6] [INFO] [1788453458.227568234] [routing_decision_node]: {"id": 4, "route": "bypass_reject", "confidence": 0.4414382576942444, "surface_class": "tread", "bbox": [153, 181, 175, 207], "reason": "classification_below_threshold"}
[routing_node-6] [INFO] [1788453458.275298659] [routing_decision_node]: {"id": 4, "route": "bypass_reject", "confidence": 0.4414382576942444, "surface_class": "tread", "bbox": [153, 181, 175, 207], "reason": "classification_below_threshold"}
[routing_node-6] [INFO] [1788453458.310795064] [routing_decision_node]: {"id": 4, "route": "bypass_reject", "confidence": 0.4414382576942444, "surface_class": "tread", "bbox": [153, 180, 175, 207], "reason": "classification_below_threshold"}
[routing_node-6] [INFO] [1788453458.350471211] [routing_decision_node]: {"id": 4, "route": "bypass_reject", "confidence": 0.44655224680900574, "surface_class": "tread", "bbox": [154, 180, 175, 192], "reason": "classification_below_threshold"}
[routing_node-6] [INFO] [1788453458.352722407] [routing_decision_node]: {"id": 5, "route": "recompounding_raw_material", "confidence": 0.9762428998947144, "surface_class": "tread", "bbox": [153, 193, 175, 206], "reason": "passenger:tread"}
[routing_node-6] [INFO] [1788453458.394806999] [routing_decision_node]: {"id": 4, "route": "bypass_reject", "confidence": 0.44655224680900574, "surface_class": "tread", "bbox": [153, 180, 175, 206], "reason": "classification_below_threshold"}
[routing_node-6] [INFO] [1788453458.432581007] [routing_decision_node]: {"id": 4, "route": "bypass_reject", "confidence": 0.45793014764785767, "surface_class": "tread", "bbox": [153, 180, 175, 206], "reason": "classification_below_threshold"}
[routing_node-6] [INFO] [1788453458.477179275] [routing_decision_node]: {"id": 4, "route": "bypass_reject", "confidence": 0.45793014764785767, "surface_class": "tread", "bbox": [153, 180, 175, 204], "reason": "classification_below_threshold"}
[routing_node-6] [INFO] [1788453458.512486297] [routing_decision_node]: {"id": 4, "route": "bypass_reject", "confidence": 0.5049493312835693, "surface_class": "tread", "bbox": [153, 180, 175, 204], "reason": "classification_below_threshold"}
[routing_node-6] [INFO] [1788453458.515233781] [routing_decision_node]: {"id": 5, "route": "recompounding_raw_material", "confidence": 0.9546875953674316, "surface_class": "sidewall", "bbox": [155, 204, 172, 206], "reason": "passenger:sidewall"}
[routing_node-6] [INFO] [1788453458.559068416] [routing_decision_node]: {"id": 4, "route": "bypass_reject", "confidence": 0.5049493312835693, "surface_class": "tread", "bbox": [153, 180, 175, 204], "reason": "classification_below_threshold"}
[routing_node-6] [INFO] [1788453458.560960629] [routing_decision_node]: {"id": 5, "route": "recompounding_raw_material", "confidence": 0.9546875953674316, "surface_class": "sidewall", "bbox": [155, 204, 172, 206], "reason": "passenger:sidewall"}
[routing_node-6] [INFO] [1788453458.599810596] [routing_decision_node]: {"id": 4, "route": "bypass_reject", "confidence": 0.5049493312835693, "surface_class": "tread", "bbox": [152, 179, 175, 204], "reason": "classification_below_threshold"}
[routing_node-6] [INFO] [1788453458.602150186] [routing_decision_node]: {"id": 5, "route": "recompounding_raw_material", "confidence": 0.9546875953674316, "surface_class": "sidewall", "bbox": [155, 204, 172, 206], "reason": "passenger:sidewall"}
[routing_node-6] [INFO] [1788453458.645782188] [routing_decision_node]: {"id": 4, "route": "bypass_reject", "confidence": 0.5530651211738586, "surface_class": "tread", "bbox": [152, 179, 175, 203], "reason": "classification_below_threshold"}
[routing_node-6] [INFO] [1788453458.646687473] [routing_decision_node]: {"id": 5, "route": "recompounding_raw_material", "confidence": 0.9816066026687622, "surface_class": "sidewall", "bbox": [154, 204, 172, 207], "reason": "passenger:sidewall"}
[routing_node-6] [INFO] [1788453458.690405860] [routing_decision_node]: {"id": 4, "route": "bypass_reject", "confidence": 0.5530651211738586, "surface_class": "tread", "bbox": [152, 179, 174, 203], "reason": "classification_below_threshold"}
[routing_node-6] [INFO] [1788453458.692358681] [routing_decision_node]: {"id": 5, "route": "recompounding_raw_material", "confidence": 0.9816066026687622, "surface_class": "sidewall", "bbox": [154, 204, 172, 207], "reason": "passenger:sidewall"}
[routing_node-6] [INFO] [1788453458.733638836] [routing_decision_node]: {"id": 4, "route": "bypass_reject", "confidence": 0.41437768936157227, "surface_class": "tread", "bbox": [152, 179, 175, 205], "reason": "classification_below_threshold"}
[routing_node-6] [INFO] [1788453458.767340356] [routing_decision_node]: {"id": 4, "route": "bypass_reject", "confidence": 0.41437768936157227, "surface_class": "tread", "bbox": [152, 179, 174, 204], "reason": "classification_below_threshold"}
[routing_node-6] [INFO] [1788453458.811145386] [routing_decision_node]: {"id": 4, "route": "bypass_reject", "confidence": 0.45188209414482117, "surface_class": "tread", "bbox": [152, 179, 174, 206], "reason": "classification_below_threshold"}
[routing_node-6] [INFO] [1788453458.812079222] [routing_decision_node]: {"id": 5, "route": "recompounding_raw_material", "confidence": 0.9852849841117859, "surface_class": "tread", "bbox": [155, 200, 196, 233], "reason": "passenger:tread"}
[routing_node-6] [INFO] [1788453458.857313344] [routing_decision_node]: {"id": 4, "route": "bypass_reject", "confidence": 0.45188209414482117, "surface_class": "tread", "bbox": [152, 178, 174, 206], "reason": "classification_below_threshold"}
[routing_node-6] [INFO] [1788453458.860411104] [routing_decision_node]: {"id": 5, "route": "recompounding_raw_material", "confidence": 0.9852849841117859, "surface_class": "tread", "bbox": [155, 199, 196, 233], "reason": "passenger:tread"}
[routing_node-6] [INFO] [1788453458.900432271] [routing_decision_node]: {"id": 4, "route": "bypass_reject", "confidence": 0.45188209414482117, "surface_class": "tread", "bbox": [152, 178, 174, 206], "reason": "classification_below_threshold"}
[routing_node-6] [INFO] [1788453458.901149039] [routing_decision_node]: {"id": 5, "route": "recompounding_raw_material", "confidence": 0.9852849841117859, "surface_class": "tread", "bbox": [155, 199, 196, 233], "reason": "passenger:tread"}
[routing_node-6] [INFO] [1788453458.935135752] [routing_decision_node]: {"id": 4, "route": "bypass_reject", "confidence": 0.47902798652648926, "surface_class": "tread", "bbox": [152, 178, 174, 206], "reason": "classification_below_threshold"}
[routing_node-6] [INFO] [1788453458.936803564] [routing_decision_node]: {"id": 5, "route": "recompounding_raw_material", "confidence": 0.9527338147163391, "surface_class": "tread", "bbox": [155, 199, 196, 233], "reason": "passenger:tread"}
[routing_node-6] [INFO] [1788453458.979689939] [routing_decision_node]: {"id": 4, "route": "bypass_reject", "confidence": 0.47902798652648926, "surface_class": "tread", "bbox": [152, 178, 174, 206], "reason": "classification_below_threshold"}
[routing_node-6] [INFO] [1788453458.982489165] [routing_decision_node]: {"id": 5, "route": "recompounding_raw_material", "confidence": 0.9527338147163391, "surface_class": "tread", "bbox": [155, 199, 196, 233], "reason": "passenger:tread"}
[routing_node-6] [INFO] [1788453459.019511310] [routing_decision_node]: {"id": 4, "route": "bypass_reject", "confidence": 0.5851552486419678, "surface_class": "tread", "bbox": [152, 178, 174, 203], "reason": "classification_below_threshold"}
[routing_node-6] [INFO] [1788453459.020509873] [routing_decision_node]: {"id": 5, "route": "recompounding_raw_material", "confidence": 0.9582462310791016, "surface_class": "tread", "bbox": [154, 199, 196, 232], "reason": "passenger:tread"}
[routing_node-6] [INFO] [1788453459.054470457] [routing_decision_node]: {"id": 4, "route": "bypass_reject", "confidence": 0.5851552486419678, "surface_class": "tread", "bbox": [151, 178, 174, 203], "reason": "classification_below_threshold"}
[routing_node-6] [INFO] [1788453459.055083649] [routing_decision_node]: {"id": 5, "route": "recompounding_raw_material", "confidence": 0.9582462310791016, "surface_class": "sidewall", "bbox": [154, 203, 171, 205], "reason": "passenger:sidewall"}
[routing_node-6] [INFO] [1788453459.095794520] [routing_decision_node]: {"id": 4, "route": "bypass_reject", "confidence": 0.5851552486419678, "surface_class": "tread", "bbox": [151, 178, 174, 203], "reason": "classification_below_threshold"}
[routing_node-6] [INFO] [1788453459.097390609] [routing_decision_node]: {"id": 5, "route": "recompounding_raw_material", "confidence": 0.9582462310791016, "surface_class": "sidewall", "bbox": [154, 203, 171, 205], "reason": "passenger:sidewall"}
[routing_node-6] [INFO] [1788453459.136420940] [routing_decision_node]: {"id": 4, "route": "bypass_reject", "confidence": 0.5374468564987183, "surface_class": "tread", "bbox": [151, 177, 173, 203], "reason": "classification_below_threshold"}
[pbvs_controller-4] [INFO] [1788453459.136485136] [pbvs_controller_node]: fragments=2 eligible=1 reachable=0 locked=no
[routing_node-6] [INFO] [1788453459.136836568] [routing_decision_node]: {"id": 5, "route": "recompounding_raw_material", "confidence": 0.9814074039459229, "surface_class": "sidewall", "bbox": [154, 203, 171, 205], "reason": "passenger:sidewall"}
[routing_node-6] [INFO] [1788453459.181310222] [routing_decision_node]: {"id": 4, "route": "bypass_reject", "confidence": 0.5374468564987183, "surface_class": "tread", "bbox": [151, 177, 173, 203], "reason": "classification_below_threshold"}
[routing_node-6] [INFO] [1788453459.182107525] [routing_decision_node]: {"id": 5, "route": "recompounding_raw_material", "confidence": 0.9814074039459229, "surface_class": "tread", "bbox": [154, 198, 196, 232], "reason": "passenger:tread"}
[routing_node-6] [INFO] [1788453459.219434663] [routing_decision_node]: {"id": 4, "route": "bypass_reject", "confidence": 0.6100000143051147, "surface_class": "tread", "bbox": [151, 177, 173, 204], "reason": "classification_below_threshold"}
[routing_node-6] [INFO] [1788453459.220027599] [routing_decision_node]: {"id": 5, "route": "recompounding_raw_material", "confidence": 0.9619107246398926, "surface_class": "tread", "bbox": [154, 198, 196, 232], "reason": "passenger:tread"}
[routing_node-6] [INFO] [1788453459.261518775] [routing_decision_node]: {"id": 4, "route": "bypass_reject", "confidence": 0.6100000143051147, "surface_class": "tread", "bbox": [151, 177, 173, 204], "reason": "classification_below_threshold"}
[routing_node-6] [INFO] [1788453459.262232723] [routing_decision_node]: {"id": 5, "route": "recompounding_raw_material", "confidence": 0.9619107246398926, "surface_class": "tread", "bbox": [154, 198, 196, 232], "reason": "passenger:tread"}
[routing_node-6] [INFO] [1788453459.296004085] [routing_decision_node]: {"id": 4, "route": "bypass_reject", "confidence": 0.6100000143051147, "surface_class": "tread", "bbox": [151, 177, 173, 204], "reason": "classification_below_threshold"}
[routing_node-6] [INFO] [1788453459.296694634] [routing_decision_node]: {"id": 5, "route": "recompounding_raw_material", "confidence": 0.9619107246398926, "surface_class": "tread", "bbox": [154, 197, 196, 232], "reason": "passenger:tread"}
[routing_node-6] [INFO] [1788453459.340147202] [routing_decision_node]: {"id": 4, "route": "bypass_reject", "confidence": 0.46249568462371826, "surface_class": "tread", "bbox": [151, 177, 173, 204], "reason": "classification_below_threshold"}
[routing_node-6] [INFO] [1788453459.342053821] [routing_decision_node]: {"id": 5, "route": "recompounding_raw_material", "confidence": 0.9802572131156921, "surface_class": "tread", "bbox": [154, 197, 196, 232], "reason": "passenger:tread"}
[routing_node-6] [INFO] [1788453459.383286412] [routing_decision_node]: {"id": 4, "route": "bypass_reject", "confidence": 0.46249568462371826, "surface_class": "tread", "bbox": [151, 176, 173, 204], "reason": "classification_below_threshold"}
[routing_node-6] [INFO] [1788453459.385314954] [routing_decision_node]: {"id": 5, "route": "recompounding_raw_material", "confidence": 0.9802572131156921, "surface_class": "tread", "bbox": [154, 197, 196, 232], "reason": "passenger:tread"}
[routing_node-6] [INFO] [1788453459.427562243] [routing_decision_node]: {"id": 4, "route": "bypass_reject", "confidence": 0.5366209745407104, "surface_class": "tread", "bbox": [150, 176, 173, 202], "reason": "classification_below_threshold"}
[routing_node-6] [INFO] [1788453459.428334216] [routing_decision_node]: {"id": 5, "route": "recompounding_raw_material", "confidence": 0.957696795463562, "surface_class": "tread", "bbox": [153, 197, 196, 232], "reason": "passenger:tread"}
[routing_node-6] [INFO] [1788453459.475561673] [routing_decision_node]: {"id": 4, "route": "bypass_reject", "confidence": 0.5366209745407104, "surface_class": "tread", "bbox": [150, 176, 172, 204], "reason": "classification_below_threshold"}
[routing_node-6] [INFO] [1788453459.478297613] [routing_decision_node]: {"id": 5, "route": "recompounding_raw_material", "confidence": 0.957696795463562, "surface_class": "tread", "bbox": [153, 196, 196, 232], "reason": "passenger:tread"}
[routing_node-6] [INFO] [1788453459.521777210] [routing_decision_node]: {"id": 4, "route": "bypass_reject", "confidence": 0.495155394077301, "surface_class": "tread", "bbox": [150, 176, 172, 202], "reason": "classification_below_threshold"}
[routing_node-6] [INFO] [1788453459.522994245] [routing_decision_node]: {"id": 5, "route": "recompounding_raw_material", "confidence": 0.955388605594635, "surface_class": "tread", "bbox": [153, 196, 196, 232], "reason": "passenger:tread"}
[routing_node-6] [INFO] [1788453459.565303859] [routing_decision_node]: {"id": 4, "route": "bypass_reject", "confidence": 0.495155394077301, "surface_class": "tread", "bbox": [150, 176, 172, 203], "reason": "classification_below_threshold"}
[routing_node-6] [INFO] [1788453459.567696306] [routing_decision_node]: {"id": 5, "route": "recompounding_raw_material", "confidence": 0.955388605594635, "surface_class": "tread", "bbox": [153, 196, 196, 232], "reason": "passenger:tread"}
[routing_node-6] [INFO] [1788453459.612397832] [routing_decision_node]: {"id": 5, "route": "bypass_reject", "confidence": 0.4817941188812256, "surface_class": "tread", "bbox": [150, 176, 172, 199], "reason": "classification_below_threshold"}
[routing_node-6] [INFO] [1788453459.614527223] [routing_decision_node]: {"id": 6, "route": "recompounding_raw_material", "confidence": 0.9564536213874817, "surface_class": "sidewall", "bbox": [152, 200, 170, 203], "reason": "passenger:sidewall"}
[routing_node-6] [INFO] [1788453459.658082139] [routing_decision_node]: {"id": 5, "route": "bypass_reject", "confidence": 0.4817941188812256, "surface_class": "tread", "bbox": [150, 175, 172, 200], "reason": "classification_below_threshold"}
[routing_node-6] [INFO] [1788453459.659337858] [routing_decision_node]: {"id": 6, "route": "recompounding_raw_material", "confidence": 0.9564536213874817, "surface_class": "sidewall", "bbox": [152, 200, 169, 203], "reason": "passenger:sidewall"}
[routing_node-6] [INFO] [1788453459.702438670] [routing_decision_node]: {"id": 5, "route": "bypass_reject", "confidence": 0.4817941188812256, "surface_class": "tread", "bbox": [149, 175, 171, 200], "reason": "classification_below_threshold"}
[routing_node-6] [INFO] [1788453459.703616125] [routing_decision_node]: {"id": 6, "route": "recompounding_raw_material", "confidence": 0.9564536213874817, "surface_class": "tread", "bbox": [152, 195, 196, 231], "reason": "passenger:tread"}
[routing_node-6] [INFO] [1788453459.744293728] [routing_decision_node]: {"id": 5, "route": "bypass_reject", "confidence": 0.49709227681159973, "surface_class": "tread", "bbox": [149, 175, 171, 200], "reason": "classification_below_threshold"}
[routing_node-6] [INFO] [1788453459.744849439] [routing_decision_node]: {"id": 6, "route": "recompounding_raw_material", "confidence": 0.9439647793769836, "surface_class": "tread", "bbox": [152, 195, 196, 231], "reason": "passenger:tread"}
[routing_node-6] [INFO] [1788453459.784189679] [routing_decision_node]: {"id": 5, "route": "bypass_reject", "confidence": 0.49709227681159973, "surface_class": "tread", "bbox": [149, 175, 171, 204], "reason": "classification_below_threshold"}
[routing_node-6] [INFO] [1788453459.785816799] [routing_decision_node]: {"id": 6, "route": "recompounding_raw_material", "confidence": 0.9439647793769836, "surface_class": "tread", "bbox": [153, 194, 196, 231], "reason": "passenger:tread"}
[routing_node-6] [INFO] [1788453459.817809280] [routing_decision_node]: {"id": 5, "route": "bypass_reject", "confidence": 0.5084711909294128, "surface_class": "tread", "bbox": [149, 175, 171, 204], "reason": "classification_below_threshold"}
[routing_node-6] [INFO] [1788453459.819127859] [routing_decision_node]: {"id": 6, "route": "recompounding_raw_material", "confidence": 0.9696207642555237, "surface_class": "tread", "bbox": [153, 194, 196, 231], "reason": "passenger:tread"}
[routing_node-6] [INFO] [1788453459.865794786] [routing_decision_node]: {"id": 5, "route": "bypass_reject", "confidence": 0.5084711909294128, "surface_class": "tread", "bbox": [149, 174, 171, 198], "reason": "classification_below_threshold"}
[routing_node-6] [INFO] [1788453459.867430815] [routing_decision_node]: {"id": 6, "route": "recompounding_raw_material", "confidence": 0.9696207642555237, "surface_class": "sidewall", "bbox": [151, 198, 169, 201], "reason": "passenger:sidewall"}
[routing_node-6] [INFO] [1788453459.907968787] [routing_decision_node]: {"id": 5, "route": "bypass_reject", "confidence": 0.5084711909294128, "surface_class": "tread", "bbox": [148, 174, 170, 198], "reason": "classification_below_threshold"}
[routing_node-6] [INFO] [1788453459.908579599] [routing_decision_node]: {"id": 6, "route": "recompounding_raw_material", "confidence": 0.9696207642555237, "surface_class": "sidewall", "bbox": [151, 198, 169, 202], "reason": "passenger:sidewall"}
[routing_node-6] [INFO] [1788453459.948616008] [routing_decision_node]: {"id": 5, "route": "speciality_crumb", "confidence": 0.6502888202667236, "surface_class": "tread", "bbox": [148, 174, 170, 199], "reason": "motorcycle:tread"}
[routing_node-6] [INFO] [1788453459.950609940] [routing_decision_node]: {"id": 6, "route": "recompounding_raw_material", "confidence": 0.9716663956642151, "surface_class": "sidewall", "bbox": [151, 199, 168, 202], "reason": "passenger:sidewall"}
[routing_node-6] [INFO] [1788453459.996180223] [routing_decision_node]: {"id": 5, "route": "speciality_crumb", "confidence": 0.6502888202667236, "surface_class": "tread", "bbox": [148, 174, 170, 199], "reason": "motorcycle:tread"}
[routing_node-6] [INFO] [1788453459.998161289] [routing_decision_node]: {"id": 6, "route": "recompounding_raw_material", "confidence": 0.9716663956642151, "surface_class": "sidewall", "bbox": [151, 199, 168, 202], "reason": "passenger:sidewall"}
[routing_node-6] [INFO] [1788453460.042842432] [routing_decision_node]: {"id": 5, "route": "bypass_reject", "confidence": 0.45794054865837097, "surface_class": "tread", "bbox": [148, 174, 170, 203], "reason": "classification_below_threshold"}
[routing_node-6] [INFO] [1788453460.043443448] [routing_decision_node]: {"id": 6, "route": "recompounding_raw_material", "confidence": 0.9736218452453613, "surface_class": "tread", "bbox": [152, 193, 196, 230], "reason": "passenger:tread"}
[routing_node-6] [INFO] [1788453460.084241786] [routing_decision_node]: {"id": 5, "route": "bypass_reject", "confidence": 0.45794054865837097, "surface_class": "tread", "bbox": [148, 174, 170, 203], "reason": "classification_below_threshold"}
[routing_node-6] [INFO] [1788453460.086263564] [routing_decision_node]: {"id": 6, "route": "recompounding_raw_material", "confidence": 0.9736218452453613, "surface_class": "tread", "bbox": [152, 193, 196, 230], "reason": "passenger:tread"}
[routing_node-6] [INFO] [1788453460.130693518] [routing_decision_node]: {"id": 5, "route": "bypass_reject", "confidence": 0.6128959655761719, "surface_class": "tread", "bbox": [147, 173, 169, 197], "reason": "classification_below_threshold"}
[routing_node-6] [INFO] [1788453460.133175498] [routing_decision_node]: {"id": 6, "route": "recompounding_raw_material", "confidence": 0.964293360710144, "surface_class": "sidewall", "bbox": [150, 197, 168, 200], "reason": "passenger:sidewall"}
[routing_node-6] [INFO] [1788453460.176276916] [routing_decision_node]: {"id": 5, "route": "bypass_reject", "confidence": 0.6128959655761719, "surface_class": "tread", "bbox": [147, 173, 169, 197], "reason": "classification_below_threshold"}
[routing_node-6] [INFO] [1788453460.178057243] [routing_decision_node]: {"id": 6, "route": "recompounding_raw_material", "confidence": 0.964293360710144, "surface_class": "sidewall", "bbox": [150, 197, 168, 200], "reason": "passenger:sidewall"}
[routing_node-6] [INFO] [1788453460.217448431] [routing_decision_node]: {"id": 5, "route": "bypass_reject", "confidence": 0.46011051535606384, "surface_class": "tread", "bbox": [147, 173, 169, 198], "reason": "classification_below_threshold"}
[routing_node-6] [INFO] [1788453460.218095390] [routing_decision_node]: {"id": 6, "route": "recompounding_raw_material", "confidence": 0.960015058517456, "surface_class": "sidewall", "bbox": [150, 198, 167, 201], "reason": "passenger:sidewall"}
[routing_node-6] [INFO] [1788453460.259400887] [routing_decision_node]: {"id": 5, "route": "bypass_reject", "confidence": 0.46011051535606384, "surface_class": "tread", "bbox": [147, 173, 195, 230], "reason": "classification_below_threshold"}
[routing_node-6] [INFO] [1788453460.299026375] [routing_decision_node]: {"id": 6, "route": "bypass_reject", "confidence": 0.46011051535606384, "surface_class": "tread", "bbox": [147, 173, 195, 230], "reason": "classification_below_threshold"}
[routing_node-6] [INFO] [1788453460.345021694] [routing_decision_node]: {"id": 6, "route": "bypass_reject", "confidence": 0.597629189491272, "surface_class": "tread", "bbox": [147, 173, 193, 230], "reason": "classification_below_threshold"}
[routing_node-6] [INFO] [1788453460.384036451] [routing_decision_node]: {"id": 6, "route": "bypass_reject", "confidence": 0.597629189491272, "surface_class": "tread", "bbox": [147, 172, 193, 229], "reason": "classification_below_threshold"}
[routing_node-6] [INFO] [1788453460.428769460] [routing_decision_node]: {"id": 6, "route": "bypass_reject", "confidence": 0.46686771512031555, "surface_class": "tread", "bbox": [146, 172, 194, 229], "reason": "classification_below_threshold"}
[routing_node-6] [INFO] [1788453460.475241749] [routing_decision_node]: {"id": 5, "route": "bypass_reject", "confidence": 0.46686771512031555, "surface_class": "tread", "bbox": [146, 172, 194, 229], "reason": "classification_below_threshold"}
[routing_node-6] [INFO] [1788453460.521155942] [routing_decision_node]: {"id": 6, "route": "bypass_reject", "confidence": 0.50806725025177, "surface_class": "tread", "bbox": [146, 172, 194, 229], "reason": "classification_below_threshold"}
[routing_node-6] [INFO] [1788453460.562402189] [routing_decision_node]: {"id": 5, "route": "bypass_reject", "confidence": 0.50806725025177, "surface_class": "tread", "bbox": [146, 172, 195, 228], "reason": "classification_below_threshold"}
[routing_node-6] [INFO] [1788453460.599432480] [routing_decision_node]: {"id": 5, "route": "bypass_reject", "confidence": 0.50806725025177, "surface_class": "tread", "bbox": [146, 171, 195, 228], "reason": "classification_below_threshold"}
[routing_node-6] [INFO] [1788453460.638548031] [routing_decision_node]: {"id": 4, "route": "bypass_reject", "confidence": 0.46901893615722656, "surface_class": "tread", "bbox": [146, 171, 195, 228], "reason": "classification_below_threshold"}
[routing_node-6] [INFO] [1788453460.677444622] [routing_decision_node]: {"id": 4, "route": "bypass_reject", "confidence": 0.46901893615722656, "surface_class": "tread", "bbox": [145, 171, 195, 228], "reason": "classification_below_threshold"}
[routing_node-6] [INFO] [1788453460.715464592] [routing_decision_node]: {"id": 4, "route": "bypass_reject", "confidence": 0.4732467830181122, "surface_class": "tread", "bbox": [145, 171, 196, 227], "reason": "classification_below_threshold"}
[routing_node-6] [INFO] [1788453460.750465417] [routing_decision_node]: {"id": 4, "route": "recompounding_raw_material", "confidence": 0.9746713042259216, "surface_class": "tread", "bbox": [145, 171, 196, 227], "reason": "passenger:tread"}
[routing_node-6] [INFO] [1788453460.790334381] [routing_decision_node]: {"id": 4, "route": "recompounding_raw_material", "confidence": 0.9746713042259216, "surface_class": "tread", "bbox": [145, 171, 196, 227], "reason": "passenger:tread"}
[routing_node-6] [INFO] [1788453460.827481827] [routing_decision_node]: {"id": 4, "route": "recompounding_raw_material", "confidence": 0.9625462889671326, "surface_class": "tread", "bbox": [145, 171, 196, 227], "reason": "passenger:tread"}
[routing_node-6] [INFO] [1788453460.863497805] [routing_decision_node]: {"id": 4, "route": "recompounding_raw_material", "confidence": 0.9625462889671326, "surface_class": "tread", "bbox": [145, 170, 196, 226], "reason": "passenger:tread"}
[routing_node-6] [INFO] [1788453460.907556809] [routing_decision_node]: {"id": 4, "route": "recompounding_raw_material", "confidence": 0.9625462889671326, "surface_class": "tread", "bbox": [145, 170, 196, 226], "reason": "passenger:tread"}
[routing_node-6] [INFO] [1788453460.952089127] [routing_decision_node]: {"id": 5, "route": "recompounding_raw_material", "confidence": 0.976042628288269, "surface_class": "tread", "bbox": [145, 170, 196, 226], "reason": "passenger:tread"}
[routing_node-6] [INFO] [1788453460.995275220] [routing_decision_node]: {"id": 4, "route": "recompounding_raw_material", "confidence": 0.976042628288269, "surface_class": "tread", "bbox": [144, 170, 196, 226], "reason": "passenger:tread"}
[routing_node-6] [INFO] [1788453461.029319144] [routing_decision_node]: {"id": 4, "route": "recompounding_raw_material", "confidence": 0.9704566597938538, "surface_class": "tread", "bbox": [144, 170, 196, 226], "reason": "passenger:tread"}
[routing_node-6] [INFO] [1788453461.072589712] [routing_decision_node]: {"id": 4, "route": "recompounding_raw_material", "confidence": 0.9704566597938538, "surface_class": "tread", "bbox": [144, 170, 196, 226], "reason": "passenger:tread"}
[routing_node-6] [INFO] [1788453461.116557047] [routing_decision_node]: {"id": 4, "route": "recompounding_raw_material", "confidence": 0.9779325723648071, "surface_class": "tread", "bbox": [144, 169, 196, 225], "reason": "passenger:tread"}
[routing_node-6] [INFO] [1788453461.160323596] [routing_decision_node]: {"id": 4, "route": "recompounding_raw_material", "confidence": 0.9779325723648071, "surface_class": "tread", "bbox": [144, 169, 196, 225], "reason": "passenger:tread"}
[pbvs_controller-4] [INFO] [1788453461.160625358] [pbvs_controller_node]: fragments=1 eligible=1 reachable=0 locked=no
[routing_node-6] [INFO] [1788453461.207344475] [routing_decision_node]: {"id": 4, "route": "recompounding_raw_material", "confidence": 0.9779325723648071, "surface_class": "tread", "bbox": [144, 169, 196, 225], "reason": "passenger:tread"}
[routing_node-6] [INFO] [1788453461.245720625] [routing_decision_node]: {"id": 4, "route": "recompounding_raw_material", "confidence": 0.9655554890632629, "surface_class": "tread", "bbox": [144, 169, 196, 225], "reason": "passenger:tread"}
[routing_node-6] [INFO] [1788453461.285186096] [routing_decision_node]: {"id": 4, "route": "recompounding_raw_material", "confidence": 0.9655554890632629, "surface_class": "tread", "bbox": [144, 169, 196, 225], "reason": "passenger:tread"}
[routing_node-6] [INFO] [1788453461.319462072] [routing_decision_node]: {"id": 4, "route": "recompounding_raw_material", "confidence": 0.9746545553207397, "surface_class": "tread", "bbox": [144, 169, 196, 225], "reason": "passenger:tread"}
[routing_node-6] [INFO] [1788453461.362112767] [routing_decision_node]: {"id": 4, "route": "recompounding_raw_material", "confidence": 0.9746545553207397, "surface_class": "tread", "bbox": [144, 169, 197, 225], "reason": "passenger:tread"}
[routing_node-6] [INFO] [1788453461.403757797] [routing_decision_node]: {"id": 4, "route": "recompounding_raw_material", "confidence": 0.9746545553207397, "surface_class": "tread", "bbox": [144, 168, 197, 224], "reason": "passenger:tread"}
[routing_node-6] [INFO] [1788453461.443565457] [routing_decision_node]: {"id": 4, "route": "recompounding_raw_material", "confidence": 0.9584274888038635, "surface_class": "tread", "bbox": [143, 168, 197, 224], "reason": "passenger:tread"}
[routing_node-6] [INFO] [1788453461.486805744] [routing_decision_node]: {"id": 4, "route": "recompounding_raw_material", "confidence": 0.9584274888038635, "surface_class": "tread", "bbox": [143, 168, 197, 224], "reason": "passenger:tread"}
[routing_node-6] [INFO] [1788453461.527746070] [routing_decision_node]: {"id": 4, "route": "recompounding_raw_material", "confidence": 0.9856186509132385, "surface_class": "tread", "bbox": [143, 168, 196, 224], "reason": "passenger:tread"}
[routing_node-6] [INFO] [1788453461.571428462] [routing_decision_node]: {"id": 4, "route": "recompounding_raw_material", "confidence": 0.9856186509132385, "surface_class": "tread", "bbox": [143, 168, 197, 224], "reason": "passenger:tread"}
[routing_node-6] [INFO] [1788453461.607411584] [routing_decision_node]: {"id": 4, "route": "recompounding_raw_material", "confidence": 0.9856186509132385, "surface_class": "tread", "bbox": [143, 168, 197, 224], "reason": "passenger:tread"}
[routing_node-6] [INFO] [1788453461.643388915] [routing_decision_node]: {"id": 4, "route": "recompounding_raw_material", "confidence": 0.9667470455169678, "surface_class": "tread", "bbox": [143, 168, 197, 224], "reason": "passenger:tread"}
[routing_node-6] [INFO] [1788453461.679696071] [routing_decision_node]: {"id": 4, "route": "recompounding_raw_material", "confidence": 0.9667470455169678, "surface_class": "tread", "bbox": [143, 167, 197, 223], "reason": "passenger:tread"}
[routing_node-6] [INFO] [1788453461.722216001] [routing_decision_node]: {"id": 4, "route": "recompounding_raw_material", "confidence": 0.950546145439148, "surface_class": "tread", "bbox": [143, 167, 197, 223], "reason": "passenger:tread"}
[routing_node-6] [INFO] [1788453461.757765587] [routing_decision_node]: {"id": 4, "route": "recompounding_raw_material", "confidence": 0.950546145439148, "surface_class": "tread", "bbox": [143, 167, 197, 223], "reason": "passenger:tread"}
[routing_node-6] [INFO] [1788453461.800615713] [routing_decision_node]: {"id": 4, "route": "recompounding_raw_material", "confidence": 0.950546145439148, "surface_class": "tread", "bbox": [143, 167, 197, 223], "reason": "passenger:tread"}
[routing_node-6] [INFO] [1788453461.835347438] [routing_decision_node]: {"id": 4, "route": "recompounding_raw_material", "confidence": 0.9828282594680786, "surface_class": "tread", "bbox": [143, 167, 197, 223], "reason": "passenger:tread"}
[routing_node-6] [INFO] [1788453461.879023817] [routing_decision_node]: {"id": 4, "route": "recompounding_raw_material", "confidence": 0.9828282594680786, "surface_class": "tread", "bbox": [143, 167, 197, 223], "reason": "passenger:tread"}
[routing_node-6] [INFO] [1788453461.915036516] [routing_decision_node]: {"id": 4, "route": "recompounding_raw_material", "confidence": 0.9789583683013916, "surface_class": "tread", "bbox": [143, 166, 197, 223], "reason": "passenger:tread"}
[routing_node-6] [INFO] [1788453461.957611040] [routing_decision_node]: {"id": 4, "route": "recompounding_raw_material", "confidence": 0.9789583683013916, "surface_class": "tread", "bbox": [143, 166, 197, 222], "reason": "passenger:tread"}
[routing_node-6] [INFO] [1788453461.998269974] [routing_decision_node]: {"id": 4, "route": "recompounding_raw_material", "confidence": 0.9789583683013916, "surface_class": "tread", "bbox": [143, 166, 197, 222], "reason": "passenger:tread"}
[routing_node-6] [INFO] [1788453462.034252636] [routing_decision_node]: {"id": 4, "route": "recompounding_raw_material", "confidence": 0.9632207751274109, "surface_class": "tread", "bbox": [143, 166, 197, 222], "reason": "passenger:tread"}
[routing_node-6] [INFO] [1788453462.077379636] [routing_decision_node]: {"id": 4, "route": "recompounding_raw_material", "confidence": 0.9632207751274109, "surface_class": "tread", "bbox": [143, 166, 197, 222], "reason": "passenger:tread"}
[routing_node-6] [INFO] [1788453462.119559943] [routing_decision_node]: {"id": 4, "route": "recompounding_raw_material", "confidence": 0.9721260666847229, "surface_class": "tread", "bbox": [143, 166, 197, 222], "reason": "passenger:tread"}
[routing_node-6] [INFO] [1788453462.165468731] [routing_decision_node]: {"id": 4, "route": "recompounding_raw_material", "confidence": 0.9721260666847229, "surface_class": "tread", "bbox": [143, 165, 197, 222], "reason": "passenger:tread"}
[routing_node-6] [INFO] [1788453462.207179392] [routing_decision_node]: {"id": 4, "route": "recompounding_raw_material", "confidence": 0.9721260666847229, "surface_class": "tread", "bbox": [143, 165, 197, 221], "reason": "passenger:tread"}
[routing_node-6] [INFO] [1788453462.248800660] [routing_decision_node]: {"id": 4, "route": "recompounding_raw_material", "confidence": 0.9648732542991638, "surface_class": "tread", "bbox": [143, 165, 197, 221], "reason": "passenger:tread"}
[routing_node-6] [INFO] [1788453462.288163669] [routing_decision_node]: {"id": 4, "route": "recompounding_raw_material", "confidence": 0.9648732542991638, "surface_class": "tread", "bbox": [143, 165, 197, 221], "reason": "passenger:tread"}
[routing_node-6] [INFO] [1788453462.325432318] [routing_decision_node]: {"id": 4, "route": "recompounding_raw_material", "confidence": 0.9632735252380371, "surface_class": "tread", "bbox": [143, 165, 197, 221], "reason": "passenger:tread"}
[routing_node-6] [INFO] [1788453462.365479006] [routing_decision_node]: {"id": 4, "route": "recompounding_raw_material", "confidence": 0.9632735252380371, "surface_class": "tread", "bbox": [143, 165, 197, 221], "reason": "passenger:tread"}
[routing_node-6] [INFO] [1788453462.398822277] [routing_decision_node]: {"id": 4, "route": "recompounding_raw_material", "confidence": 0.9632735252380371, "surface_class": "tread", "bbox": [143, 165, 197, 221], "reason": "passenger:tread"}
[routing_node-6] [INFO] [1788453462.437533115] [routing_decision_node]: {"id": 4, "route": "recompounding_raw_material", "confidence": 0.9642053842544556, "surface_class": "tread", "bbox": [143, 164, 197, 221], "reason": "passenger:tread"}
[routing_node-6] [INFO] [1788453462.472759773] [routing_decision_node]: {"id": 4, "route": "recompounding_raw_material", "confidence": 0.9642053842544556, "surface_class": "tread", "bbox": [143, 164, 197, 220], "reason": "passenger:tread"}
[routing_node-6] [INFO] [1788453462.510433830] [routing_decision_node]: {"id": 4, "route": "recompounding_raw_material", "confidence": 0.9607864022254944, "surface_class": "tread", "bbox": [143, 164, 197, 220], "reason": "passenger:tread"}
[routing_node-6] [INFO] [1788453462.544730383] [routing_decision_node]: {"id": 4, "route": "recompounding_raw_material", "confidence": 0.9607864022254944, "surface_class": "tread", "bbox": [143, 164, 197, 220], "reason": "passenger:tread"}
[routing_node-6] [INFO] [1788453462.584363699] [routing_decision_node]: {"id": 4, "route": "recompounding_raw_material", "confidence": 0.9607864022254944, "surface_class": "tread", "bbox": [143, 164, 197, 220], "reason": "passenger:tread"}
[routing_node-6] [INFO] [1788453462.625369319] [routing_decision_node]: {"id": 4, "route": "recompounding_raw_material", "confidence": 0.9388174414634705, "surface_class": "tread", "bbox": [143, 164, 197, 220], "reason": "passenger:tread"}
[routing_node-6] [INFO] [1788453462.683692132] [routing_decision_node]: {"id": 4, "route": "recompounding_raw_material", "confidence": 0.9388174414634705, "surface_class": "tread", "bbox": [143, 164, 197, 238], "reason": "passenger:tread"}
[routing_node-6] [INFO] [1788453462.726149923] [routing_decision_node]: {"id": 4, "route": "recompounding_raw_material", "confidence": 0.9654133915901184, "surface_class": "tread", "bbox": [142, 163, 197, 238], "reason": "passenger:tread"}
[routing_node-6] [INFO] [1788453462.768279067] [routing_decision_node]: {"id": 4, "route": "recompounding_raw_material", "confidence": 0.9654133915901184, "surface_class": "tread", "bbox": [142, 163, 197, 238], "reason": "passenger:tread"}
[routing_node-6] [INFO] [1788453462.811188305] [routing_decision_node]: {"id": 4, "route": "recompounding_raw_material", "confidence": 0.9654133915901184, "surface_class": "tread", "bbox": [142, 163, 197, 235], "reason": "passenger:tread"}
[routing_node-6] [INFO] [1788453462.849830723] [routing_decision_node]: {"id": 4, "route": "recompounding_raw_material", "confidence": 0.9645560383796692, "surface_class": "tread", "bbox": [142, 163, 197, 233], "reason": "passenger:tread"}
[routing_node-6] [INFO] [1788453462.891755026] [routing_decision_node]: {"id": 4, "route": "recompounding_raw_material", "confidence": 0.9645560383796692, "surface_class": "tread", "bbox": [142, 163, 197, 231], "reason": "passenger:tread"}
[routing_node-6] [INFO] [1788453462.930288044] [routing_decision_node]: {"id": 4, "route": "recompounding_raw_material", "confidence": 0.9648603796958923, "surface_class": "tread", "bbox": [142, 163, 197, 230], "reason": "passenger:tread"}
[routing_node-6] [INFO] [1788453462.973305610] [routing_decision_node]: {"id": 3, "route": "recompounding_raw_material", "confidence": 0.9648603796958923, "surface_class": "tread", "bbox": [142, 162, 197, 230], "reason": "passenger:tread"}
[routing_node-6] [INFO] [1788453463.010340994] [routing_decision_node]: {"id": 4, "route": "recompounding_raw_material", "confidence": 0.9648603796958923, "surface_class": "tread", "bbox": [142, 162, 197, 230], "reason": "passenger:tread"}
[routing_node-6] [INFO] [1788453463.048281609] [routing_decision_node]: {"id": 4, "route": "recompounding_raw_material", "confidence": 0.9470679759979248, "surface_class": "tread", "bbox": [142, 162, 197, 230], "reason": "passenger:tread"}
[routing_node-6] [INFO] [1788453463.087761326] [routing_decision_node]: {"id": 4, "route": "recompounding_raw_material", "confidence": 0.9470679759979248, "surface_class": "tread", "bbox": [141, 162, 197, 231], "reason": "passenger:tread"}
[routing_node-6] [INFO] [1788453463.126835671] [routing_decision_node]: {"id": 4, "route": "recompounding_raw_material", "confidence": 0.9537574052810669, "surface_class": "tread", "bbox": [141, 162, 197, 231], "reason": "passenger:tread"}
[pbvs_controller-4] [INFO] [1788453463.168468562] [pbvs_controller_node]: fragments=2 eligible=1 reachable=0 locked=no
[routing_node-6] [INFO] [1788453463.168622043] [routing_decision_node]: {"id": 4, "route": "bypass_reject", "confidence": 0.5477727055549622, "surface_class": "tread", "bbox": [141, 162, 163, 199], "reason": "classification_below_threshold"}
[routing_node-6] [INFO] [1788453463.169305706] [routing_decision_node]: {"id": 5, "route": "recompounding_raw_material", "confidence": 0.9537574052810669, "surface_class": "tread", "bbox": [158, 183, 197, 230], "reason": "passenger:tread"}
[routing_node-6] [INFO] [1788453463.206868341] [routing_decision_node]: {"id": 3, "route": "bypass_reject", "confidence": 0.5477727055549622, "surface_class": "tread", "bbox": [141, 162, 163, 199], "reason": "classification_below_threshold"}
[routing_node-6] [INFO] [1788453463.250567950] [routing_decision_node]: {"id": 3, "route": "bypass_reject", "confidence": 0.5156691074371338, "surface_class": "tread", "bbox": [141, 161, 163, 199], "reason": "classification_below_threshold"}
[routing_node-6] [INFO] [1788453463.294500477] [routing_decision_node]: {"id": 3, "route": "bypass_reject", "confidence": 0.5156691074371338, "surface_class": "tread", "bbox": [141, 161, 163, 199], "reason": "classification_below_threshold"}
[routing_node-6] [INFO] [1788453463.335306796] [routing_decision_node]: {"id": 3, "route": "bypass_reject", "confidence": 0.5153530240058899, "surface_class": "tread", "bbox": [141, 161, 163, 199], "reason": "classification_below_threshold"}
[routing_node-6] [INFO] [1788453463.375097785] [routing_decision_node]: {"id": 4, "route": "bypass_reject", "confidence": 0.5153530240058899, "surface_class": "tread", "bbox": [140, 161, 163, 199], "reason": "classification_below_threshold"}
[routing_node-6] [INFO] [1788453463.420701031] [routing_decision_node]: {"id": 4, "route": "bypass_reject", "confidence": 0.48137757182121277, "surface_class": "tread", "bbox": [140, 161, 163, 198], "reason": "classification_below_threshold"}
[routing_node-6] [INFO] [1788453463.461990161] [routing_decision_node]: {"id": 3, "route": "bypass_reject", "confidence": 0.48137757182121277, "surface_class": "tread", "bbox": [140, 161, 162, 198], "reason": "classification_below_threshold"}
[routing_node-6] [INFO] [1788453463.495571540] [routing_decision_node]: {"id": 3, "route": "bypass_reject", "confidence": 0.48137757182121277, "surface_class": "tread", "bbox": [140, 160, 162, 198], "reason": "classification_below_threshold"}
[routing_node-6] [INFO] [1788453463.533472662] [routing_decision_node]: {"id": 3, "route": "bypass_reject", "confidence": 0.5576263666152954, "surface_class": "tread", "bbox": [140, 160, 162, 198], "reason": "classification_below_threshold"}
[routing_node-6] [INFO] [1788453463.569875207] [routing_decision_node]: {"id": 3, "route": "bypass_reject", "confidence": 0.5576263666152954, "surface_class": "tread", "bbox": [139, 160, 162, 198], "reason": "classification_below_threshold"}
[routing_node-6] [INFO] [1788453463.570279038] [routing_decision_node]: {"id": 4, "route": "recompounding_raw_material", "confidence": 0.9707769751548767, "surface_class": "sidewall", "bbox": [157, 1, 203, 238], "reason": "passenger:sidewall"}
[routing_node-6] [INFO] [1788453463.612655838] [routing_decision_node]: {"id": 3, "route": "bypass_reject", "confidence": 0.5576263666152954, "surface_class": "tread", "bbox": [139, 160, 162, 197], "reason": "classification_below_threshold"}
[routing_node-6] [INFO] [1788453463.613251940] [routing_decision_node]: {"id": 4, "route": "recompounding_raw_material", "confidence": 0.9707769751548767, "surface_class": "sidewall", "bbox": [157, 1, 203, 238], "reason": "passenger:sidewall"}
[routing_node-6] [INFO] [1788453463.653037094] [routing_decision_node]: {"id": 3, "route": "bypass_reject", "confidence": 0.6195834875106812, "surface_class": "tread", "bbox": [139, 160, 162, 197], "reason": "classification_below_threshold"}
[routing_node-6] [INFO] [1788453463.653407222] [routing_decision_node]: {"id": 4, "route": "recompounding_raw_material", "confidence": 0.9709154963493347, "surface_class": "sidewall", "bbox": [156, 1, 203, 238], "reason": "passenger:sidewall"}
[routing_node-6] [INFO] [1788453463.689865197] [routing_decision_node]: {"id": 3, "route": "bypass_reject", "confidence": 0.6195834875106812, "surface_class": "tread", "bbox": [139, 160, 162, 197], "reason": "classification_below_threshold"}
[routing_node-6] [INFO] [1788453463.690351971] [routing_decision_node]: {"id": 4, "route": "recompounding_raw_material", "confidence": 0.9709154963493347, "surface_class": "tread", "bbox": [156, 179, 197, 228], "reason": "passenger:tread"}
[routing_node-6] [INFO] [1788453463.726677845] [routing_decision_node]: {"id": 3, "route": "bypass_reject", "confidence": 0.5379231572151184, "surface_class": "tread", "bbox": [139, 159, 162, 197], "reason": "classification_below_threshold"}
[routing_node-6] [INFO] [1788453463.727190196] [routing_decision_node]: {"id": 4, "route": "recompounding_raw_material", "confidence": 0.9881923794746399, "surface_class": "tread", "bbox": [157, 179, 197, 228], "reason": "passenger:tread"}
[routing_node-6] [INFO] [1788453463.769037329] [routing_decision_node]: {"id": 3, "route": "bypass_reject", "confidence": 0.5379231572151184, "surface_class": "tread", "bbox": [139, 159, 162, 197], "reason": "classification_below_threshold"}
[routing_node-6] [INFO] [1788453463.770047815] [routing_decision_node]: {"id": 4, "route": "recompounding_raw_material", "confidence": 0.9881923794746399, "surface_class": "tread", "bbox": [157, 179, 197, 229], "reason": "passenger:tread"}
[routing_node-6] [INFO] [1788453463.812939813] [routing_decision_node]: {"id": 3, "route": "bypass_reject", "confidence": 0.408220499753952, "surface_class": "tread", "bbox": [139, 159, 162, 197], "reason": "classification_below_threshold"}
[routing_node-6] [INFO] [1788453463.814615944] [routing_decision_node]: {"id": 4, "route": "recompounding_raw_material", "confidence": 0.9781686663627625, "surface_class": "tread", "bbox": [156, 179, 197, 228], "reason": "passenger:tread"}
[routing_node-6] [INFO] [1788453463.849599933] [routing_decision_node]: {"id": 3, "route": "bypass_reject", "confidence": 0.408220499753952, "surface_class": "tread", "bbox": [139, 159, 161, 197], "reason": "classification_below_threshold"}
[routing_node-6] [INFO] [1788453463.850593505] [routing_decision_node]: {"id": 4, "route": "recompounding_raw_material", "confidence": 0.9781686663627625, "surface_class": "tread", "bbox": [156, 178, 197, 228], "reason": "passenger:tread"}
[routing_node-6] [INFO] [1788453463.892202086] [routing_decision_node]: {"id": 3, "route": "bypass_reject", "confidence": 0.408220499753952, "surface_class": "tread", "bbox": [139, 159, 161, 196], "reason": "classification_below_threshold"}
[routing_node-6] [INFO] [1788453463.892611373] [routing_decision_node]: {"id": 4, "route": "recompounding_raw_material", "confidence": 0.9781686663627625, "surface_class": "tread", "bbox": [156, 178, 197, 228], "reason": "passenger:tread"}
[routing_node-6] [INFO] [1788453463.934293538] [routing_decision_node]: {"id": 3, "route": "bypass_reject", "confidence": 0.5031952857971191, "surface_class": "tread", "bbox": [139, 159, 162, 196], "reason": "classification_below_threshold"}
[routing_node-6] [INFO] [1788453463.935475486] [routing_decision_node]: {"id": 4, "route": "recompounding_raw_material", "confidence": 0.971455454826355, "surface_class": "tread", "bbox": [156, 178, 197, 227], "reason": "passenger:tread"}
[routing_node-6] [INFO] [1788453463.979672283] [routing_decision_node]: {"id": 3, "route": "bypass_reject", "confidence": 0.5031952857971191, "surface_class": "tread", "bbox": [139, 159, 162, 196], "reason": "classification_below_threshold"}
[routing_node-6] [INFO] [1788453463.980185803] [routing_decision_node]: {"id": 4, "route": "recompounding_raw_material", "confidence": 0.971455454826355, "surface_class": "tread", "bbox": [157, 178, 197, 227], "reason": "passenger:tread"}
[routing_node-6] [INFO] [1788453464.022700404] [routing_decision_node]: {"id": 3, "route": "bypass_reject", "confidence": 0.4595586061477661, "surface_class": "tread", "bbox": [139, 158, 162, 196], "reason": "classification_below_threshold"}
[routing_node-6] [INFO] [1788453464.023801702] [routing_decision_node]: {"id": 4, "route": "recompounding_raw_material", "confidence": 0.9776284098625183, "surface_class": "tread", "bbox": [157, 178, 197, 227], "reason": "passenger:tread"}
[routing_node-6] [INFO] [1788453464.063587529] [routing_decision_node]: {"id": 3, "route": "bypass_reject", "confidence": 0.4595586061477661, "surface_class": "tread", "bbox": [139, 158, 162, 196], "reason": "classification_below_threshold"}
[routing_node-6] [INFO] [1788453464.064069762] [routing_decision_node]: {"id": 4, "route": "recompounding_raw_material", "confidence": 0.9776284098625183, "surface_class": "tread", "bbox": [157, 178, 197, 227], "reason": "passenger:tread"}
[routing_node-6] [INFO] [1788453464.107802360] [routing_decision_node]: {"id": 3, "route": "bypass_reject", "confidence": 0.4595586061477661, "surface_class": "tread", "bbox": [139, 158, 162, 196], "reason": "classification_below_threshold"}
[routing_node-6] [INFO] [1788453464.108280129] [routing_decision_node]: {"id": 4, "route": "recompounding_raw_material", "confidence": 0.9776284098625183, "surface_class": "tread", "bbox": [156, 177, 197, 227], "reason": "passenger:tread"}
[routing_node-6] [INFO] [1788453464.144614177] [routing_decision_node]: {"id": 3, "route": "bypass_reject", "confidence": 0.49670857191085815, "surface_class": "tread", "bbox": [139, 158, 161, 196], "reason": "classification_below_threshold"}
[routing_node-6] [INFO] [1788453464.145040436] [routing_decision_node]: {"id": 4, "route": "recompounding_raw_material", "confidence": 0.9586798548698425, "surface_class": "tread", "bbox": [156, 177, 197, 227], "reason": "passenger:tread"}
[routing_node-6] [INFO] [1788453464.181871938] [routing_decision_node]: {"id": 3, "route": "bypass_reject", "confidence": 0.49670857191085815, "surface_class": "tread", "bbox": [139, 158, 161, 195], "reason": "classification_below_threshold"}
[routing_node-6] [INFO] [1788453464.182489360] [routing_decision_node]: {"id": 4, "route": "recompounding_raw_material", "confidence": 0.9586798548698425, "surface_class": "tread", "bbox": [156, 177, 197, 227], "reason": "passenger:tread"}
[routing_node-6] [INFO] [1788453464.219986016] [routing_decision_node]: {"id": 3, "route": "bypass_reject", "confidence": 0.5060344934463501, "surface_class": "tread", "bbox": [139, 158, 162, 195], "reason": "classification_below_threshold"}
[routing_node-6] [INFO] [1788453464.220769973] [routing_decision_node]: {"id": 4, "route": "recompounding_raw_material", "confidence": 0.9834396243095398, "surface_class": "tread", "bbox": [156, 177, 197, 226], "reason": "passenger:tread"}
[routing_node-6] [INFO] [1788453464.260710400] [routing_decision_node]: {"id": 3, "route": "bypass_reject", "confidence": 0.5060344934463501, "surface_class": "tread", "bbox": [139, 158, 162, 195], "reason": "classification_below_threshold"}
[routing_node-6] [INFO] [1788453464.261567076] [routing_decision_node]: {"id": 4, "route": "recompounding_raw_material", "confidence": 0.9834396243095398, "surface_class": "tread", "bbox": [156, 177, 197, 226], "reason": "passenger:tread"}
[routing_node-6] [INFO] [1788453464.301062218] [routing_decision_node]: {"id": 3, "route": "bypass_reject", "confidence": 0.5060344934463501, "surface_class": "tread", "bbox": [139, 157, 162, 195], "reason": "classification_below_threshold"}
[routing_node-6] [INFO] [1788453464.302121443] [routing_decision_node]: {"id": 4, "route": "recompounding_raw_material", "confidence": 0.9834396243095398, "surface_class": "tread", "bbox": [157, 177, 197, 226], "reason": "passenger:tread"}
[routing_node-6] [INFO] [1788453464.345710582] [routing_decision_node]: {"id": 3, "route": "bypass_reject", "confidence": 0.44082170724868774, "surface_class": "tread", "bbox": [139, 157, 162, 195], "reason": "classification_below_threshold"}
[routing_node-6] [INFO] [1788453464.346202667] [routing_decision_node]: {"id": 4, "route": "recompounding_raw_material", "confidence": 0.9411555528640747, "surface_class": "tread", "bbox": [157, 177, 197, 226], "reason": "passenger:tread"}
[routing_node-6] [INFO] [1788453464.382422939] [routing_decision_node]: {"id": 3, "route": "bypass_reject", "confidence": 0.44082170724868774, "surface_class": "tread", "bbox": [139, 157, 162, 195], "reason": "classification_below_threshold"}
[routing_node-6] [INFO] [1788453464.382936673] [routing_decision_node]: {"id": 4, "route": "recompounding_raw_material", "confidence": 0.9411555528640747, "surface_class": "tread", "bbox": [156, 176, 197, 226], "reason": "passenger:tread"}
[routing_node-6] [INFO] [1788453464.422209358] [routing_decision_node]: {"id": 3, "route": "bypass_reject", "confidence": 0.5223270058631897, "surface_class": "tread", "bbox": [139, 157, 161, 195], "reason": "classification_below_threshold"}
[routing_node-6] [INFO] [1788453464.422715637] [routing_decision_node]: {"id": 4, "route": "recompounding_raw_material", "confidence": 0.9746672511100769, "surface_class": "tread", "bbox": [156, 176, 197, 226], "reason": "passenger:tread"}
[routing_node-6] [INFO] [1788453464.466021521] [routing_decision_node]: {"id": 3, "route": "bypass_reject", "confidence": 0.5223270058631897, "surface_class": "tread", "bbox": [139, 157, 161, 194], "reason": "classification_below_threshold"}
[routing_node-6] [INFO] [1788453464.466622724] [routing_decision_node]: {"id": 4, "route": "recompounding_raw_material", "confidence": 0.9746672511100769, "surface_class": "tread", "bbox": [156, 176, 197, 226], "reason": "passenger:tread"}
[routing_node-6] [INFO] [1788453464.502544210] [routing_decision_node]: {"id": 3, "route": "bypass_reject", "confidence": 0.5223270058631897, "surface_class": "tread", "bbox": [139, 157, 162, 194], "reason": "classification_below_threshold"}
[routing_node-6] [INFO] [1788453464.502936893] [routing_decision_node]: {"id": 4, "route": "recompounding_raw_material", "confidence": 0.9746672511100769, "surface_class": "tread", "bbox": [156, 176, 197, 225], "reason": "passenger:tread"}
[routing_node-6] [INFO] [1788453464.543190254] [routing_decision_node]: {"id": 3, "route": "bypass_reject", "confidence": 0.44939401745796204, "surface_class": "tread", "bbox": [139, 157, 162, 194], "reason": "classification_below_threshold"}
[routing_node-6] [INFO] [1788453464.543523528] [routing_decision_node]: {"id": 4, "route": "recompounding_raw_material", "confidence": 0.9841465353965759, "surface_class": "tread", "bbox": [156, 176, 197, 225], "reason": "passenger:tread"}
[routing_node-6] [INFO] [1788453464.587488937] [routing_decision_node]: {"id": 3, "route": "bypass_reject", "confidence": 0.44939401745796204, "surface_class": "tread", "bbox": [139, 156, 162, 194], "reason": "classification_below_threshold"}
[routing_node-6] [INFO] [1788453464.587874685] [routing_decision_node]: {"id": 4, "route": "recompounding_raw_material", "confidence": 0.9841465353965759, "surface_class": "tread", "bbox": [157, 176, 197, 225], "reason": "passenger:tread"}
[routing_node-6] [INFO] [1788453464.631377999] [routing_decision_node]: {"id": 3, "route": "bypass_reject", "confidence": 0.4557439982891083, "surface_class": "tread", "bbox": [139, 156, 162, 194], "reason": "classification_below_threshold"}
[routing_node-6] [INFO] [1788453464.631944471] [routing_decision_node]: {"id": 4, "route": "recompounding_raw_material", "confidence": 0.9795638918876648, "surface_class": "tread", "bbox": [157, 176, 197, 225], "reason": "passenger:tread"}
[routing_node-6] [INFO] [1788453464.670790381] [routing_decision_node]: {"id": 3, "route": "bypass_reject", "confidence": 0.4557439982891083, "surface_class": "tread", "bbox": [139, 156, 162, 194], "reason": "classification_below_threshold"}
[routing_node-6] [INFO] [1788453464.671176742] [routing_decision_node]: {"id": 4, "route": "recompounding_raw_material", "confidence": 0.9795638918876648, "surface_class": "tread", "bbox": [157, 175, 197, 225], "reason": "passenger:tread"}
[routing_node-6] [INFO] [1788453464.715379285] [routing_decision_node]: {"id": 3, "route": "bypass_reject", "confidence": 0.42783117294311523, "surface_class": "tread", "bbox": [139, 156, 161, 194], "reason": "classification_below_threshold"}
[routing_node-6] [INFO] [1788453464.716264256] [routing_decision_node]: {"id": 4, "route": "recompounding_raw_material", "confidence": 0.9679366946220398, "surface_class": "tread", "bbox": [156, 175, 197, 225], "reason": "passenger:tread"}
[routing_node-6] [INFO] [1788453464.756579092] [routing_decision_node]: {"id": 3, "route": "bypass_reject", "confidence": 0.42783117294311523, "surface_class": "tread", "bbox": [139, 156, 161, 193], "reason": "classification_below_threshold"}
[routing_node-6] [INFO] [1788453464.757922849] [routing_decision_node]: {"id": 4, "route": "recompounding_raw_material", "confidence": 0.9679366946220398, "surface_class": "tread", "bbox": [156, 175, 197, 225], "reason": "passenger:tread"}
[routing_node-6] [INFO] [1788453464.792507484] [routing_decision_node]: {"id": 3, "route": "bypass_reject", "confidence": 0.42783117294311523, "surface_class": "tread", "bbox": [139, 156, 162, 193], "reason": "classification_below_threshold"}
[routing_node-6] [INFO] [1788453464.792923956] [routing_decision_node]: {"id": 4, "route": "recompounding_raw_material", "confidence": 0.9679366946220398, "surface_class": "tread", "bbox": [156, 175, 197, 224], "reason": "passenger:tread"}
[routing_node-6] [INFO] [1788453464.828170112] [routing_decision_node]: {"id": 3, "route": "bypass_reject", "confidence": 0.46369922161102295, "surface_class": "tread", "bbox": [139, 156, 162, 193], "reason": "classification_below_threshold"}
[routing_node-6] [INFO] [1788453464.830543864] [routing_decision_node]: {"id": 4, "route": "recompounding_raw_material", "confidence": 0.9842639565467834, "surface_class": "tread", "bbox": [156, 175, 197, 224], "reason": "passenger:tread"}
[routing_node-6] [INFO] [1788453464.874319548] [routing_decision_node]: {"id": 3, "route": "bypass_reject", "confidence": 0.46369922161102295, "surface_class": "tread", "bbox": [139, 155, 162, 193], "reason": "classification_below_threshold"}
[routing_node-6] [INFO] [1788453464.874732885] [routing_decision_node]: {"id": 4, "route": "recompounding_raw_material", "confidence": 0.9842639565467834, "surface_class": "tread", "bbox": [157, 175, 197, 224], "reason": "passenger:tread"}
[routing_node-6] [INFO] [1788453464.910483864] [routing_decision_node]: {"id": 3, "route": "bypass_reject", "confidence": 0.46369922161102295, "surface_class": "tread", "bbox": [139, 155, 162, 193], "reason": "classification_below_threshold"}
[routing_node-6] [INFO] [1788453464.912393297] [routing_decision_node]: {"id": 4, "route": "recompounding_raw_material", "confidence": 0.9842639565467834, "surface_class": "tread", "bbox": [157, 175, 197, 224], "reason": "passenger:tread"}
[routing_node-6] [INFO] [1788453464.953539744] [routing_decision_node]: {"id": 3, "route": "bypass_reject", "confidence": 0.4428132474422455, "surface_class": "tread", "bbox": [139, 155, 162, 193], "reason": "classification_below_threshold"}
[routing_node-6] [INFO] [1788453464.954228639] [routing_decision_node]: {"id": 4, "route": "recompounding_raw_material", "confidence": 0.9717175364494324, "surface_class": "tread", "bbox": [157, 174, 197, 224], "reason": "passenger:tread"}
[routing_node-6] [INFO] [1788453464.992217068] [routing_decision_node]: {"id": 3, "route": "bypass_reject", "confidence": 0.4428132474422455, "surface_class": "tread", "bbox": [139, 155, 161, 193], "reason": "classification_below_threshold"}
[routing_node-6] [INFO] [1788453464.992685731] [routing_decision_node]: {"id": 4, "route": "recompounding_raw_material", "confidence": 0.9717175364494324, "surface_class": "tread", "bbox": [156, 174, 197, 224], "reason": "passenger:tread"}
[routing_node-6] [INFO] [1788453465.030132931] [routing_decision_node]: {"id": 3, "route": "bypass_reject", "confidence": 0.5632926225662231, "surface_class": "tread", "bbox": [139, 155, 161, 192], "reason": "classification_below_threshold"}
[routing_node-6] [INFO] [1788453465.030521158] [routing_decision_node]: {"id": 4, "route": "recompounding_raw_material", "confidence": 0.9756405353546143, "surface_class": "tread", "bbox": [156, 174, 197, 224], "reason": "passenger:tread"}
[routing_node-6] [INFO] [1788453465.067135912] [routing_decision_node]: {"id": 3, "route": "bypass_reject", "confidence": 0.5632926225662231, "surface_class": "tread", "bbox": [139, 155, 162, 192], "reason": "classification_below_threshold"}
[routing_node-6] [INFO] [1788453465.067709687] [routing_decision_node]: {"id": 4, "route": "recompounding_raw_material", "confidence": 0.9756405353546143, "surface_class": "tread", "bbox": [156, 174, 197, 223], "reason": "passenger:tread"}
[routing_node-6] [INFO] [1788453465.112640118] [routing_decision_node]: {"id": 3, "route": "bypass_reject", "confidence": 0.5632926225662231, "surface_class": "tread", "bbox": [139, 155, 162, 192], "reason": "classification_below_threshold"}
[routing_node-6] [INFO] [1788453465.113710006] [routing_decision_node]: {"id": 4, "route": "recompounding_raw_material", "confidence": 0.9756405353546143, "surface_class": "tread", "bbox": [156, 174, 197, 223], "reason": "passenger:tread"}
[routing_node-6] [INFO] [1788453465.158420814] [routing_decision_node]: {"id": 3, "route": "bypass_reject", "confidence": 0.4624801278114319, "surface_class": "tread", "bbox": [139, 154, 162, 192], "reason": "classification_below_threshold"}
[routing_node-6] [INFO] [1788453465.159034193] [routing_decision_node]: {"id": 4, "route": "recompounding_raw_material", "confidence": 0.9724074602127075, "surface_class": "tread", "bbox": [157, 174, 197, 223], "reason": "passenger:tread"}
[routing_node-6] [INFO] [1788453465.204173782] [routing_decision_node]: {"id": 3, "route": "bypass_reject", "confidence": 0.4624801278114319, "surface_class": "tread", "bbox": [139, 154, 162, 192], "reason": "classification_below_threshold"}
[pbvs_controller-4] [INFO] [1788453465.204251092] [pbvs_controller_node]: fragments=2 eligible=1 reachable=0 locked=no
[routing_node-6] [INFO] [1788453465.204574058] [routing_decision_node]: {"id": 4, "route": "recompounding_raw_material", "confidence": 0.9724074602127075, "surface_class": "tread", "bbox": [157, 174, 197, 223], "reason": "passenger:tread"}
[routing_node-6] [INFO] [1788453465.246879594] [routing_decision_node]: {"id": 3, "route": "bypass_reject", "confidence": 0.48583027720451355, "surface_class": "tread", "bbox": [139, 154, 162, 192], "reason": "classification_below_threshold"}
[routing_node-6] [INFO] [1788453465.247384509] [routing_decision_node]: {"id": 4, "route": "recompounding_raw_material", "confidence": 0.9596238732337952, "surface_class": "tread", "bbox": [157, 173, 197, 223], "reason": "passenger:tread"}
[routing_node-6] [INFO] [1788453465.280497337] [routing_decision_node]: {"id": 3, "route": "bypass_reject", "confidence": 0.48583027720451355, "surface_class": "tread", "bbox": [139, 154, 161, 191], "reason": "classification_below_threshold"}
[routing_node-6] [INFO] [1788453465.282456019] [routing_decision_node]: {"id": 4, "route": "recompounding_raw_material", "confidence": 0.9596238732337952, "surface_class": "tread", "bbox": [156, 173, 197, 223], "reason": "passenger:tread"}
[routing_node-6] [INFO] [1788453465.321389569] [routing_decision_node]: {"id": 3, "route": "bypass_reject", "confidence": 0.5805274248123169, "surface_class": "tread", "bbox": [139, 154, 161, 191], "reason": "classification_below_threshold"}
[routing_node-6] [INFO] [1788453465.322048752] [routing_decision_node]: {"id": 4, "route": "recompounding_raw_material", "confidence": 0.9779024720191956, "surface_class": "tread", "bbox": [156, 173, 197, 223], "reason": "passenger:tread"}
[routing_node-6] [INFO] [1788453465.361883662] [routing_decision_node]: {"id": 3, "route": "bypass_reject", "confidence": 0.5805274248123169, "surface_class": "tread", "bbox": [139, 154, 162, 191], "reason": "classification_below_threshold"}
[routing_node-6] [INFO] [1788453465.362420365] [routing_decision_node]: {"id": 4, "route": "recompounding_raw_material", "confidence": 0.9779024720191956, "surface_class": "tread", "bbox": [156, 173, 197, 223], "reason": "passenger:tread"}
[routing_node-6] [INFO] [1788453465.406103760] [routing_decision_node]: {"id": 3, "route": "bypass_reject", "confidence": 0.5805274248123169, "surface_class": "tread", "bbox": [139, 154, 162, 191], "reason": "classification_below_threshold"}
[routing_node-6] [INFO] [1788453465.406680856] [routing_decision_node]: {"id": 4, "route": "recompounding_raw_material", "confidence": 0.9779024720191956, "surface_class": "tread", "bbox": [156, 173, 197, 222], "reason": "passenger:tread"}
[routing_node-6] [INFO] [1788453465.447230793] [routing_decision_node]: {"id": 3, "route": "bypass_reject", "confidence": 0.4852221608161926, "surface_class": "tread", "bbox": [139, 153, 162, 191], "reason": "classification_below_threshold"}
[routing_node-6] [INFO] [1788453465.449243269] [routing_decision_node]: {"id": 4, "route": "recompounding_raw_material", "confidence": 0.9245625734329224, "surface_class": "tread", "bbox": [157, 173, 197, 222], "reason": "passenger:tread"}
[routing_node-6] [INFO] [1788453465.488732479] [routing_decision_node]: {"id": 3, "route": "bypass_reject", "confidence": 0.4852221608161926, "surface_class": "tread", "bbox": [139, 153, 162, 191], "reason": "classification_below_threshold"}
[routing_node-6] [INFO] [1788453465.489246966] [routing_decision_node]: {"id": 4, "route": "recompounding_raw_material", "confidence": 0.9245625734329224, "surface_class": "tread", "bbox": [157, 173, 197, 222], "reason": "passenger:tread"}
[routing_node-6] [INFO] [1788453465.528070524] [routing_decision_node]: {"id": 3, "route": "bypass_reject", "confidence": 0.6374704241752625, "surface_class": "tread", "bbox": [139, 153, 162, 191], "reason": "classification_below_threshold"}
[routing_node-6] [INFO] [1788453465.529130781] [routing_decision_node]: {"id": 4, "route": "recompounding_raw_material", "confidence": 0.9513554573059082, "surface_class": "tread", "bbox": [157, 172, 197, 222], "reason": "passenger:tread"}
[routing_node-6] [INFO] [1788453465.574680620] [routing_decision_node]: {"id": 3, "route": "bypass_reject", "confidence": 0.6374704241752625, "surface_class": "tread", "bbox": [139, 153, 161, 190], "reason": "classification_below_threshold"}
[routing_node-6] [INFO] [1788453465.575099168] [routing_decision_node]: {"id": 4, "route": "recompounding_raw_material", "confidence": 0.9513554573059082, "surface_class": "tread", "bbox": [157, 172, 197, 222], "reason": "passenger:tread"}
[routing_node-6] [INFO] [1788453465.619211942] [routing_decision_node]: {"id": 3, "route": "bypass_reject", "confidence": 0.6035744547843933, "surface_class": "tread", "bbox": [139, 153, 161, 190], "reason": "classification_below_threshold"}
[routing_node-6] [INFO] [1788453465.619775297] [routing_decision_node]: {"id": 4, "route": "recompounding_raw_material", "confidence": 0.9648147821426392, "surface_class": "tread", "bbox": [156, 172, 197, 222], "reason": "passenger:tread"}
[routing_node-6] [INFO] [1788453465.662706823] [routing_decision_node]: {"id": 3, "route": "bypass_reject", "confidence": 0.6035744547843933, "surface_class": "tread", "bbox": [139, 153, 162, 190], "reason": "classification_below_threshold"}
[routing_node-6] [INFO] [1788453465.663951685] [routing_decision_node]: {"id": 4, "route": "recompounding_raw_material", "confidence": 0.9648147821426392, "surface_class": "tread", "bbox": [156, 172, 197, 222], "reason": "passenger:tread"}
[routing_node-6] [INFO] [1788453465.706138672] [routing_decision_node]: {"id": 3, "route": "bypass_reject", "confidence": 0.6035744547843933, "surface_class": "tread", "bbox": [139, 153, 162, 190], "reason": "classification_below_threshold"}
[routing_node-6] [INFO] [1788453465.707589659] [routing_decision_node]: {"id": 4, "route": "recompounding_raw_material", "confidence": 0.9648147821426392, "surface_class": "tread", "bbox": [156, 172, 197, 221], "reason": "passenger:tread"}
[routing_node-6] [INFO] [1788453465.745696048] [routing_decision_node]: {"id": 3, "route": "bypass_reject", "confidence": 0.5814297795295715, "surface_class": "tread", "bbox": [139, 152, 162, 190], "reason": "classification_below_threshold"}
[routing_node-6] [INFO] [1788453465.748363561] [routing_decision_node]: {"id": 4, "route": "recompounding_raw_material", "confidence": 0.9588438272476196, "surface_class": "tread", "bbox": [157, 172, 197, 221], "reason": "passenger:tread"}
[routing_node-6] [INFO] [1788453465.788274910] [routing_decision_node]: {"id": 3, "route": "bypass_reject", "confidence": 0.5814297795295715, "surface_class": "tread", "bbox": [139, 152, 162, 190], "reason": "classification_below_threshold"}
[routing_node-6] [INFO] [1788453465.788899130] [routing_decision_node]: {"id": 4, "route": "recompounding_raw_material", "confidence": 0.9588438272476196, "surface_class": "tread", "bbox": [157, 172, 197, 221], "reason": "passenger:tread"}
[routing_node-6] [INFO] [1788453465.830062786] [routing_decision_node]: {"id": 3, "route": "bypass_reject", "confidence": 0.46501055359840393, "surface_class": "tread", "bbox": [139, 152, 162, 190], "reason": "classification_below_threshold"}
[routing_node-6] [INFO] [1788453465.832380616] [routing_decision_node]: {"id": 4, "route": "recompounding_raw_material", "confidence": 0.9718377590179443, "surface_class": "tread", "bbox": [157, 171, 197, 221], "reason": "passenger:tread"}
[routing_node-6] [INFO] [1788453465.877295015] [routing_decision_node]: {"id": 3, "route": "bypass_reject", "confidence": 0.46501055359840393, "surface_class": "tread", "bbox": [139, 152, 161, 189], "reason": "classification_below_threshold"}
[routing_node-6] [INFO] [1788453465.878515901] [routing_decision_node]: {"id": 4, "route": "recompounding_raw_material", "confidence": 0.9718377590179443, "surface_class": "tread", "bbox": [157, 171, 197, 221], "reason": "passenger:tread"}
[routing_node-6] [INFO] [1788453465.917049733] [routing_decision_node]: {"id": 3, "route": "bypass_reject", "confidence": 0.5416080951690674, "surface_class": "tread", "bbox": [139, 152, 161, 189], "reason": "classification_below_threshold"}
[routing_node-6] [INFO] [1788453465.917503310] [routing_decision_node]: {"id": 4, "route": "recompounding_raw_material", "confidence": 0.9172462821006775, "surface_class": "tread", "bbox": [156, 171, 197, 221], "reason": "passenger:tread"}
[routing_node-6] [INFO] [1788453465.960233225] [routing_decision_node]: {"id": 3, "route": "bypass_reject", "confidence": 0.5416080951690674, "surface_class": "tread", "bbox": [139, 152, 162, 189], "reason": "classification_below_threshold"}
[routing_node-6] [INFO] [1788453465.961638520] [routing_decision_node]: {"id": 4, "route": "recompounding_raw_material", "confidence": 0.9172462821006775, "surface_class": "tread", "bbox": [156, 171, 197, 221], "reason": "passenger:tread"}
[routing_node-6] [INFO] [1788453466.002177566] [routing_decision_node]: {"id": 3, "route": "bypass_reject", "confidence": 0.5416080951690674, "surface_class": "tread", "bbox": [139, 152, 162, 189], "reason": "classification_below_threshold"}
[routing_node-6] [INFO] [1788453466.004986951] [routing_decision_node]: {"id": 4, "route": "recompounding_raw_material", "confidence": 0.9172462821006775, "surface_class": "tread", "bbox": [156, 171, 197, 220], "reason": "passenger:tread"}
[routing_node-6] [INFO] [1788453466.042218584] [routing_decision_node]: {"id": 3, "route": "bypass_reject", "confidence": 0.606184184551239, "surface_class": "tread", "bbox": [139, 151, 162, 189], "reason": "classification_below_threshold"}
[routing_node-6] [INFO] [1788453466.044227677] [routing_decision_node]: {"id": 4, "route": "recompounding_raw_material", "confidence": 0.9605138301849365, "surface_class": "tread", "bbox": [157, 171, 197, 220], "reason": "passenger:tread"}
[routing_node-6] [INFO] [1788453466.087307856] [routing_decision_node]: {"id": 3, "route": "bypass_reject", "confidence": 0.606184184551239, "surface_class": "tread", "bbox": [139, 151, 162, 189], "reason": "classification_below_threshold"}
[routing_node-6] [INFO] [1788453466.088259760] [routing_decision_node]: {"id": 4, "route": "recompounding_raw_material", "confidence": 0.9605138301849365, "surface_class": "tread", "bbox": [157, 171, 197, 220], "reason": "passenger:tread"}
[routing_node-6] [INFO] [1788453466.130538190] [routing_decision_node]: {"id": 3, "route": "bypass_reject", "confidence": 0.4659193754196167, "surface_class": "tread", "bbox": [139, 151, 162, 189], "reason": "classification_below_threshold"}
[routing_node-6] [INFO] [1788453466.132115434] [routing_decision_node]: {"id": 4, "route": "recompounding_raw_material", "confidence": 0.969051718711853, "surface_class": "tread", "bbox": [157, 170, 197, 220], "reason": "passenger:tread"}
[routing_node-6] [INFO] [1788453466.178880844] [routing_decision_node]: {"id": 3, "route": "bypass_reject", "confidence": 0.4659193754196167, "surface_class": "tread", "bbox": [139, 151, 161, 188], "reason": "classification_below_threshold"}
[routing_node-6] [INFO] [1788453466.179508391] [routing_decision_node]: {"id": 4, "route": "recompounding_raw_material", "confidence": 0.969051718711853, "surface_class": "tread", "bbox": [157, 170, 197, 220], "reason": "passenger:tread"}
[routing_node-6] [INFO] [1788453466.219117590] [routing_decision_node]: {"id": 3, "route": "bypass_reject", "confidence": 0.48855531215667725, "surface_class": "tread", "bbox": [139, 151, 161, 188], "reason": "classification_below_threshold"}
[routing_node-6] [INFO] [1788453466.219807075] [routing_decision_node]: {"id": 4, "route": "recompounding_raw_material", "confidence": 0.9754669666290283, "surface_class": "tread", "bbox": [156, 170, 197, 220], "reason": "passenger:tread"}
[routing_node-6] [INFO] [1788453466.258595348] [routing_decision_node]: {"id": 3, "route": "bypass_reject", "confidence": 0.48855531215667725, "surface_class": "tread", "bbox": [139, 151, 162, 188], "reason": "classification_below_threshold"}
[routing_node-6] [INFO] [1788453466.259568846] [routing_decision_node]: {"id": 4, "route": "recompounding_raw_material", "confidence": 0.9754669666290283, "surface_class": "tread", "bbox": [156, 170, 197, 220], "reason": "passenger:tread"}
[routing_node-6] [INFO] [1788453466.299410283] [routing_decision_node]: {"id": 3, "route": "bypass_reject", "confidence": 0.48855531215667725, "surface_class": "tread", "bbox": [139, 151, 162, 188], "reason": "classification_below_threshold"}
[routing_node-6] [INFO] [1788453466.300854893] [routing_decision_node]: {"id": 4, "route": "recompounding_raw_material", "confidence": 0.9754669666290283, "surface_class": "tread", "bbox": [156, 170, 197, 219], "reason": "passenger:tread"}
[routing_node-6] [INFO] [1788453466.343108459] [routing_decision_node]: {"id": 3, "route": "bypass_reject", "confidence": 0.46292558312416077, "surface_class": "tread", "bbox": [139, 150, 162, 188], "reason": "classification_below_threshold"}
[routing_node-6] [INFO] [1788453466.343628529] [routing_decision_node]: {"id": 4, "route": "recompounding_raw_material", "confidence": 0.9735795855522156, "surface_class": "tread", "bbox": [157, 170, 197, 219], "reason": "passenger:tread"}
[routing_node-6] [INFO] [1788453466.377355730] [routing_decision_node]: {"id": 3, "route": "bypass_reject", "confidence": 0.46292558312416077, "surface_class": "tread", "bbox": [139, 150, 162, 188], "reason": "classification_below_threshold"}
[routing_node-6] [INFO] [1788453466.377799639] [routing_decision_node]: {"id": 4, "route": "recompounding_raw_material", "confidence": 0.9735795855522156, "surface_class": "tread", "bbox": [157, 170, 197, 219], "reason": "passenger:tread"}
[routing_node-6] [INFO] [1788453466.421486078] [routing_decision_node]: {"id": 3, "route": "bypass_reject", "confidence": 0.4920809268951416, "surface_class": "tread", "bbox": [139, 150, 162, 188], "reason": "classification_below_threshold"}
[routing_node-6] [INFO] [1788453466.422031922] [routing_decision_node]: {"id": 4, "route": "recompounding_raw_material", "confidence": 0.9748295545578003, "surface_class": "tread", "bbox": [157, 169, 197, 219], "reason": "passenger:tread"}
[routing_node-6] [INFO] [1788453466.466309958] [routing_decision_node]: {"id": 3, "route": "bypass_reject", "confidence": 0.4920809268951416, "surface_class": "tread", "bbox": [139, 150, 161, 187], "reason": "classification_below_threshold"}
[routing_node-6] [INFO] [1788453466.466862644] [routing_decision_node]: {"id": 4, "route": "recompounding_raw_material", "confidence": 0.9748295545578003, "surface_class": "tread", "bbox": [157, 169, 197, 219], "reason": "passenger:tread"}
[routing_node-6] [INFO] [1788453466.508948945] [routing_decision_node]: {"id": 3, "route": "bypass_reject", "confidence": 0.4920809268951416, "surface_class": "tread", "bbox": [139, 150, 161, 187], "reason": "classification_below_threshold"}
[routing_node-6] [INFO] [1788453466.509385769] [routing_decision_node]: {"id": 4, "route": "recompounding_raw_material", "confidence": 0.9748295545578003, "surface_class": "tread", "bbox": [156, 169, 197, 219], "reason": "passenger:tread"}
[routing_node-6] [INFO] [1788453466.548801797] [routing_decision_node]: {"id": 3, "route": "bypass_reject", "confidence": 0.4310359060764313, "surface_class": "tread", "bbox": [139, 150, 162, 187], "reason": "classification_below_threshold"}
[routing_node-6] [INFO] [1788453466.549291024] [routing_decision_node]: {"id": 4, "route": "recompounding_raw_material", "confidence": 0.9758738875389099, "surface_class": "tread", "bbox": [156, 169, 197, 219], "reason": "passenger:tread"}
[routing_node-6] [INFO] [1788453466.591706657] [routing_decision_node]: {"id": 3, "route": "bypass_reject", "confidence": 0.4310359060764313, "surface_class": "tread", "bbox": [139, 150, 162, 187], "reason": "classification_below_threshold"}
[routing_node-6] [INFO] [1788453466.592850626] [routing_decision_node]: {"id": 4, "route": "recompounding_raw_material", "confidence": 0.9758738875389099, "surface_class": "tread", "bbox": [156, 169, 197, 218], "reason": "passenger:tread"}
[routing_node-6] [INFO] [1788453466.637169044] [routing_decision_node]: {"id": 3, "route": "bypass_reject", "confidence": 0.45120030641555786, "surface_class": "tread", "bbox": [139, 149, 162, 187], "reason": "classification_below_threshold"}
[routing_node-6] [INFO] [1788453466.637771060] [routing_decision_node]: {"id": 4, "route": "recompounding_raw_material", "confidence": 0.9779424071311951, "surface_class": "tread", "bbox": [156, 169, 197, 218], "reason": "passenger:tread"}
[routing_node-6] [INFO] [1788453466.674535937] [routing_decision_node]: {"id": 3, "route": "bypass_reject", "confidence": 0.45120030641555786, "surface_class": "tread", "bbox": [139, 149, 162, 187], "reason": "classification_below_threshold"}
[routing_node-6] [INFO] [1788453466.675008921] [routing_decision_node]: {"id": 4, "route": "recompounding_raw_material", "confidence": 0.9779424071311951, "surface_class": "tread", "bbox": [157, 168, 197, 218], "reason": "passenger:tread"}
[routing_node-6] [INFO] [1788453466.719639939] [routing_decision_node]: {"id": 3, "route": "bypass_reject", "confidence": 0.4366705119609833, "surface_class": "tread", "bbox": [139, 149, 162, 187], "reason": "classification_below_threshold"}
[routing_node-6] [INFO] [1788453466.720111518] [routing_decision_node]: {"id": 4, "route": "recompounding_raw_material", "confidence": 0.9792296290397644, "surface_class": "tread", "bbox": [157, 168, 197, 218], "reason": "passenger:tread"}
[routing_node-6] [INFO] [1788453466.763348535] [routing_decision_node]: {"id": 3, "route": "bypass_reject", "confidence": 0.4366705119609833, "surface_class": "tread", "bbox": [139, 149, 161, 186], "reason": "classification_below_threshold"}
[routing_node-6] [INFO] [1788453466.763750684] [routing_decision_node]: {"id": 4, "route": "recompounding_raw_material", "confidence": 0.9792296290397644, "surface_class": "tread", "bbox": [157, 168, 197, 218], "reason": "passenger:tread"}
[routing_node-6] [INFO] [1788453466.801233351] [routing_decision_node]: {"id": 3, "route": "bypass_reject", "confidence": 0.4366705119609833, "surface_class": "tread", "bbox": [139, 149, 161, 186], "reason": "classification_below_threshold"}
[routing_node-6] [INFO] [1788453466.803131495] [routing_decision_node]: {"id": 4, "route": "recompounding_raw_material", "confidence": 0.9792296290397644, "surface_class": "tread", "bbox": [157, 168, 197, 218], "reason": "passenger:tread"}
[routing_node-6] [INFO] [1788453466.848132246] [routing_decision_node]: {"id": 3, "route": "bypass_reject", "confidence": 0.45110613107681274, "surface_class": "tread", "bbox": [139, 149, 162, 186], "reason": "classification_below_threshold"}
[routing_node-6] [INFO] [1788453466.848622254] [routing_decision_node]: {"id": 4, "route": "recompounding_raw_material", "confidence": 0.9854751825332642, "surface_class": "tread", "bbox": [156, 168, 197, 218], "reason": "passenger:tread"}
[routing_node-6] [INFO] [1788453466.887189428] [routing_decision_node]: {"id": 3, "route": "bypass_reject", "confidence": 0.45110613107681274, "surface_class": "tread", "bbox": [139, 149, 162, 186], "reason": "classification_below_threshold"}
[routing_node-6] [INFO] [1788453466.887770130] [routing_decision_node]: {"id": 4, "route": "recompounding_raw_material", "confidence": 0.9854751825332642, "surface_class": "tread", "bbox": [156, 168, 197, 217], "reason": "passenger:tread"}
[routing_node-6] [INFO] [1788453466.932931669] [routing_decision_node]: {"id": 3, "route": "bypass_reject", "confidence": 0.4077759087085724, "surface_class": "tread", "bbox": [139, 148, 162, 186], "reason": "classification_below_threshold"}
[routing_node-6] [INFO] [1788453466.933589882] [routing_decision_node]: {"id": 4, "route": "recompounding_raw_material", "confidence": 0.9628569483757019, "surface_class": "tread", "bbox": [156, 168, 197, 217], "reason": "passenger:tread"}
[routing_node-6] [INFO] [1788453466.979856521] [routing_decision_node]: {"id": 3, "route": "bypass_reject", "confidence": 0.4077759087085724, "surface_class": "tread", "bbox": [139, 148, 162, 186], "reason": "classification_below_threshold"}
[routing_node-6] [INFO] [1788453466.980266562] [routing_decision_node]: {"id": 4, "route": "recompounding_raw_material", "confidence": 0.9628569483757019, "surface_class": "tread", "bbox": [157, 167, 197, 217], "reason": "passenger:tread"}
[routing_node-6] [INFO] [1788453467.023760297] [routing_decision_node]: {"id": 3, "route": "bypass_reject", "confidence": 0.5379975438117981, "surface_class": "tread", "bbox": [139, 148, 162, 186], "reason": "classification_below_threshold"}
[routing_node-6] [INFO] [1788453467.025570767] [routing_decision_node]: {"id": 4, "route": "recompounding_raw_material", "confidence": 0.9718927145004272, "surface_class": "tread", "bbox": [157, 167, 197, 217], "reason": "passenger:tread"}
[routing_node-6] [INFO] [1788453467.067413506] [routing_decision_node]: {"id": 3, "route": "bypass_reject", "confidence": 0.5379975438117981, "surface_class": "tread", "bbox": [139, 148, 161, 185], "reason": "classification_below_threshold"}
[routing_node-6] [INFO] [1788453467.067776285] [routing_decision_node]: {"id": 4, "route": "recompounding_raw_material", "confidence": 0.9718927145004272, "surface_class": "tread", "bbox": [157, 167, 197, 217], "reason": "passenger:tread"}
[routing_node-6] [INFO] [1788453467.100869160] [routing_decision_node]: {"id": 3, "route": "bypass_reject", "confidence": 0.5379975438117981, "surface_class": "tread", "bbox": [139, 148, 161, 185], "reason": "classification_below_threshold"}
[routing_node-6] [INFO] [1788453467.102075314] [routing_decision_node]: {"id": 4, "route": "recompounding_raw_material", "confidence": 0.9718927145004272, "surface_class": "tread", "bbox": [157, 167, 197, 217], "reason": "passenger:tread"}
[routing_node-6] [INFO] [1788453467.145465356] [routing_decision_node]: {"id": 3, "route": "bypass_reject", "confidence": 0.5148096680641174, "surface_class": "tread", "bbox": [139, 148, 162, 185], "reason": "classification_below_threshold"}
[routing_node-6] [INFO] [1788453467.145839359] [routing_decision_node]: {"id": 4, "route": "recompounding_raw_material", "confidence": 0.9786883592605591, "surface_class": "tread", "bbox": [156, 167, 197, 217], "reason": "passenger:tread"}
[routing_node-6] [INFO] [1788453467.186468219] [routing_decision_node]: {"id": 3, "route": "bypass_reject", "confidence": 0.5148096680641174, "surface_class": "tread", "bbox": [139, 148, 162, 185], "reason": "classification_below_threshold"}
[routing_node-6] [INFO] [1788453467.186851779] [routing_decision_node]: {"id": 4, "route": "recompounding_raw_material", "confidence": 0.9786883592605591, "surface_class": "tread", "bbox": [156, 167, 197, 216], "reason": "passenger:tread"}
[routing_node-6] [INFO] [1788453467.234627561] [routing_decision_node]: {"id": 3, "route": "bypass_reject", "confidence": 0.526296854019165, "surface_class": "tread", "bbox": [139, 147, 162, 185], "reason": "classification_below_threshold"}
[pbvs_controller-4] [INFO] [1788453467.234736762] [pbvs_controller_node]: fragments=2 eligible=1 reachable=0 locked=no
[routing_node-6] [INFO] [1788453467.236604334] [routing_decision_node]: {"id": 4, "route": "recompounding_raw_material", "confidence": 0.9725315570831299, "surface_class": "tread", "bbox": [156, 167, 197, 216], "reason": "passenger:tread"}
[routing_node-6] [INFO] [1788453467.286056675] [routing_decision_node]: {"id": 3, "route": "bypass_reject", "confidence": 0.526296854019165, "surface_class": "tread", "bbox": [139, 147, 162, 185], "reason": "classification_below_threshold"}
[routing_node-6] [INFO] [1788453467.286399281] [routing_decision_node]: {"id": 4, "route": "recompounding_raw_material", "confidence": 0.9725315570831299, "surface_class": "tread", "bbox": [157, 166, 197, 216], "reason": "passenger:tread"}
[routing_node-6] [INFO] [1788453467.325866607] [routing_decision_node]: {"id": 3, "route": "bypass_reject", "confidence": 0.5254103541374207, "surface_class": "tread", "bbox": [139, 147, 162, 185], "reason": "classification_below_threshold"}
[routing_node-6] [INFO] [1788453467.326273893] [routing_decision_node]: {"id": 4, "route": "recompounding_raw_material", "confidence": 0.9549411535263062, "surface_class": "tread", "bbox": [157, 166, 197, 216], "reason": "passenger:tread"}
[routing_node-6] [INFO] [1788453467.366799967] [routing_decision_node]: {"id": 3, "route": "bypass_reject", "confidence": 0.5254103541374207, "surface_class": "tread", "bbox": [139, 147, 161, 184], "reason": "classification_below_threshold"}
[routing_node-6] [INFO] [1788453467.368686144] [routing_decision_node]: {"id": 4, "route": "recompounding_raw_material", "confidence": 0.9549411535263062, "surface_class": "tread", "bbox": [157, 166, 197, 216], "reason": "passenger:tread"}
[routing_node-6] [INFO] [1788453467.400954035] [routing_decision_node]: {"id": 3, "route": "bypass_reject", "confidence": 0.5254103541374207, "surface_class": "tread", "bbox": [139, 147, 161, 184], "reason": "classification_below_threshold"}
[routing_node-6] [INFO] [1788453467.402114095] [routing_decision_node]: {"id": 4, "route": "recompounding_raw_material", "confidence": 0.9549411535263062, "surface_class": "tread", "bbox": [157, 166, 197, 216], "reason": "passenger:tread"}
[routing_node-6] [INFO] [1788453467.436967287] [routing_decision_node]: {"id": 3, "route": "bypass_reject", "confidence": 0.5717272758483887, "surface_class": "tread", "bbox": [139, 147, 162, 184], "reason": "classification_below_threshold"}
[routing_node-6] [INFO] [1788453467.437350094] [routing_decision_node]: {"id": 4, "route": "recompounding_raw_material", "confidence": 0.9703538417816162, "surface_class": "tread", "bbox": [156, 166, 197, 216], "reason": "passenger:tread"}
[routing_node-6] [INFO] [1788453467.481313207] [routing_decision_node]: {"id": 3, "route": "bypass_reject", "confidence": 0.5717272758483887, "surface_class": "tread", "bbox": [139, 147, 162, 184], "reason": "classification_below_threshold"}
[routing_node-6] [INFO] [1788453467.482049688] [routing_decision_node]: {"id": 4, "route": "recompounding_raw_material", "confidence": 0.9703538417816162, "surface_class": "tread", "bbox": [156, 166, 197, 215], "reason": "passenger:tread"}
[routing_node-6] [INFO] [1788453467.517404503] [routing_decision_node]: {"id": 3, "route": "bypass_reject", "confidence": 0.565726637840271, "surface_class": "tread", "bbox": [139, 146, 162, 184], "reason": "classification_below_threshold"}
[routing_node-6] [INFO] [1788453467.517817900] [routing_decision_node]: {"id": 4, "route": "recompounding_raw_material", "confidence": 0.965273916721344, "surface_class": "tread", "bbox": [156, 166, 197, 215], "reason": "passenger:tread"}
[routing_node-6] [INFO] [1788453467.568435341] [routing_decision_node]: {"id": 3, "route": "bypass_reject", "confidence": 0.565726637840271, "surface_class": "tread", "bbox": [139, 146, 162, 184], "reason": "classification_below_threshold"}
[routing_node-6] [INFO] [1788453467.568944406] [routing_decision_node]: {"id": 4, "route": "recompounding_raw_material", "confidence": 0.965273916721344, "surface_class": "tread", "bbox": [157, 165, 197, 215], "reason": "passenger:tread"}
[routing_node-6] [INFO] [1788453467.607244098] [routing_decision_node]: {"id": 3, "route": "bypass_reject", "confidence": 0.565726637840271, "surface_class": "tread", "bbox": [139, 146, 161, 184], "reason": "classification_below_threshold"}
[routing_node-6] [INFO] [1788453467.607700726] [routing_decision_node]: {"id": 4, "route": "recompounding_raw_material", "confidence": 0.965273916721344, "surface_class": "tread", "bbox": [157, 165, 197, 215], "reason": "passenger:tread"}
[routing_node-6] [INFO] [1788453467.641860825] [routing_decision_node]: {"id": 3, "route": "bypass_reject", "confidence": 0.4937584698200226, "surface_class": "tread", "bbox": [139, 146, 161, 183], "reason": "classification_below_threshold"}
[routing_node-6] [INFO] [1788453467.642329705] [routing_decision_node]: {"id": 4, "route": "recompounding_raw_material", "confidence": 0.9583192467689514, "surface_class": "tread", "bbox": [157, 165, 197, 215], "reason": "passenger:tread"}
[routing_node-6] [INFO] [1788453467.704753033] [routing_decision_node]: {"id": 3, "route": "bypass_reject", "confidence": 0.4937584698200226, "surface_class": "tread", "bbox": [139, 146, 161, 183], "reason": "classification_below_threshold"}
[routing_node-6] [INFO] [1788453467.705276526] [routing_decision_node]: {"id": 4, "route": "recompounding_raw_material", "confidence": 0.9583192467689514, "surface_class": "tread", "bbox": [157, 165, 197, 204], "reason": "passenger:tread"}
[routing_node-6] [INFO] [1788453467.705628185] [routing_decision_node]: {"id": 5, "route": "devulcanization_cbr", "confidence": 0.852763295173645, "surface_class": "sidewall", "bbox": [158, 202, 173, 238], "reason": "otr_mining:sidewall"}
[routing_node-6] [INFO] [1788453467.752552509] [routing_decision_node]: {"id": 3, "route": "bypass_reject", "confidence": 0.49335047602653503, "surface_class": "tread", "bbox": [139, 146, 162, 183], "reason": "classification_below_threshold"}
[routing_node-6] [INFO] [1788453467.754828528] [routing_decision_node]: {"id": 4, "route": "recompounding_raw_material", "confidence": 0.9773549437522888, "surface_class": "tread", "bbox": [157, 165, 197, 204], "reason": "passenger:tread"}
[routing_node-6] [INFO] [1788453467.755771127] [routing_decision_node]: {"id": 5, "route": "devulcanization_cbr", "confidence": 0.8657947182655334, "surface_class": "sidewall", "bbox": [159, 202, 173, 238], "reason": "otr_mining:sidewall"}
[routing_node-6] [INFO] [1788453467.792462732] [routing_decision_node]: {"id": 3, "route": "bypass_reject", "confidence": 0.49335047602653503, "surface_class": "tread", "bbox": [139, 146, 162, 183], "reason": "classification_below_threshold"}
[routing_node-6] [INFO] [1788453467.794493534] [routing_decision_node]: {"id": 4, "route": "recompounding_raw_material", "confidence": 0.9773549437522888, "surface_class": "tread", "bbox": [156, 165, 197, 202], "reason": "passenger:tread"}
[routing_node-6] [INFO] [1788453467.795411378] [routing_decision_node]: {"id": 5, "route": "devulcanization_cbr", "confidence": 0.8657947182655334, "surface_class": "sidewall", "bbox": [158, 201, 173, 238], "reason": "otr_mining:sidewall"}
[routing_node-6] [INFO] [1788453467.835773487] [routing_decision_node]: {"id": 3, "route": "bypass_reject", "confidence": 0.4483688473701477, "surface_class": "tread", "bbox": [139, 145, 162, 183], "reason": "classification_below_threshold"}
[routing_node-6] [INFO] [1788453467.838611995] [routing_decision_node]: {"id": 4, "route": "recompounding_raw_material", "confidence": 0.9808884263038635, "surface_class": "tread", "bbox": [156, 165, 197, 202], "reason": "passenger:tread"}
[routing_node-6] [INFO] [1788453467.839166268] [routing_decision_node]: {"id": 5, "route": "devulcanization_cbr", "confidence": 0.9039637446403503, "surface_class": "sidewall", "bbox": [158, 201, 173, 236], "reason": "otr_mining:sidewall"}
[routing_node-6] [INFO] [1788453467.876503869] [routing_decision_node]: {"id": 3, "route": "bypass_reject", "confidence": 0.4483688473701477, "surface_class": "tread", "bbox": [139, 145, 162, 183], "reason": "classification_below_threshold"}
[routing_node-6] [INFO] [1788453467.878739709] [routing_decision_node]: {"id": 4, "route": "recompounding_raw_material", "confidence": 0.9808884263038635, "surface_class": "tread", "bbox": [157, 164, 197, 234], "reason": "passenger:tread"}
[routing_node-6] [INFO] [1788453467.917626403] [routing_decision_node]: {"id": 3, "route": "bypass_reject", "confidence": 0.45614591240882874, "surface_class": "tread", "bbox": [139, 145, 161, 183], "reason": "classification_below_threshold"}
[routing_node-6] [INFO] [1788453467.918019975] [routing_decision_node]: {"id": 4, "route": "recompounding_raw_material", "confidence": 0.9749271869659424, "surface_class": "tread", "bbox": [157, 164, 197, 203], "reason": "passenger:tread"}
[routing_node-6] [INFO] [1788453467.918390773] [routing_decision_node]: {"id": 5, "route": "devulcanization_cbr", "confidence": 0.8737497329711914, "surface_class": "sidewall", "bbox": [158, 201, 173, 231], "reason": "otr_mining:sidewall"}
[routing_node-6] [INFO] [1788453467.954781835] [routing_decision_node]: {"id": 3, "route": "bypass_reject", "confidence": 0.45614591240882874, "surface_class": "tread", "bbox": [139, 145, 161, 182], "reason": "classification_below_threshold"}
[routing_node-6] [INFO] [1788453467.955249744] [routing_decision_node]: {"id": 4, "route": "recompounding_raw_material", "confidence": 0.9749271869659424, "surface_class": "tread", "bbox": [157, 164, 197, 203], "reason": "passenger:tread"}
[routing_node-6] [INFO] [1788453467.955609636] [routing_decision_node]: {"id": 5, "route": "devulcanization_cbr", "confidence": 0.8737497329711914, "surface_class": "sidewall", "bbox": [158, 201, 173, 229], "reason": "otr_mining:sidewall"}
[routing_node-6] [INFO] [1788453467.991380348] [routing_decision_node]: {"id": 3, "route": "bypass_reject", "confidence": 0.45614591240882874, "surface_class": "tread", "bbox": [139, 145, 162, 182], "reason": "classification_below_threshold"}
[routing_node-6] [INFO] [1788453467.991805803] [routing_decision_node]: {"id": 4, "route": "recompounding_raw_material", "confidence": 0.9749271869659424, "surface_class": "tread", "bbox": [157, 164, 197, 203], "reason": "passenger:tread"}
[routing_node-6] [INFO] [1788453467.992232968] [routing_decision_node]: {"id": 5, "route": "devulcanization_cbr", "confidence": 0.8737497329711914, "surface_class": "sidewall", "bbox": [158, 201, 173, 229], "reason": "otr_mining:sidewall"}
[routing_node-6] [INFO] [1788453468.032539620] [routing_decision_node]: {"id": 3, "route": "bypass_reject", "confidence": 0.5727810263633728, "surface_class": "tread", "bbox": [139, 145, 162, 182], "reason": "classification_below_threshold"}
[routing_node-6] [INFO] [1788453468.032962218] [routing_decision_node]: {"id": 4, "route": "recompounding_raw_material", "confidence": 0.9741908311843872, "surface_class": "tread", "bbox": [157, 164, 197, 203], "reason": "passenger:tread"}
[routing_node-6] [INFO] [1788453468.033301779] [routing_decision_node]: {"id": 5, "route": "devulcanization_cbr", "confidence": 0.8458969593048096, "surface_class": "sidewall", "bbox": [158, 201, 173, 229], "reason": "otr_mining:sidewall"}
[routing_node-6] [INFO] [1788453468.080321810] [routing_decision_node]: {"id": 3, "route": "bypass_reject", "confidence": 0.5727810263633728, "surface_class": "tread", "bbox": [139, 145, 162, 182], "reason": "classification_below_threshold"}
[routing_node-6] [INFO] [1788453468.080686648] [routing_decision_node]: {"id": 4, "route": "recompounding_raw_material", "confidence": 0.9741908311843872, "surface_class": "tread", "bbox": [156, 164, 197, 203], "reason": "passenger:tread"}
[routing_node-6] [INFO] [1788453468.081464916] [routing_decision_node]: {"id": 5, "route": "devulcanization_cbr", "confidence": 0.8458969593048096, "surface_class": "sidewall", "bbox": [158, 201, 173, 229], "reason": "otr_mining:sidewall"}
[routing_node-6] [INFO] [1788453468.127763978] [routing_decision_node]: {"id": 3, "route": "bypass_reject", "confidence": 0.45551204681396484, "surface_class": "tread", "bbox": [139, 144, 162, 182], "reason": "classification_below_threshold"}
[routing_node-6] [INFO] [1788453468.128441174] [routing_decision_node]: {"id": 4, "route": "recompounding_raw_material", "confidence": 0.9722840189933777, "surface_class": "tread", "bbox": [156, 164, 197, 202], "reason": "passenger:tread"}
[routing_node-6] [INFO] [1788453468.130704708] [routing_decision_node]: {"id": 5, "route": "devulcanization_cbr", "confidence": 0.7014105916023254, "surface_class": "sidewall", "bbox": [158, 200, 173, 230], "reason": "otr_mining:sidewall"}
[routing_node-6] [INFO] [1788453468.175763657] [routing_decision_node]: {"id": 3, "route": "bypass_reject", "confidence": 0.45551204681396484, "surface_class": "tread", "bbox": [139, 144, 162, 182], "reason": "classification_below_threshold"}
[routing_node-6] [INFO] [1788453468.176444483] [routing_decision_node]: {"id": 4, "route": "recompounding_raw_material", "confidence": 0.9722840189933777, "surface_class": "tread", "bbox": [157, 163, 197, 202], "reason": "passenger:tread"}
[routing_node-6] [INFO] [1788453468.177476034] [routing_decision_node]: {"id": 5, "route": "devulcanization_cbr", "confidence": 0.7014105916023254, "surface_class": "sidewall", "bbox": [158, 200, 173, 231], "reason": "otr_mining:sidewall"}
[routing_node-6] [INFO] [1788453468.222164192] [routing_decision_node]: {"id": 3, "route": "bypass_reject", "confidence": 0.43803560733795166, "surface_class": "tread", "bbox": [139, 144, 161, 182], "reason": "classification_below_threshold"}
[routing_node-6] [INFO] [1788453468.222860523] [routing_decision_node]: {"id": 4, "route": "recompounding_raw_material", "confidence": 0.9829069972038269, "surface_class": "tread", "bbox": [157, 163, 197, 202], "reason": "passenger:tread"}
[routing_node-6] [INFO] [1788453468.223245952] [routing_decision_node]: {"id": 5, "route": "devulcanization_cbr", "confidence": 0.8712772727012634, "surface_class": "sidewall", "bbox": [158, 199, 173, 231], "reason": "otr_mining:sidewall"}
[routing_node-6] [INFO] [1788453468.267505834] [routing_decision_node]: {"id": 3, "route": "bypass_reject", "confidence": 0.43803560733795166, "surface_class": "tread", "bbox": [139, 144, 161, 181], "reason": "classification_below_threshold"}
[routing_node-6] [INFO] [1788453468.267976104] [routing_decision_node]: {"id": 4, "route": "recompounding_raw_material", "confidence": 0.9829069972038269, "surface_class": "tread", "bbox": [157, 163, 197, 231], "reason": "passenger:tread"}
[routing_node-6] [INFO] [1788453468.307871765] [routing_decision_node]: {"id": 3, "route": "bypass_reject", "confidence": 0.43803560733795166, "surface_class": "tread", "bbox": [139, 144, 162, 181], "reason": "classification_below_threshold"}
[routing_node-6] [INFO] [1788453468.308311195] [routing_decision_node]: {"id": 4, "route": "recompounding_raw_material", "confidence": 0.9829069972038269, "surface_class": "tread", "bbox": [157, 163, 197, 199], "reason": "passenger:tread"}
[routing_node-6] [INFO] [1788453468.308720742] [routing_decision_node]: {"id": 5, "route": "recompounding_raw_material", "confidence": 0.96546471118927, "surface_class": "sidewall", "bbox": [158, 199, 174, 201], "reason": "passenger:sidewall"}
[routing_node-6] [INFO] [1788453468.309050080] [routing_decision_node]: {"id": 6, "route": "devulcanization_cbr", "confidence": 0.8712772727012634, "surface_class": "sidewall", "bbox": [158, 202, 173, 230], "reason": "otr_mining:sidewall"}
[routing_node-6] [INFO] [1788453468.357710188] [routing_decision_node]: {"id": 3, "route": "bypass_reject", "confidence": 0.4762597680091858, "surface_class": "tread", "bbox": [139, 144, 162, 181], "reason": "classification_below_threshold"}
[routing_node-6] [INFO] [1788453468.358078114] [routing_decision_node]: {"id": 4, "route": "recompounding_raw_material", "confidence": 0.969928503036499, "surface_class": "tread", "bbox": [157, 163, 197, 199], "reason": "passenger:tread"}
[routing_node-6] [INFO] [1788453468.358399805] [routing_decision_node]: {"id": 5, "route": "recompounding_raw_material", "confidence": 0.9629102349281311, "surface_class": "sidewall", "bbox": [158, 199, 174, 201], "reason": "passenger:sidewall"}
[routing_node-6] [INFO] [1788453468.358717418] [routing_decision_node]: {"id": 6, "route": "devulcanization_cbr", "confidence": 0.7397369742393494, "surface_class": "sidewall", "bbox": [158, 202, 173, 230], "reason": "otr_mining:sidewall"}
[routing_node-6] [INFO] [1788453468.407817538] [routing_decision_node]: {"id": 3, "route": "bypass_reject", "confidence": 0.4762597680091858, "surface_class": "tread", "bbox": [139, 144, 162, 181], "reason": "classification_below_threshold"}
[routing_node-6] [INFO] [1788453468.408437260] [routing_decision_node]: {"id": 4, "route": "recompounding_raw_material", "confidence": 0.969928503036499, "surface_class": "tread", "bbox": [156, 163, 197, 199], "reason": "passenger:tread"}
[routing_node-6] [INFO] [1788453468.408766015] [routing_decision_node]: {"id": 5, "route": "recompounding_raw_material", "confidence": 0.9629102349281311, "surface_class": "sidewall", "bbox": [158, 199, 174, 201], "reason": "passenger:sidewall"}
[routing_node-6] [INFO] [1788453468.409089905] [routing_decision_node]: {"id": 6, "route": "devulcanization_cbr", "confidence": 0.7397369742393494, "surface_class": "sidewall", "bbox": [158, 202, 173, 229], "reason": "otr_mining:sidewall"}
[routing_node-6] [INFO] [1788453468.449447913] [routing_decision_node]: {"id": 3, "route": "bypass_reject", "confidence": 0.4500293433666229, "surface_class": "tread", "bbox": [139, 143, 162, 181], "reason": "classification_below_threshold"}
[routing_node-6] [INFO] [1788453468.449908398] [routing_decision_node]: {"id": 4, "route": "recompounding_raw_material", "confidence": 0.9526149034500122, "surface_class": "tread", "bbox": [156, 163, 197, 201], "reason": "passenger:tread"}
[routing_node-6] [INFO] [1788453468.450253634] [routing_decision_node]: {"id": 5, "route": "devulcanization_cbr", "confidence": 0.7731892466545105, "surface_class": "sidewall", "bbox": [158, 199, 173, 228], "reason": "otr_mining:sidewall"}
[routing_node-6] [INFO] [1788453468.493219695] [routing_decision_node]: {"id": 3, "route": "bypass_reject", "confidence": 0.4500293433666229, "surface_class": "tread", "bbox": [139, 143, 162, 181], "reason": "classification_below_threshold"}
[routing_node-6] [INFO] [1788453468.494694809] [routing_decision_node]: {"id": 4, "route": "recompounding_raw_material", "confidence": 0.9526149034500122, "surface_class": "tread", "bbox": [156, 162, 197, 201], "reason": "passenger:tread"}
[routing_node-6] [INFO] [1788453468.496516553] [routing_decision_node]: {"id": 5, "route": "devulcanization_cbr", "confidence": 0.7731892466545105, "surface_class": "sidewall", "bbox": [158, 199, 173, 228], "reason": "otr_mining:sidewall"}
[routing_node-6] [INFO] [1788453468.540201631] [routing_decision_node]: {"id": 3, "route": "bypass_reject", "confidence": 0.5444222688674927, "surface_class": "tread", "bbox": [139, 143, 161, 181], "reason": "classification_below_threshold"}
[routing_node-6] [INFO] [1788453468.540744590] [routing_decision_node]: {"id": 4, "route": "recompounding_raw_material", "confidence": 0.983963668346405, "surface_class": "tread", "bbox": [157, 162, 197, 201], "reason": "passenger:tread"}
[routing_node-6] [INFO] [1788453468.541133869] [routing_decision_node]: {"id": 5, "route": "devulcanization_cbr", "confidence": 0.8444195985794067, "surface_class": "sidewall", "bbox": [158, 199, 173, 228], "reason": "otr_mining:sidewall"}
[routing_node-6] [INFO] [1788453468.579300264] [routing_decision_node]: {"id": 3, "route": "bypass_reject", "confidence": 0.5444222688674927, "surface_class": "tread", "bbox": [139, 143, 161, 180], "reason": "classification_below_threshold"}
[routing_node-6] [INFO] [1788453468.579784360] [routing_decision_node]: {"id": 4, "route": "recompounding_raw_material", "confidence": 0.983963668346405, "surface_class": "tread", "bbox": [157, 162, 197, 201], "reason": "passenger:tread"}
[routing_node-6] [INFO] [1788453468.580170683] [routing_decision_node]: {"id": 5, "route": "devulcanization_cbr", "confidence": 0.8444195985794067, "surface_class": "sidewall", "bbox": [158, 199, 173, 228], "reason": "otr_mining:sidewall"}
[routing_node-6] [INFO] [1788453468.621791551] [routing_decision_node]: {"id": 3, "route": "bypass_reject", "confidence": 0.4555121064186096, "surface_class": "tread", "bbox": [139, 143, 162, 180], "reason": "classification_below_threshold"}
[routing_node-6] [INFO] [1788453468.622951846] [routing_decision_node]: {"id": 4, "route": "recompounding_raw_material", "confidence": 0.9796668291091919, "surface_class": "tread", "bbox": [157, 162, 197, 201], "reason": "passenger:tread"}
[routing_node-6] [INFO] [1788453468.623343182] [routing_decision_node]: {"id": 5, "route": "devulcanization_cbr", "confidence": 0.8261192440986633, "surface_class": "sidewall", "bbox": [158, 199, 173, 228], "reason": "otr_mining:sidewall"}
[routing_node-6] [INFO] [1788453468.661737449] [routing_decision_node]: {"id": 3, "route": "bypass_reject", "confidence": 0.4555121064186096, "surface_class": "tread", "bbox": [139, 143, 162, 180], "reason": "classification_below_threshold"}
[routing_node-6] [INFO] [1788453468.662385429] [routing_decision_node]: {"id": 4, "route": "recompounding_raw_material", "confidence": 0.9796668291091919, "surface_class": "tread", "bbox": [157, 162, 197, 201], "reason": "passenger:tread"}
[routing_node-6] [INFO] [1788453468.662727242] [routing_decision_node]: {"id": 5, "route": "devulcanization_cbr", "confidence": 0.8261192440986633, "surface_class": "sidewall", "bbox": [158, 199, 173, 228], "reason": "otr_mining:sidewall"}
[routing_node-6] [INFO] [1788453468.701390689] [routing_decision_node]: {"id": 3, "route": "bypass_reject", "confidence": 0.4555121064186096, "surface_class": "tread", "bbox": [139, 143, 162, 180], "reason": "classification_below_threshold"}
[routing_node-6] [INFO] [1788453468.701799294] [routing_decision_node]: {"id": 4, "route": "recompounding_raw_material", "confidence": 0.9796668291091919, "surface_class": "tread", "bbox": [156, 162, 197, 201], "reason": "passenger:tread"}
[routing_node-6] [INFO] [1788453468.702226512] [routing_decision_node]: {"id": 5, "route": "devulcanization_cbr", "confidence": 0.8261192440986633, "surface_class": "sidewall", "bbox": [158, 199, 173, 228], "reason": "otr_mining:sidewall"}
[routing_node-6] [INFO] [1788453468.744822776] [routing_decision_node]: {"id": 3, "route": "bypass_reject", "confidence": 0.43610069155693054, "surface_class": "tread", "bbox": [139, 142, 162, 180], "reason": "classification_below_threshold"}
[routing_node-6] [INFO] [1788453468.745488287] [routing_decision_node]: {"id": 4, "route": "recompounding_raw_material", "confidence": 0.9710349440574646, "surface_class": "tread", "bbox": [156, 162, 197, 200], "reason": "passenger:tread"}
[routing_node-6] [INFO] [1788453468.746007035] [routing_decision_node]: {"id": 5, "route": "devulcanization_cbr", "confidence": 0.8095099925994873, "surface_class": "sidewall", "bbox": [158, 198, 173, 227], "reason": "otr_mining:sidewall"}
[routing_node-6] [INFO] [1788453468.789808500] [routing_decision_node]: {"id": 3, "route": "bypass_reject", "confidence": 0.43610069155693054, "surface_class": "tread", "bbox": [139, 142, 162, 180], "reason": "classification_below_threshold"}
[routing_node-6] [INFO] [1788453468.790370699] [routing_decision_node]: {"id": 4, "route": "recompounding_raw_material", "confidence": 0.9710349440574646, "surface_class": "tread", "bbox": [156, 161, 197, 200], "reason": "passenger:tread"}
[routing_node-6] [INFO] [1788453468.790778430] [routing_decision_node]: {"id": 5, "route": "devulcanization_cbr", "confidence": 0.8095099925994873, "surface_class": "sidewall", "bbox": [158, 198, 173, 227], "reason": "otr_mining:sidewall"}
[routing_node-6] [INFO] [1788453468.835279208] [routing_decision_node]: {"id": 3, "route": "bypass_reject", "confidence": 0.46873295307159424, "surface_class": "tread", "bbox": [139, 142, 161, 180], "reason": "classification_below_threshold"}
[routing_node-6] [INFO] [1788453468.837925406] [routing_decision_node]: {"id": 4, "route": "recompounding_raw_material", "confidence": 0.9917904138565063, "surface_class": "tread", "bbox": [157, 161, 197, 200], "reason": "passenger:tread"}
[routing_node-6] [INFO] [1788453468.838475088] [routing_decision_node]: {"id": 5, "route": "devulcanization_cbr", "confidence": 0.9159846901893616, "surface_class": "sidewall", "bbox": [158, 198, 173, 227], "reason": "otr_mining:sidewall"}
[routing_node-6] [INFO] [1788453468.879312731] [routing_decision_node]: {"id": 3, "route": "bypass_reject", "confidence": 0.46873295307159424, "surface_class": "tread", "bbox": [139, 142, 161, 179], "reason": "classification_below_threshold"}
[routing_node-6] [INFO] [1788453468.879680441] [routing_decision_node]: {"id": 4, "route": "recompounding_raw_material", "confidence": 0.9917904138565063, "surface_class": "tread", "bbox": [157, 161, 197, 200], "reason": "passenger:tread"}
[routing_node-6] [INFO] [1788453468.880156181] [routing_decision_node]: {"id": 5, "route": "devulcanization_cbr", "confidence": 0.9159846901893616, "surface_class": "sidewall", "bbox": [158, 198, 173, 227], "reason": "otr_mining:sidewall"}
[routing_node-6] [INFO] [1788453468.924804652] [routing_decision_node]: {"id": 3, "route": "bypass_reject", "confidence": 0.46870604157447815, "surface_class": "tread", "bbox": [139, 142, 162, 179], "reason": "classification_below_threshold"}
[routing_node-6] [INFO] [1788453468.927885507] [routing_decision_node]: {"id": 4, "route": "recompounding_raw_material", "confidence": 0.9808094501495361, "surface_class": "tread", "bbox": [157, 161, 197, 200], "reason": "passenger:tread"}
[routing_node-6] [INFO] [1788453468.928869795] [routing_decision_node]: {"id": 5, "route": "devulcanization_cbr", "confidence": 0.8542261719703674, "surface_class": "sidewall", "bbox": [158, 198, 173, 227], "reason": "otr_mining:sidewall"}
[routing_node-6] [INFO] [1788453468.968825644] [routing_decision_node]: {"id": 3, "route": "bypass_reject", "confidence": 0.46870604157447815, "surface_class": "tread", "bbox": [139, 142, 162, 179], "reason": "classification_below_threshold"}
[routing_node-6] [INFO] [1788453468.969209041] [routing_decision_node]: {"id": 4, "route": "recompounding_raw_material", "confidence": 0.9808094501495361, "surface_class": "tread", "bbox": [157, 161, 197, 200], "reason": "passenger:tread"}
[routing_node-6] [INFO] [1788453468.969739900] [routing_decision_node]: {"id": 5, "route": "devulcanization_cbr", "confidence": 0.8542261719703674, "surface_class": "sidewall", "bbox": [158, 198, 173, 227], "reason": "otr_mining:sidewall"}
[routing_node-6] [INFO] [1788453469.012074586] [routing_decision_node]: {"id": 3, "route": "bypass_reject", "confidence": 0.46870604157447815, "surface_class": "tread", "bbox": [139, 142, 162, 179], "reason": "classification_below_threshold"}
[routing_node-6] [INFO] [1788453469.013297525] [routing_decision_node]: {"id": 4, "route": "recompounding_raw_material", "confidence": 0.9808094501495361, "surface_class": "tread", "bbox": [156, 161, 197, 200], "reason": "passenger:tread"}
[routing_node-6] [INFO] [1788453469.013947867] [routing_decision_node]: {"id": 5, "route": "devulcanization_cbr", "confidence": 0.8736770749092102, "surface_class": "sidewall", "bbox": [158, 198, 173, 226], "reason": "otr_mining:sidewall"}
[routing_node-6] [INFO] [1788453469.063931477] [routing_decision_node]: {"id": 3, "route": "bypass_reject", "confidence": 0.5304097533226013, "surface_class": "tread", "bbox": [139, 141, 162, 179], "reason": "classification_below_threshold"}
[routing_node-6] [INFO] [1788453469.064339518] [routing_decision_node]: {"id": 4, "route": "recompounding_raw_material", "confidence": 0.9478715062141418, "surface_class": "tread", "bbox": [156, 160, 197, 199], "reason": "passenger:tread"}
[routing_node-6] [INFO] [1788453469.064964139] [routing_decision_node]: {"id": 5, "route": "devulcanization_cbr", "confidence": 0.8736770749092102, "surface_class": "sidewall", "bbox": [158, 197, 173, 226], "reason": "otr_mining:sidewall"}
[routing_node-6] [INFO] [1788453469.106576550] [routing_decision_node]: {"id": 3, "route": "bypass_reject", "confidence": 0.5304097533226013, "surface_class": "tread", "bbox": [139, 141, 162, 179], "reason": "classification_below_threshold"}
[routing_node-6] [INFO] [1788453469.108864316] [routing_decision_node]: {"id": 4, "route": "recompounding_raw_material", "confidence": 0.9478715062141418, "surface_class": "tread", "bbox": [156, 160, 197, 199], "reason": "passenger:tread"}
[routing_node-6] [INFO] [1788453469.109748425] [routing_decision_node]: {"id": 5, "route": "devulcanization_cbr", "confidence": 0.8736770749092102, "surface_class": "sidewall", "bbox": [158, 197, 173, 226], "reason": "otr_mining:sidewall"}
[routing_node-6] [INFO] [1788453469.157875481] [routing_decision_node]: {"id": 3, "route": "bypass_reject", "confidence": 0.5131893754005432, "surface_class": "tread", "bbox": [139, 141, 161, 179], "reason": "classification_below_threshold"}
[routing_node-6] [INFO] [1788453469.158720871] [routing_decision_node]: {"id": 4, "route": "recompounding_raw_material", "confidence": 0.9711653590202332, "surface_class": "tread", "bbox": [157, 160, 197, 199], "reason": "passenger:tread"}
[routing_node-6] [INFO] [1788453469.159124419] [routing_decision_node]: {"id": 5, "route": "devulcanization_cbr", "confidence": 0.7967201471328735, "surface_class": "sidewall", "bbox": [158, 197, 173, 226], "reason": "otr_mining:sidewall"}
[routing_node-6] [INFO] [1788453469.197491176] [routing_decision_node]: {"id": 3, "route": "bypass_reject", "confidence": 0.5131893754005432, "surface_class": "tread", "bbox": [139, 141, 161, 178], "reason": "classification_below_threshold"}
[routing_node-6] [INFO] [1788453469.197999542] [routing_decision_node]: {"id": 4, "route": "recompounding_raw_material", "confidence": 0.9711653590202332, "surface_class": "tread", "bbox": [157, 160, 197, 199], "reason": "passenger:tread"}
[routing_node-6] [INFO] [1788453469.198422535] [routing_decision_node]: {"id": 5, "route": "devulcanization_cbr", "confidence": 0.7967201471328735, "surface_class": "sidewall", "bbox": [158, 197, 173, 226], "reason": "otr_mining:sidewall"}
[routing_node-6] [INFO] [1788453469.240990502] [routing_decision_node]: {"id": 3, "route": "bypass_reject", "confidence": 0.5486023426055908, "surface_class": "tread", "bbox": [139, 141, 162, 178], "reason": "classification_below_threshold"}
[pbvs_controller-4] [INFO] [1788453469.241001555] [pbvs_controller_node]: fragments=3 eligible=2 reachable=0 locked=no
[routing_node-6] [INFO] [1788453469.241668677] [routing_decision_node]: {"id": 4, "route": "recompounding_raw_material", "confidence": 0.9686372876167297, "surface_class": "tread", "bbox": [157, 160, 197, 199], "reason": "passenger:tread"}
[routing_node-6] [INFO] [1788453469.242273687] [routing_decision_node]: {"id": 5, "route": "devulcanization_cbr", "confidence": 0.7779399156570435, "surface_class": "sidewall", "bbox": [158, 197, 173, 226], "reason": "otr_mining:sidewall"}
[routing_node-6] [INFO] [1788453469.280330485] [routing_decision_node]: {"id": 3, "route": "bypass_reject", "confidence": 0.5486023426055908, "surface_class": "tread", "bbox": [139, 141, 162, 178], "reason": "classification_below_threshold"}
[routing_node-6] [INFO] [1788453469.281132949] [routing_decision_node]: {"id": 4, "route": "recompounding_raw_material", "confidence": 0.9686372876167297, "surface_class": "tread", "bbox": [157, 160, 197, 199], "reason": "passenger:tread"}
[routing_node-6] [INFO] [1788453469.281580751] [routing_decision_node]: {"id": 5, "route": "devulcanization_cbr", "confidence": 0.7779399156570435, "surface_class": "sidewall", "bbox": [158, 197, 173, 226], "reason": "otr_mining:sidewall"}
[routing_node-6] [INFO] [1788453469.323411505] [routing_decision_node]: {"id": 3, "route": "bypass_reject", "confidence": 0.5177611112594604, "surface_class": "tread", "bbox": [139, 141, 162, 178], "reason": "classification_below_threshold"}
[routing_node-6] [INFO] [1788453469.325009970] [routing_decision_node]: {"id": 4, "route": "recompounding_raw_material", "confidence": 0.9803600907325745, "surface_class": "tread", "bbox": [157, 160, 197, 197], "reason": "passenger:tread"}
[routing_node-6] [INFO] [1788453469.325520729] [routing_decision_node]: {"id": 5, "route": "devulcanization_cbr", "confidence": 0.8144931793212891, "surface_class": "sidewall", "bbox": [158, 196, 173, 225], "reason": "otr_mining:sidewall"}
[routing_node-6] [INFO] [1788453469.364057474] [routing_decision_node]: {"id": 3, "route": "bypass_reject", "confidence": 0.5177611112594604, "surface_class": "tread", "bbox": [139, 140, 162, 178], "reason": "classification_below_threshold"}
[routing_node-6] [INFO] [1788453469.364541576] [routing_decision_node]: {"id": 4, "route": "recompounding_raw_material", "confidence": 0.9803600907325745, "surface_class": "tread", "bbox": [156, 159, 197, 198], "reason": "passenger:tread"}
[routing_node-6] [INFO] [1788453469.364950722] [routing_decision_node]: {"id": 5, "route": "devulcanization_cbr", "confidence": 0.8144931793212891, "surface_class": "sidewall", "bbox": [158, 196, 173, 225], "reason": "otr_mining:sidewall"}
[routing_node-6] [INFO] [1788453469.399789232] [routing_decision_node]: {"id": 3, "route": "bypass_reject", "confidence": 0.5177611112594604, "surface_class": "tread", "bbox": [139, 140, 162, 178], "reason": "classification_below_threshold"}
[routing_node-6] [INFO] [1788453469.400174905] [routing_decision_node]: {"id": 4, "route": "recompounding_raw_material", "confidence": 0.9803600907325745, "surface_class": "tread", "bbox": [156, 159, 197, 198], "reason": "passenger:tread"}
[routing_node-6] [INFO] [1788453469.400655004] [routing_decision_node]: {"id": 5, "route": "devulcanization_cbr", "confidence": 0.8144931793212891, "surface_class": "sidewall", "bbox": [158, 196, 173, 225], "reason": "otr_mining:sidewall"}
[routing_node-6] [INFO] [1788453469.445685584] [routing_decision_node]: {"id": 3, "route": "bypass_reject", "confidence": 0.4193846881389618, "surface_class": "tread", "bbox": [139, 140, 161, 178], "reason": "classification_below_threshold"}
[routing_node-6] [INFO] [1788453469.448180496] [routing_decision_node]: {"id": 4, "route": "recompounding_raw_material", "confidence": 0.974215030670166, "surface_class": "tread", "bbox": [157, 159, 197, 198], "reason": "passenger:tread"}
[routing_node-6] [INFO] [1788453469.448987432] [routing_decision_node]: {"id": 5, "route": "devulcanization_cbr", "confidence": 0.8780261278152466, "surface_class": "sidewall", "bbox": [158, 196, 173, 225], "reason": "otr_mining:sidewall"}
[routing_node-6] [INFO] [1788453469.489440072] [routing_decision_node]: {"id": 3, "route": "bypass_reject", "confidence": 0.4193846881389618, "surface_class": "tread", "bbox": [139, 140, 161, 177], "reason": "classification_below_threshold"}
[routing_node-6] [INFO] [1788453469.489805212] [routing_decision_node]: {"id": 4, "route": "recompounding_raw_material", "confidence": 0.974215030670166, "surface_class": "tread", "bbox": [157, 159, 197, 198], "reason": "passenger:tread"}
[routing_node-6] [INFO] [1788453469.490179581] [routing_decision_node]: {"id": 5, "route": "devulcanization_cbr", "confidence": 0.8780261278152466, "surface_class": "sidewall", "bbox": [158, 196, 173, 225], "reason": "otr_mining:sidewall"}
[routing_node-6] [INFO] [1788453469.535624684] [routing_decision_node]: {"id": 3, "route": "bypass_reject", "confidence": 0.5261527895927429, "surface_class": "tread", "bbox": [139, 140, 162, 177], "reason": "classification_below_threshold"}
[routing_node-6] [INFO] [1788453469.538176757] [routing_decision_node]: {"id": 4, "route": "recompounding_raw_material", "confidence": 0.976778507232666, "surface_class": "tread", "bbox": [157, 159, 197, 198], "reason": "passenger:tread"}
[routing_node-6] [INFO] [1788453469.538851772] [routing_decision_node]: {"id": 5, "route": "devulcanization_cbr", "confidence": 0.922671914100647, "surface_class": "sidewall", "bbox": [158, 196, 173, 225], "reason": "otr_mining:sidewall"}
[routing_node-6] [INFO] [1788453469.578275233] [routing_decision_node]: {"id": 3, "route": "bypass_reject", "confidence": 0.5261527895927429, "surface_class": "tread", "bbox": [139, 140, 162, 177], "reason": "classification_below_threshold"}
[routing_node-6] [INFO] [1788453469.578808637] [routing_decision_node]: {"id": 4, "route": "recompounding_raw_material", "confidence": 0.976778507232666, "surface_class": "tread", "bbox": [157, 159, 197, 198], "reason": "passenger:tread"}
[routing_node-6] [INFO] [1788453469.579275905] [routing_decision_node]: {"id": 5, "route": "devulcanization_cbr", "confidence": 0.922671914100647, "surface_class": "sidewall", "bbox": [158, 196, 173, 225], "reason": "otr_mining:sidewall"}
[routing_node-6] [INFO] [1788453469.627626896] [routing_decision_node]: {"id": 3, "route": "bypass_reject", "confidence": 0.47543588280677795, "surface_class": "tread", "bbox": [139, 140, 162, 177], "reason": "classification_below_threshold"}
[routing_node-6] [INFO] [1788453469.628380376] [routing_decision_node]: {"id": 4, "route": "recompounding_raw_material", "confidence": 0.9729822278022766, "surface_class": "tread", "bbox": [156, 159, 197, 196], "reason": "passenger:tread"}
[routing_node-6] [INFO] [1788453469.628847462] [routing_decision_node]: {"id": 5, "route": "devulcanization_cbr", "confidence": 0.764049232006073, "surface_class": "sidewall", "bbox": [158, 195, 173, 224], "reason": "otr_mining:sidewall"}
[routing_node-6] [INFO] [1788453469.670090688] [routing_decision_node]: {"id": 3, "route": "bypass_reject", "confidence": 0.47543588280677795, "surface_class": "tread", "bbox": [139, 139, 162, 177], "reason": "classification_below_threshold"}
[routing_node-6] [INFO] [1788453469.670612992] [routing_decision_node]: {"id": 4, "route": "recompounding_raw_material", "confidence": 0.9729822278022766, "surface_class": "tread", "bbox": [156, 158, 197, 197], "reason": "passenger:tread"}
[routing_node-6] [INFO] [1788453469.671117088] [routing_decision_node]: {"id": 5, "route": "devulcanization_cbr", "confidence": 0.764049232006073, "surface_class": "sidewall", "bbox": [158, 195, 173, 224], "reason": "otr_mining:sidewall"}
[routing_node-6] [INFO] [1788453469.715687230] [routing_decision_node]: {"id": 3, "route": "bypass_reject", "confidence": 0.47543588280677795, "surface_class": "tread", "bbox": [139, 139, 162, 177], "reason": "classification_below_threshold"}
[routing_node-6] [INFO] [1788453469.717721739] [routing_decision_node]: {"id": 4, "route": "recompounding_raw_material", "confidence": 0.9729822278022766, "surface_class": "tread", "bbox": [156, 158, 197, 197], "reason": "passenger:tread"}
[routing_node-6] [INFO] [1788453469.719455062] [routing_decision_node]: {"id": 5, "route": "devulcanization_cbr", "confidence": 0.764049232006073, "surface_class": "sidewall", "bbox": [158, 195, 173, 224], "reason": "otr_mining:sidewall"}
[routing_node-6] [INFO] [1788453469.761067697] [routing_decision_node]: {"id": 3, "route": "bypass_reject", "confidence": 0.4540252983570099, "surface_class": "tread", "bbox": [139, 139, 161, 177], "reason": "classification_below_threshold"}
[routing_node-6] [INFO] [1788453469.761669833] [routing_decision_node]: {"id": 4, "route": "recompounding_raw_material", "confidence": 0.9595668315887451, "surface_class": "tread", "bbox": [157, 158, 197, 197], "reason": "passenger:tread"}
[routing_node-6] [INFO] [1788453469.762199134] [routing_decision_node]: {"id": 5, "route": "devulcanization_cbr", "confidence": 0.8665466904640198, "surface_class": "sidewall", "bbox": [158, 195, 173, 224], "reason": "otr_mining:sidewall"}
[routing_node-6] [INFO] [1788453469.808239122] [routing_decision_node]: {"id": 3, "route": "bypass_reject", "confidence": 0.4540252983570099, "surface_class": "tread", "bbox": [139, 139, 161, 176], "reason": "classification_below_threshold"}
[routing_node-6] [INFO] [1788453469.810654471] [routing_decision_node]: {"id": 4, "route": "recompounding_raw_material", "confidence": 0.9595668315887451, "surface_class": "tread", "bbox": [157, 158, 197, 197], "reason": "passenger:tread"}
[routing_node-6] [INFO] [1788453469.811286966] [routing_decision_node]: {"id": 5, "route": "devulcanization_cbr", "confidence": 0.8665466904640198, "surface_class": "sidewall", "bbox": [158, 195, 173, 224], "reason": "otr_mining:sidewall"}
[routing_node-6] [INFO] [1788453469.854179195] [routing_decision_node]: {"id": 3, "route": "bypass_reject", "confidence": 0.489882230758667, "surface_class": "tread", "bbox": [139, 139, 162, 176], "reason": "classification_below_threshold"}
[routing_node-6] [INFO] [1788453469.855944280] [routing_decision_node]: {"id": 4, "route": "recompounding_raw_material", "confidence": 0.9877053499221802, "surface_class": "tread", "bbox": [157, 158, 197, 197], "reason": "passenger:tread"}
[routing_node-6] [INFO] [1788453469.856352429] [routing_decision_node]: {"id": 5, "route": "devulcanization_cbr", "confidence": 0.8159456849098206, "surface_class": "sidewall", "bbox": [158, 195, 173, 224], "reason": "otr_mining:sidewall"}
[routing_node-6] [INFO] [1788453469.899477750] [routing_decision_node]: {"id": 3, "route": "bypass_reject", "confidence": 0.489882230758667, "surface_class": "tread", "bbox": [139, 139, 162, 176], "reason": "classification_below_threshold"}
[routing_node-6] [INFO] [1788453469.900498191] [routing_decision_node]: {"id": 4, "route": "recompounding_raw_material", "confidence": 0.9877053499221802, "surface_class": "tread", "bbox": [157, 158, 197, 197], "reason": "passenger:tread"}
[routing_node-6] [INFO] [1788453469.901074403] [routing_decision_node]: {"id": 5, "route": "devulcanization_cbr", "confidence": 0.8159456849098206, "surface_class": "sidewall", "bbox": [158, 195, 173, 224], "reason": "otr_mining:sidewall"}
[routing_node-6] [INFO] [1788453469.939771018] [routing_decision_node]: {"id": 3, "route": "bypass_reject", "confidence": 0.4615040123462677, "surface_class": "tread", "bbox": [139, 139, 162, 176], "reason": "classification_below_threshold"}
[routing_node-6] [INFO] [1788453469.940303852] [routing_decision_node]: {"id": 4, "route": "recompounding_raw_material", "confidence": 0.9789303541183472, "surface_class": "tread", "bbox": [157, 158, 197, 195], "reason": "passenger:tread"}
[routing_node-6] [INFO] [1788453469.940808885] [routing_decision_node]: {"id": 5, "route": "devulcanization_cbr", "confidence": 0.8460829854011536, "surface_class": "sidewall", "bbox": [158, 194, 173, 223], "reason": "otr_mining:sidewall"}
[routing_node-6] [INFO] [1788453469.977900466] [routing_decision_node]: {"id": 3, "route": "bypass_reject", "confidence": 0.4615040123462677, "surface_class": "tread", "bbox": [139, 138, 162, 176], "reason": "classification_below_threshold"}
[routing_node-6] [INFO] [1788453469.978589353] [routing_decision_node]: {"id": 4, "route": "recompounding_raw_material", "confidence": 0.9789303541183472, "surface_class": "tread", "bbox": [156, 157, 197, 196], "reason": "passenger:tread"}
[routing_node-6] [INFO] [1788453469.979261305] [routing_decision_node]: {"id": 5, "route": "devulcanization_cbr", "confidence": 0.8460829854011536, "surface_class": "sidewall", "bbox": [158, 194, 173, 223], "reason": "otr_mining:sidewall"}
[routing_node-6] [INFO] [1788453470.021665036] [routing_decision_node]: {"id": 3, "route": "bypass_reject", "confidence": 0.5121574997901917, "surface_class": "tread", "bbox": [139, 138, 162, 176], "reason": "classification_below_threshold"}
[routing_node-6] [INFO] [1788453470.022612702] [routing_decision_node]: {"id": 4, "route": "recompounding_raw_material", "confidence": 0.9667006731033325, "surface_class": "tread", "bbox": [156, 157, 197, 196], "reason": "passenger:tread"}
[routing_node-6] [INFO] [1788453470.023038863] [routing_decision_node]: {"id": 5, "route": "devulcanization_cbr", "confidence": 0.8105473518371582, "surface_class": "sidewall", "bbox": [158, 194, 173, 223], "reason": "otr_mining:sidewall"}
[routing_node-6] [INFO] [1788453470.067792920] [routing_decision_node]: {"id": 3, "route": "bypass_reject", "confidence": 0.5121574997901917, "surface_class": "tread", "bbox": [139, 138, 161, 176], "reason": "classification_below_threshold"}
[routing_node-6] [INFO] [1788453470.068453374] [routing_decision_node]: {"id": 4, "route": "recompounding_raw_material", "confidence": 0.9667006731033325, "surface_class": "tread", "bbox": [157, 157, 197, 196], "reason": "passenger:tread"}
[routing_node-6] [INFO] [1788453470.068884697] [routing_decision_node]: {"id": 5, "route": "devulcanization_cbr", "confidence": 0.8105473518371582, "surface_class": "sidewall", "bbox": [158, 194, 173, 223], "reason": "otr_mining:sidewall"}
[routing_node-6] [INFO] [1788453470.115422204] [routing_decision_node]: {"id": 3, "route": "bypass_reject", "confidence": 0.4922841787338257, "surface_class": "tread", "bbox": [139, 138, 161, 175], "reason": "classification_below_threshold"}
[routing_node-6] [INFO] [1788453470.116962348] [routing_decision_node]: {"id": 4, "route": "recompounding_raw_material", "confidence": 0.9713913202285767, "surface_class": "tread", "bbox": [157, 157, 197, 196], "reason": "passenger:tread"}
[routing_node-6] [INFO] [1788453470.117550795] [routing_decision_node]: {"id": 5, "route": "devulcanization_cbr", "confidence": 0.8188300132751465, "surface_class": "sidewall", "bbox": [158, 194, 173, 223], "reason": "otr_mining:sidewall"}
[routing_node-6] [INFO] [1788453470.159176200] [routing_decision_node]: {"id": 3, "route": "bypass_reject", "confidence": 0.4922841787338257, "surface_class": "tread", "bbox": [139, 138, 162, 175], "reason": "classification_below_threshold"}
[routing_node-6] [INFO] [1788453470.160084237] [routing_decision_node]: {"id": 4, "route": "recompounding_raw_material", "confidence": 0.9713913202285767, "surface_class": "tread", "bbox": [157, 157, 197, 196], "reason": "passenger:tread"}
[routing_node-6] [INFO] [1788453470.162465894] [routing_decision_node]: {"id": 5, "route": "devulcanization_cbr", "confidence": 0.8188300132751465, "surface_class": "sidewall", "bbox": [158, 194, 173, 223], "reason": "otr_mining:sidewall"}
[routing_node-6] [INFO] [1788453470.201779626] [routing_decision_node]: {"id": 3, "route": "bypass_reject", "confidence": 0.4922841787338257, "surface_class": "tread", "bbox": [139, 138, 162, 175], "reason": "classification_below_threshold"}
[routing_node-6] [INFO] [1788453470.202244314] [routing_decision_node]: {"id": 4, "route": "recompounding_raw_material", "confidence": 0.9713913202285767, "surface_class": "tread", "bbox": [157, 157, 197, 196], "reason": "passenger:tread"}
[routing_node-6] [INFO] [1788453470.202708375] [routing_decision_node]: {"id": 5, "route": "devulcanization_cbr", "confidence": 0.8188300132751465, "surface_class": "sidewall", "bbox": [158, 194, 173, 223], "reason": "otr_mining:sidewall"}
[routing_node-6] [INFO] [1788453470.245418560] [routing_decision_node]: {"id": 3, "route": "bypass_reject", "confidence": 0.47468340396881104, "surface_class": "tread", "bbox": [139, 138, 162, 175], "reason": "classification_below_threshold"}
[routing_node-6] [INFO] [1788453470.245807320] [routing_decision_node]: {"id": 4, "route": "recompounding_raw_material", "confidence": 0.971625566482544, "surface_class": "tread", "bbox": [157, 157, 197, 194], "reason": "passenger:tread"}
[routing_node-6] [INFO] [1788453470.246204010] [routing_decision_node]: {"id": 5, "route": "devulcanization_cbr", "confidence": 0.7419693470001221, "surface_class": "sidewall", "bbox": [158, 193, 173, 222], "reason": "otr_mining:sidewall"}
[routing_node-6] [INFO] [1788453470.284455507] [routing_decision_node]: {"id": 3, "route": "bypass_reject", "confidence": 0.47468340396881104, "surface_class": "tread", "bbox": [139, 137, 162, 175], "reason": "classification_below_threshold"}
[routing_node-6] [INFO] [1788453470.285013947] [routing_decision_node]: {"id": 4, "route": "recompounding_raw_material", "confidence": 0.971625566482544, "surface_class": "tread", "bbox": [156, 156, 197, 195], "reason": "passenger:tread"}
[routing_node-6] [INFO] [1788453470.285485321] [routing_decision_node]: {"id": 5, "route": "devulcanization_cbr", "confidence": 0.7419693470001221, "surface_class": "sidewall", "bbox": [158, 193, 173, 222], "reason": "otr_mining:sidewall"}
[routing_node-6] [INFO] [1788453470.330275876] [routing_decision_node]: {"id": 3, "route": "bypass_reject", "confidence": 0.5781205892562866, "surface_class": "tread", "bbox": [139, 137, 162, 175], "reason": "classification_below_threshold"}
[routing_node-6] [INFO] [1788453470.330915040] [routing_decision_node]: {"id": 4, "route": "recompounding_raw_material", "confidence": 0.9635229110717773, "surface_class": "tread", "bbox": [156, 156, 197, 195], "reason": "passenger:tread"}
[routing_node-6] [INFO] [1788453470.331307956] [routing_decision_node]: {"id": 5, "route": "devulcanization_cbr", "confidence": 0.8248029947280884, "surface_class": "sidewall", "bbox": [158, 193, 173, 222], "reason": "otr_mining:sidewall"}
[routing_node-6] [INFO] [1788453470.376982317] [routing_decision_node]: {"id": 3, "route": "bypass_reject", "confidence": 0.5781205892562866, "surface_class": "tread", "bbox": [139, 137, 161, 175], "reason": "classification_below_threshold"}
[routing_node-6] [INFO] [1788453470.377344774] [routing_decision_node]: {"id": 4, "route": "recompounding_raw_material", "confidence": 0.9635229110717773, "surface_class": "tread", "bbox": [156, 156, 197, 195], "reason": "passenger:tread"}
[routing_node-6] [INFO] [1788453470.377670996] [routing_decision_node]: {"id": 5, "route": "devulcanization_cbr", "confidence": 0.8248029947280884, "surface_class": "sidewall", "bbox": [158, 193, 173, 222], "reason": "otr_mining:sidewall"}
[routing_node-6] [INFO] [1788453470.422630919] [routing_decision_node]: {"id": 3, "route": "bypass_reject", "confidence": 0.5950778126716614, "surface_class": "tread", "bbox": [139, 137, 161, 174], "reason": "classification_below_threshold"}
[routing_node-6] [INFO] [1788453470.424990981] [routing_decision_node]: {"id": 4, "route": "recompounding_raw_material", "confidence": 0.974784791469574, "surface_class": "tread", "bbox": [157, 156, 197, 195], "reason": "passenger:tread"}
[routing_node-6] [INFO] [1788453470.426419799] [routing_decision_node]: {"id": 5, "route": "devulcanization_cbr", "confidence": 0.881969153881073, "surface_class": "sidewall", "bbox": [158, 193, 173, 222], "reason": "otr_mining:sidewall"}
[routing_node-6] [INFO] [1788453470.464088010] [routing_decision_node]: {"id": 3, "route": "bypass_reject", "confidence": 0.5950778126716614, "surface_class": "tread", "bbox": [139, 137, 162, 174], "reason": "classification_below_threshold"}
[routing_node-6] [INFO] [1788453470.464553062] [routing_decision_node]: {"id": 4, "route": "recompounding_raw_material", "confidence": 0.974784791469574, "surface_class": "tread", "bbox": [157, 156, 197, 195], "reason": "passenger:tread"}
[routing_node-6] [INFO] [1788453470.465190507] [routing_decision_node]: {"id": 5, "route": "devulcanization_cbr", "confidence": 0.881969153881073, "surface_class": "sidewall", "bbox": [158, 193, 173, 222], "reason": "otr_mining:sidewall"}
[routing_node-6] [INFO] [1788453470.506812484] [routing_decision_node]: {"id": 3, "route": "bypass_reject", "confidence": 0.5950778126716614, "surface_class": "tread", "bbox": [139, 137, 162, 174], "reason": "classification_below_threshold"}
[routing_node-6] [INFO] [1788453470.508777497] [routing_decision_node]: {"id": 4, "route": "recompounding_raw_material", "confidence": 0.974784791469574, "surface_class": "tread", "bbox": [157, 156, 197, 192], "reason": "passenger:tread"}
[routing_node-6] [INFO] [1788453470.509792705] [routing_decision_node]: {"id": 5, "route": "recompounding_raw_material", "confidence": 0.9778352379798889, "surface_class": "sidewall", "bbox": [158, 192, 174, 194], "reason": "passenger:sidewall"}
[routing_node-6] [INFO] [1788453470.510666988] [routing_decision_node]: {"id": 6, "route": "devulcanization_cbr", "confidence": 0.881969153881073, "surface_class": "sidewall", "bbox": [158, 195, 173, 222], "reason": "otr_mining:sidewall"}
[routing_node-6] [INFO] [1788453470.548103877] [routing_decision_node]: {"id": 3, "route": "bypass_reject", "confidence": 0.48046228289604187, "surface_class": "tread", "bbox": [139, 137, 162, 174], "reason": "classification_below_threshold"}
[routing_node-6] [INFO] [1788453470.548486090] [routing_decision_node]: {"id": 4, "route": "recompounding_raw_material", "confidence": 0.9776769280433655, "surface_class": "tread", "bbox": [157, 156, 197, 193], "reason": "passenger:tread"}
[routing_node-6] [INFO] [1788453470.548991691] [routing_decision_node]: {"id": 5, "route": "devulcanization_cbr", "confidence": 0.7881881594657898, "surface_class": "sidewall", "bbox": [158, 192, 173, 221], "reason": "otr_mining:sidewall"}
[routing_node-6] [INFO] [1788453470.590795594] [routing_decision_node]: {"id": 3, "route": "bypass_reject", "confidence": 0.48046228289604187, "surface_class": "tread", "bbox": [139, 136, 162, 174], "reason": "classification_below_threshold"}
[routing_node-6] [INFO] [1788453470.592857466] [routing_decision_node]: {"id": 4, "route": "recompounding_raw_material", "confidence": 0.9776769280433655, "surface_class": "tread", "bbox": [156, 155, 197, 194], "reason": "passenger:tread"}
[routing_node-6] [INFO] [1788453470.593436355] [routing_decision_node]: {"id": 5, "route": "devulcanization_cbr", "confidence": 0.7881881594657898, "surface_class": "sidewall", "bbox": [158, 192, 173, 221], "reason": "otr_mining:sidewall"}
[routing_node-6] [INFO] [1788453470.637127736] [routing_decision_node]: {"id": 3, "route": "bypass_reject", "confidence": 0.44439631700515747, "surface_class": "tread", "bbox": [139, 136, 162, 174], "reason": "classification_below_threshold"}
[routing_node-6] [INFO] [1788453470.638368582] [routing_decision_node]: {"id": 4, "route": "recompounding_raw_material", "confidence": 0.9687402844429016, "surface_class": "tread", "bbox": [156, 155, 197, 194], "reason": "passenger:tread"}
[routing_node-6] [INFO] [1788453470.638834993] [routing_decision_node]: {"id": 5, "route": "devulcanization_cbr", "confidence": 0.8428925275802612, "surface_class": "sidewall", "bbox": [158, 192, 173, 221], "reason": "otr_mining:sidewall"}
[routing_node-6] [INFO] [1788453470.675077447] [routing_decision_node]: {"id": 3, "route": "bypass_reject", "confidence": 0.44439631700515747, "surface_class": "tread", "bbox": [139, 136, 161, 174], "reason": "classification_below_threshold"}
[routing_node-6] [INFO] [1788453470.677328424] [routing_decision_node]: {"id": 4, "route": "recompounding_raw_material", "confidence": 0.9687402844429016, "surface_class": "tread", "bbox": [156, 155, 197, 194], "reason": "passenger:tread"}
[routing_node-6] [INFO] [1788453470.678436550] [routing_decision_node]: {"id": 5, "route": "devulcanization_cbr", "confidence": 0.8428925275802612, "surface_class": "sidewall", "bbox": [158, 192, 173, 221], "reason": "otr_mining:sidewall"}
[routing_node-6] [INFO] [1788453470.721620560] [routing_decision_node]: {"id": 3, "route": "bypass_reject", "confidence": 0.5510372519493103, "surface_class": "tread", "bbox": [139, 136, 161, 173], "reason": "classification_below_threshold"}
[routing_node-6] [INFO] [1788453470.723645739] [routing_decision_node]: {"id": 4, "route": "recompounding_raw_material", "confidence": 0.9708319902420044, "surface_class": "tread", "bbox": [157, 155, 197, 194], "reason": "passenger:tread"}
[routing_node-6] [INFO] [1788453470.724917121] [routing_decision_node]: {"id": 5, "route": "devulcanization_cbr", "confidence": 0.8794112205505371, "surface_class": "sidewall", "bbox": [158, 192, 173, 221], "reason": "otr_mining:sidewall"}
[routing_node-6] [INFO] [1788453470.769429250] [routing_decision_node]: {"id": 3, "route": "bypass_reject", "confidence": 0.5510372519493103, "surface_class": "tread", "bbox": [139, 136, 162, 173], "reason": "classification_below_threshold"}
[routing_node-6] [INFO] [1788453470.770019417] [routing_decision_node]: {"id": 4, "route": "recompounding_raw_material", "confidence": 0.9708319902420044, "surface_class": "tread", "bbox": [157, 155, 197, 194], "reason": "passenger:tread"}
[routing_node-6] [INFO] [1788453470.770392405] [routing_decision_node]: {"id": 5, "route": "devulcanization_cbr", "confidence": 0.8794112205505371, "surface_class": "sidewall", "bbox": [158, 192, 173, 221], "reason": "otr_mining:sidewall"}
[routing_node-6] [INFO] [1788453470.814623574] [routing_decision_node]: {"id": 3, "route": "bypass_reject", "confidence": 0.4872719645500183, "surface_class": "tread", "bbox": [139, 136, 162, 173], "reason": "classification_below_threshold"}
[routing_node-6] [INFO] [1788453470.816045330] [routing_decision_node]: {"id": 4, "route": "recompounding_raw_material", "confidence": 0.9749027490615845, "surface_class": "tread", "bbox": [157, 155, 197, 191], "reason": "passenger:tread"}
[routing_node-6] [INFO] [1788453470.816526965] [routing_decision_node]: {"id": 5, "route": "recompounding_raw_material", "confidence": 0.9784497618675232, "surface_class": "sidewall", "bbox": [158, 191, 174, 193], "reason": "passenger:sidewall"}
[routing_node-6] [INFO] [1788453470.817002153] [routing_decision_node]: {"id": 6, "route": "devulcanization_cbr", "confidence": 0.9066735506057739, "surface_class": "sidewall", "bbox": [158, 194, 173, 221], "reason": "otr_mining:sidewall"}
[routing_node-6] [INFO] [1788453470.854589034] [routing_decision_node]: {"id": 3, "route": "bypass_reject", "confidence": 0.4872719645500183, "surface_class": "tread", "bbox": [139, 136, 162, 173], "reason": "classification_below_threshold"}
[routing_node-6] [INFO] [1788453470.855626578] [routing_decision_node]: {"id": 4, "route": "recompounding_raw_material", "confidence": 0.9749027490615845, "surface_class": "tread", "bbox": [157, 155, 197, 192], "reason": "passenger:tread"}
[routing_node-6] [INFO] [1788453470.856174642] [routing_decision_node]: {"id": 5, "route": "devulcanization_cbr", "confidence": 0.9066735506057739, "surface_class": "sidewall", "bbox": [158, 191, 173, 220], "reason": "otr_mining:sidewall"}
[routing_node-6] [INFO] [1788453470.894951854] [routing_decision_node]: {"id": 3, "route": "bypass_reject", "confidence": 0.4872719645500183, "surface_class": "tread", "bbox": [139, 135, 162, 173], "reason": "classification_below_threshold"}
[routing_node-6] [INFO] [1788453470.895490639] [routing_decision_node]: {"id": 4, "route": "recompounding_raw_material", "confidence": 0.9749027490615845, "surface_class": "tread", "bbox": [156, 154, 197, 193], "reason": "passenger:tread"}
[routing_node-6] [INFO] [1788453470.896084979] [routing_decision_node]: {"id": 5, "route": "devulcanization_cbr", "confidence": 0.9066735506057739, "surface_class": "sidewall", "bbox": [158, 191, 173, 220], "reason": "otr_mining:sidewall"}
[routing_node-6] [INFO] [1788453470.935864459] [routing_decision_node]: {"id": 3, "route": "bypass_reject", "confidence": 0.5242485404014587, "surface_class": "tread", "bbox": [139, 135, 162, 173], "reason": "classification_below_threshold"}
[routing_node-6] [INFO] [1788453470.938123637] [routing_decision_node]: {"id": 4, "route": "recompounding_raw_material", "confidence": 0.9790056347846985, "surface_class": "tread", "bbox": [156, 154, 197, 193], "reason": "passenger:tread"}
[routing_node-6] [INFO] [1788453470.938829553] [routing_decision_node]: {"id": 5, "route": "devulcanization_cbr", "confidence": 0.8238446116447449, "surface_class": "sidewall", "bbox": [158, 191, 173, 220], "reason": "otr_mining:sidewall"}
[routing_node-6] [INFO] [1788453470.976443553] [routing_decision_node]: {"id": 3, "route": "bypass_reject", "confidence": 0.5242485404014587, "surface_class": "tread", "bbox": [139, 135, 161, 173], "reason": "classification_below_threshold"}
[routing_node-6] [INFO] [1788453470.977592262] [routing_decision_node]: {"id": 4, "route": "recompounding_raw_material", "confidence": 0.9790056347846985, "surface_class": "tread", "bbox": [156, 154, 197, 193], "reason": "passenger:tread"}
[routing_node-6] [INFO] [1788453470.978219894] [routing_decision_node]: {"id": 5, "route": "devulcanization_cbr", "confidence": 0.8238446116447449, "surface_class": "sidewall", "bbox": [158, 191, 173, 220], "reason": "otr_mining:sidewall"}
[routing_node-6] [INFO] [1788453471.018331314] [routing_decision_node]: {"id": 3, "route": "bypass_reject", "confidence": 0.4947187304496765, "surface_class": "tread", "bbox": [139, 135, 161, 172], "reason": "classification_below_threshold"}
[routing_node-6] [INFO] [1788453471.020537937] [routing_decision_node]: {"id": 4, "route": "recompounding_raw_material", "confidence": 0.9704063534736633, "surface_class": "tread", "bbox": [157, 154, 197, 193], "reason": "passenger:tread"}
[routing_node-6] [INFO] [1788453471.021546470] [routing_decision_node]: {"id": 5, "route": "devulcanization_cbr", "confidence": 0.9039859175682068, "surface_class": "sidewall", "bbox": [158, 191, 173, 220], "reason": "otr_mining:sidewall"}
[routing_node-6] [INFO] [1788453471.069163979] [routing_decision_node]: {"id": 3, "route": "bypass_reject", "confidence": 0.4947187304496765, "surface_class": "tread", "bbox": [139, 135, 162, 172], "reason": "classification_below_threshold"}
[routing_node-6] [INFO] [1788453471.070246663] [routing_decision_node]: {"id": 4, "route": "recompounding_raw_material", "confidence": 0.9704063534736633, "surface_class": "tread", "bbox": [157, 154, 197, 193], "reason": "passenger:tread"}
[routing_node-6] [INFO] [1788453471.072329540] [routing_decision_node]: {"id": 5, "route": "devulcanization_cbr", "confidence": 0.9039859175682068, "surface_class": "sidewall", "bbox": [158, 191, 173, 220], "reason": "otr_mining:sidewall"}
[routing_node-6] [INFO] [1788453471.117983211] [routing_decision_node]: {"id": 3, "route": "bypass_reject", "confidence": 0.5523780584335327, "surface_class": "tread", "bbox": [139, 135, 162, 172], "reason": "classification_below_threshold"}
[routing_node-6] [INFO] [1788453471.118451223] [routing_decision_node]: {"id": 4, "route": "recompounding_raw_material", "confidence": 0.9765428900718689, "surface_class": "tread", "bbox": [157, 154, 197, 190], "reason": "passenger:tread"}
[routing_node-6] [INFO] [1788453471.118897142] [routing_decision_node]: {"id": 5, "route": "recompounding_raw_material", "confidence": 0.9508181214332581, "surface_class": "sidewall", "bbox": [158, 190, 174, 192], "reason": "passenger:sidewall"}
[routing_node-6] [INFO] [1788453471.119316977] [routing_decision_node]: {"id": 6, "route": "devulcanization_cbr", "confidence": 0.8532580137252808, "surface_class": "sidewall", "bbox": [158, 193, 173, 220], "reason": "otr_mining:sidewall"}
[routing_node-6] [INFO] [1788453471.163686053] [routing_decision_node]: {"id": 3, "route": "bypass_reject", "confidence": 0.5523780584335327, "surface_class": "tread", "bbox": [139, 135, 162, 172], "reason": "classification_below_threshold"}
[routing_node-6] [INFO] [1788453471.164239639] [routing_decision_node]: {"id": 4, "route": "recompounding_raw_material", "confidence": 0.9765428900718689, "surface_class": "tread", "bbox": [157, 154, 197, 191], "reason": "passenger:tread"}
[routing_node-6] [INFO] [1788453471.164605130] [routing_decision_node]: {"id": 5, "route": "devulcanization_cbr", "confidence": 0.8532580137252808, "surface_class": "sidewall", "bbox": [158, 190, 173, 219], "reason": "otr_mining:sidewall"}
[routing_node-6] [INFO] [1788453471.208371214] [routing_decision_node]: {"id": 3, "route": "bypass_reject", "confidence": 0.5523780584335327, "surface_class": "tread", "bbox": [139, 134, 162, 172], "reason": "classification_below_threshold"}
[routing_node-6] [INFO] [1788453471.208781072] [routing_decision_node]: {"id": 4, "route": "recompounding_raw_material", "confidence": 0.9765428900718689, "surface_class": "tread", "bbox": [156, 153, 197, 192], "reason": "passenger:tread"}
[routing_node-6] [INFO] [1788453471.209241835] [routing_decision_node]: {"id": 5, "route": "devulcanization_cbr", "confidence": 0.8532580137252808, "surface_class": "sidewall", "bbox": [158, 190, 173, 219], "reason": "otr_mining:sidewall"}
[pbvs_controller-4] [INFO] [1788453471.254190808] [pbvs_controller_node]: fragments=3 eligible=2 reachable=0 locked=no
[routing_node-6] [INFO] [1788453471.254335003] [routing_decision_node]: {"id": 3, "route": "bypass_reject", "confidence": 0.47418469190597534, "surface_class": "tread", "bbox": [139, 134, 162, 172], "reason": "classification_below_threshold"}
[routing_node-6] [INFO] [1788453471.254741024] [routing_decision_node]: {"id": 4, "route": "recompounding_raw_material", "confidence": 0.9372949600219727, "surface_class": "tread", "bbox": [156, 153, 197, 192], "reason": "passenger:tread"}
[routing_node-6] [INFO] [1788453471.255253915] [routing_decision_node]: {"id": 5, "route": "devulcanization_cbr", "confidence": 0.8305591344833374, "surface_class": "sidewall", "bbox": [158, 190, 173, 219], "reason": "otr_mining:sidewall"}
[routing_node-6] [INFO] [1788453471.291854702] [routing_decision_node]: {"id": 3, "route": "bypass_reject", "confidence": 0.47418469190597534, "surface_class": "tread", "bbox": [139, 134, 161, 172], "reason": "classification_below_threshold"}
[routing_node-6] [INFO] [1788453471.293289295] [routing_decision_node]: {"id": 4, "route": "recompounding_raw_material", "confidence": 0.9372949600219727, "surface_class": "tread", "bbox": [156, 153, 197, 192], "reason": "passenger:tread"}
[routing_node-6] [INFO] [1788453471.293871475] [routing_decision_node]: {"id": 5, "route": "devulcanization_cbr", "confidence": 0.8305591344833374, "surface_class": "sidewall", "bbox": [158, 190, 173, 219], "reason": "otr_mining:sidewall"}
[routing_node-6] [INFO] [1788453471.334926930] [routing_decision_node]: {"id": 3, "route": "bypass_reject", "confidence": 0.5146941542625427, "surface_class": "tread", "bbox": [139, 134, 161, 171], "reason": "classification_below_threshold"}
[routing_node-6] [INFO] [1788453471.335309332] [routing_decision_node]: {"id": 4, "route": "recompounding_raw_material", "confidence": 0.9845414161682129, "surface_class": "tread", "bbox": [157, 153, 197, 192], "reason": "passenger:tread"}
[routing_node-6] [INFO] [1788453471.335693195] [routing_decision_node]: {"id": 5, "route": "devulcanization_cbr", "confidence": 0.8849083185195923, "surface_class": "sidewall", "bbox": [158, 190, 173, 219], "reason": "otr_mining:sidewall"}
[routing_node-6] [INFO] [1788453471.380224414] [routing_decision_node]: {"id": 3, "route": "bypass_reject", "confidence": 0.5146941542625427, "surface_class": "tread", "bbox": [139, 134, 162, 171], "reason": "classification_below_threshold"}
[routing_node-6] [INFO] [1788453471.380968400] [routing_decision_node]: {"id": 4, "route": "recompounding_raw_material", "confidence": 0.9845414161682129, "surface_class": "tread", "bbox": [157, 153, 197, 192], "reason": "passenger:tread"}
[routing_node-6] [INFO] [1788453471.381520967] [routing_decision_node]: {"id": 5, "route": "devulcanization_cbr", "confidence": 0.8849083185195923, "surface_class": "sidewall", "bbox": [158, 190, 173, 219], "reason": "otr_mining:sidewall"}
[routing_node-6] [INFO] [1788453471.420087544] [routing_decision_node]: {"id": 3, "route": "bypass_reject", "confidence": 0.45880234241485596, "surface_class": "tread", "bbox": [139, 134, 162, 171], "reason": "classification_below_threshold"}
[routing_node-6] [INFO] [1788453471.420649468] [routing_decision_node]: {"id": 4, "route": "recompounding_raw_material", "confidence": 0.9808732867240906, "surface_class": "tread", "bbox": [157, 153, 197, 189], "reason": "passenger:tread"}
[routing_node-6] [INFO] [1788453471.421120570] [routing_decision_node]: {"id": 5, "route": "recompounding_raw_material", "confidence": 0.9779819846153259, "surface_class": "sidewall", "bbox": [158, 189, 174, 191], "reason": "passenger:sidewall"}
[routing_node-6] [INFO] [1788453471.421485883] [routing_decision_node]: {"id": 6, "route": "devulcanization_cbr", "confidence": 0.838547945022583, "surface_class": "sidewall", "bbox": [158, 192, 173, 219], "reason": "otr_mining:sidewall"}
[routing_node-6] [INFO] [1788453471.459884172] [routing_decision_node]: {"id": 3, "route": "bypass_reject", "confidence": 0.45880234241485596, "surface_class": "tread", "bbox": [139, 134, 162, 171], "reason": "classification_below_threshold"}
[routing_node-6] [INFO] [1788453471.461192280] [routing_decision_node]: {"id": 4, "route": "recompounding_raw_material", "confidence": 0.9808732867240906, "surface_class": "tread", "bbox": [157, 153, 197, 190], "reason": "passenger:tread"}
[routing_node-6] [INFO] [1788453471.463323891] [routing_decision_node]: {"id": 5, "route": "devulcanization_cbr", "confidence": 0.838547945022583, "surface_class": "sidewall", "bbox": [158, 189, 173, 219], "reason": "otr_mining:sidewall"}
[routing_node-6] [INFO] [1788453471.503355721] [routing_decision_node]: {"id": 3, "route": "bypass_reject", "confidence": 0.45880234241485596, "surface_class": "tread", "bbox": [139, 133, 162, 171], "reason": "classification_below_threshold"}
[routing_node-6] [INFO] [1788453471.504021560] [routing_decision_node]: {"id": 4, "route": "recompounding_raw_material", "confidence": 0.9808732867240906, "surface_class": "tread", "bbox": [156, 152, 197, 191], "reason": "passenger:tread"}
[routing_node-6] [INFO] [1788453471.504554222] [routing_decision_node]: {"id": 5, "route": "devulcanization_cbr", "confidence": 0.838547945022583, "surface_class": "sidewall", "bbox": [158, 189, 173, 218], "reason": "otr_mining:sidewall"}
[routing_node-6] [INFO] [1788453471.552255336] [routing_decision_node]: {"id": 3, "route": "bypass_reject", "confidence": 0.45366495847702026, "surface_class": "tread", "bbox": [139, 133, 162, 171], "reason": "classification_below_threshold"}
[routing_node-6] [INFO] [1788453471.554488466] [routing_decision_node]: {"id": 4, "route": "recompounding_raw_material", "confidence": 0.9690549969673157, "surface_class": "tread", "bbox": [156, 152, 197, 191], "reason": "passenger:tread"}
[routing_node-6] [INFO] [1788453471.555377159] [routing_decision_node]: {"id": 5, "route": "devulcanization_cbr", "confidence": 0.8087565898895264, "surface_class": "sidewall", "bbox": [158, 189, 173, 218], "reason": "otr_mining:sidewall"}
[routing_node-6] [INFO] [1788453471.596687510] [routing_decision_node]: {"id": 3, "route": "bypass_reject", "confidence": 0.45366495847702026, "surface_class": "tread", "bbox": [139, 133, 161, 171], "reason": "classification_below_threshold"}
[routing_node-6] [INFO] [1788453471.598557725] [routing_decision_node]: {"id": 4, "route": "recompounding_raw_material", "confidence": 0.9690549969673157, "surface_class": "tread", "bbox": [156, 152, 197, 191], "reason": "passenger:tread"}
[routing_node-6] [INFO] [1788453471.600446973] [routing_decision_node]: {"id": 5, "route": "devulcanization_cbr", "confidence": 0.8087565898895264, "surface_class": "sidewall", "bbox": [158, 189, 173, 218], "reason": "otr_mining:sidewall"}
[routing_node-6] [INFO] [1788453471.640307541] [routing_decision_node]: {"id": 3, "route": "bypass_reject", "confidence": 0.47398242354393005, "surface_class": "tread", "bbox": [139, 133, 161, 170], "reason": "classification_below_threshold"}
[routing_node-6] [INFO] [1788453471.640925870] [routing_decision_node]: {"id": 4, "route": "recompounding_raw_material", "confidence": 0.9655992984771729, "surface_class": "tread", "bbox": [157, 152, 197, 191], "reason": "passenger:tread"}
[routing_node-6] [INFO] [1788453471.641420144] [routing_decision_node]: {"id": 5, "route": "devulcanization_cbr", "confidence": 0.9393669366836548, "surface_class": "sidewall", "bbox": [158, 189, 173, 218], "reason": "otr_mining:sidewall"}
[routing_node-6] [INFO] [1788453471.683213289] [routing_decision_node]: {"id": 3, "route": "bypass_reject", "confidence": 0.47398242354393005, "surface_class": "tread", "bbox": [139, 133, 162, 170], "reason": "classification_below_threshold"}
[routing_node-6] [INFO] [1788453471.683756490] [routing_decision_node]: {"id": 4, "route": "recompounding_raw_material", "confidence": 0.9655992984771729, "surface_class": "tread", "bbox": [157, 152, 197, 191], "reason": "passenger:tread"}
[routing_node-6] [INFO] [1788453471.684436867] [routing_decision_node]: {"id": 5, "route": "devulcanization_cbr", "confidence": 0.9393669366836548, "surface_class": "sidewall", "bbox": [158, 189, 173, 218], "reason": "otr_mining:sidewall"}
[routing_node-6] [INFO] [1788453471.732248972] [routing_decision_node]: {"id": 3, "route": "bypass_reject", "confidence": 0.5783395767211914, "surface_class": "tread", "bbox": [139, 133, 162, 170], "reason": "classification_below_threshold"}
[routing_node-6] [INFO] [1788453471.732950296] [routing_decision_node]: {"id": 4, "route": "recompounding_raw_material", "confidence": 0.9446307420730591, "surface_class": "tread", "bbox": [157, 152, 197, 188], "reason": "passenger:tread"}
[routing_node-6] [INFO] [1788453471.733530777] [routing_decision_node]: {"id": 5, "route": "recompounding_raw_material", "confidence": 0.9584948420524597, "surface_class": "sidewall", "bbox": [158, 188, 174, 190], "reason": "passenger:sidewall"}
[routing_node-6] [INFO] [1788453471.734879865] [routing_decision_node]: {"id": 6, "route": "devulcanization_cbr", "confidence": 0.8398400545120239, "surface_class": "sidewall", "bbox": [158, 191, 173, 218], "reason": "otr_mining:sidewall"}
[routing_node-6] [INFO] [1788453471.778596353] [routing_decision_node]: {"id": 3, "route": "bypass_reject", "confidence": 0.5783395767211914, "surface_class": "tread", "bbox": [139, 133, 162, 170], "reason": "classification_below_threshold"}
[routing_node-6] [INFO] [1788453471.779119843] [routing_decision_node]: {"id": 4, "route": "recompounding_raw_material", "confidence": 0.9446307420730591, "surface_class": "tread", "bbox": [157, 151, 197, 189], "reason": "passenger:tread"}
[routing_node-6] [INFO] [1788453471.779570236] [routing_decision_node]: {"id": 5, "route": "devulcanization_cbr", "confidence": 0.8398400545120239, "surface_class": "sidewall", "bbox": [158, 188, 173, 217], "reason": "otr_mining:sidewall"}
[routing_node-6] [INFO] [1788453471.823791728] [routing_decision_node]: {"id": 3, "route": "bypass_reject", "confidence": 0.536508321762085, "surface_class": "tread", "bbox": [139, 132, 162, 170], "reason": "classification_below_threshold"}
[routing_node-6] [INFO] [1788453471.824434969] [routing_decision_node]: {"id": 4, "route": "recompounding_raw_material", "confidence": 0.9610671401023865, "surface_class": "tread", "bbox": [156, 151, 197, 190], "reason": "passenger:tread"}
[routing_node-6] [INFO] [1788453471.825040022] [routing_decision_node]: {"id": 5, "route": "devulcanization_cbr", "confidence": 0.8563175201416016, "surface_class": "sidewall", "bbox": [158, 188, 173, 217], "reason": "otr_mining:sidewall"}
[routing_node-6] [INFO] [1788453471.871764225] [routing_decision_node]: {"id": 3, "route": "bypass_reject", "confidence": 0.536508321762085, "surface_class": "tread", "bbox": [139, 132, 162, 170], "reason": "classification_below_threshold"}
[routing_node-6] [INFO] [1788453471.872388917] [routing_decision_node]: {"id": 4, "route": "recompounding_raw_material", "confidence": 0.9610671401023865, "surface_class": "tread", "bbox": [156, 151, 197, 190], "reason": "passenger:tread"}
[routing_node-6] [INFO] [1788453471.873656122] [routing_decision_node]: {"id": 5, "route": "devulcanization_cbr", "confidence": 0.8563175201416016, "surface_class": "sidewall", "bbox": [158, 188, 173, 217], "reason": "otr_mining:sidewall"}
[routing_node-6] [INFO] [1788453471.918593242] [routing_decision_node]: {"id": 3, "route": "bypass_reject", "confidence": 0.49174511432647705, "surface_class": "tread", "bbox": [139, 132, 161, 170], "reason": "classification_below_threshold"}
[routing_node-6] [INFO] [1788453471.920228904] [routing_decision_node]: {"id": 4, "route": "recompounding_raw_material", "confidence": 0.9760186672210693, "surface_class": "tread", "bbox": [156, 151, 197, 190], "reason": "passenger:tread"}
[routing_node-6] [INFO] [1788453471.920792269] [routing_decision_node]: {"id": 5, "route": "devulcanization_cbr", "confidence": 0.8890315890312195, "surface_class": "sidewall", "bbox": [158, 188, 173, 217], "reason": "otr_mining:sidewall"}
[routing_node-6] [INFO] [1788453471.961477930] [routing_decision_node]: {"id": 3, "route": "bypass_reject", "confidence": 0.49174511432647705, "surface_class": "tread", "bbox": [139, 132, 161, 169], "reason": "classification_below_threshold"}
[routing_node-6] [INFO] [1788453471.962265716] [routing_decision_node]: {"id": 4, "route": "recompounding_raw_material", "confidence": 0.9760186672210693, "surface_class": "tread", "bbox": [157, 151, 197, 190], "reason": "passenger:tread"}
[routing_node-6] [INFO] [1788453471.962777773] [routing_decision_node]: {"id": 5, "route": "devulcanization_cbr", "confidence": 0.8890315890312195, "surface_class": "sidewall", "bbox": [158, 188, 173, 217], "reason": "otr_mining:sidewall"}
[routing_node-6] [INFO] [1788453471.998213897] [routing_decision_node]: {"id": 3, "route": "bypass_reject", "confidence": 0.49174511432647705, "surface_class": "tread", "bbox": [139, 132, 162, 169], "reason": "classification_below_threshold"}
[routing_node-6] [INFO] [1788453472.000498538] [routing_decision_node]: {"id": 4, "route": "recompounding_raw_material", "confidence": 0.9760186672210693, "surface_class": "tread", "bbox": [157, 151, 197, 187], "reason": "passenger:tread"}
[routing_node-6] [INFO] [1788453472.001277204] [routing_decision_node]: {"id": 5, "route": "recompounding_raw_material", "confidence": 0.9795079827308655, "surface_class": "sidewall", "bbox": [158, 187, 174, 189], "reason": "passenger:sidewall"}
[routing_node-6] [INFO] [1788453472.001799492] [routing_decision_node]: {"id": 6, "route": "devulcanization_cbr", "confidence": 0.8890315890312195, "surface_class": "sidewall", "bbox": [158, 190, 173, 217], "reason": "otr_mining:sidewall"}
[routing_node-6] [INFO] [1788453472.047050732] [routing_decision_node]: {"id": 3, "route": "bypass_reject", "confidence": 0.48553767800331116, "surface_class": "tread", "bbox": [139, 132, 162, 169], "reason": "classification_below_threshold"}
[routing_node-6] [INFO] [1788453472.047653182] [routing_decision_node]: {"id": 4, "route": "recompounding_raw_material", "confidence": 0.9783212542533875, "surface_class": "tread", "bbox": [157, 151, 197, 188], "reason": "passenger:tread"}
[routing_node-6] [INFO] [1788453472.048250667] [routing_decision_node]: {"id": 5, "route": "devulcanization_cbr", "confidence": 0.9061815738677979, "surface_class": "sidewall", "bbox": [158, 187, 173, 217], "reason": "otr_mining:sidewall"}
[routing_node-6] [INFO] [1788453472.093046649] [routing_decision_node]: {"id": 3, "route": "bypass_reject", "confidence": 0.48553767800331116, "surface_class": "tread", "bbox": [139, 132, 162, 169], "reason": "classification_below_threshold"}
[routing_node-6] [INFO] [1788453472.093771163] [routing_decision_node]: {"id": 4, "route": "recompounding_raw_material", "confidence": 0.9783212542533875, "surface_class": "tread", "bbox": [157, 150, 197, 188], "reason": "passenger:tread"}
[routing_node-6] [INFO] [1788453472.094318085] [routing_decision_node]: {"id": 5, "route": "devulcanization_cbr", "confidence": 0.9061815738677979, "surface_class": "sidewall", "bbox": [158, 187, 173, 217], "reason": "otr_mining:sidewall"}
[routing_node-6] [INFO] [1788453472.140021000] [routing_decision_node]: {"id": 3, "route": "bypass_reject", "confidence": 0.43107229471206665, "surface_class": "tread", "bbox": [139, 131, 162, 169], "reason": "classification_below_threshold"}
[routing_node-6] [INFO] [1788453472.140541771] [routing_decision_node]: {"id": 4, "route": "recompounding_raw_material", "confidence": 0.9692450761795044, "surface_class": "tread", "bbox": [156, 150, 197, 189], "reason": "passenger:tread"}
[routing_node-6] [INFO] [1788453472.141018888] [routing_decision_node]: {"id": 5, "route": "devulcanization_cbr", "confidence": 0.8659001588821411, "surface_class": "sidewall", "bbox": [158, 187, 173, 216], "reason": "otr_mining:sidewall"}
[routing_node-6] [INFO] [1788453472.184765505] [routing_decision_node]: {"id": 3, "route": "bypass_reject", "confidence": 0.43107229471206665, "surface_class": "tread", "bbox": [139, 131, 162, 169], "reason": "classification_below_threshold"}
[routing_node-6] [INFO] [1788453472.185358556] [routing_decision_node]: {"id": 4, "route": "recompounding_raw_material", "confidence": 0.9692450761795044, "surface_class": "tread", "bbox": [156, 150, 197, 189], "reason": "passenger:tread"}
[routing_node-6] [INFO] [1788453472.186006546] [routing_decision_node]: {"id": 5, "route": "devulcanization_cbr", "confidence": 0.8659001588821411, "surface_class": "sidewall", "bbox": [158, 187, 173, 216], "reason": "otr_mining:sidewall"}
[routing_node-6] [INFO] [1788453472.226761853] [routing_decision_node]: {"id": 3, "route": "bypass_reject", "confidence": 0.46095314621925354, "surface_class": "tread", "bbox": [139, 131, 161, 169], "reason": "classification_below_threshold"}
[routing_node-6] [INFO] [1788453472.227656593] [routing_decision_node]: {"id": 4, "route": "recompounding_raw_material", "confidence": 0.9388263821601868, "surface_class": "tread", "bbox": [156, 150, 197, 189], "reason": "passenger:tread"}
[routing_node-6] [INFO] [1788453472.230476730] [routing_decision_node]: {"id": 5, "route": "devulcanization_cbr", "confidence": 0.8621712327003479, "surface_class": "sidewall", "bbox": [158, 187, 173, 216], "reason": "otr_mining:sidewall"}
[routing_node-6] [INFO] [1788453472.272129628] [routing_decision_node]: {"id": 3, "route": "bypass_reject", "confidence": 0.46095314621925354, "surface_class": "tread", "bbox": [139, 131, 161, 168], "reason": "classification_below_threshold"}
[routing_node-6] [INFO] [1788453472.272657347] [routing_decision_node]: {"id": 4, "route": "recompounding_raw_material", "confidence": 0.9388263821601868, "surface_class": "tread", "bbox": [157, 150, 197, 189], "reason": "passenger:tread"}
[routing_node-6] [INFO] [1788453472.273207713] [routing_decision_node]: {"id": 5, "route": "devulcanization_cbr", "confidence": 0.8621712327003479, "surface_class": "sidewall", "bbox": [158, 187, 173, 216], "reason": "otr_mining:sidewall"}
[routing_node-6] [INFO] [1788453472.321969171] [routing_decision_node]: {"id": 3, "route": "bypass_reject", "confidence": 0.6017138361930847, "surface_class": "tread", "bbox": [139, 131, 162, 168], "reason": "classification_below_threshold"}
[routing_node-6] [INFO] [1788453472.322364323] [routing_decision_node]: {"id": 4, "route": "recompounding_raw_material", "confidence": 0.9637928605079651, "surface_class": "tread", "bbox": [157, 150, 197, 186], "reason": "passenger:tread"}
[routing_node-6] [INFO] [1788453472.322740435] [routing_decision_node]: {"id": 5, "route": "recompounding_raw_material", "confidence": 0.9717106223106384, "surface_class": "sidewall", "bbox": [158, 186, 174, 188], "reason": "passenger:sidewall"}
[routing_node-6] [INFO] [1788453472.323179194] [routing_decision_node]: {"id": 6, "route": "devulcanization_cbr", "confidence": 0.8277865648269653, "surface_class": "sidewall", "bbox": [158, 189, 173, 216], "reason": "otr_mining:sidewall"}
[routing_node-6] [INFO] [1788453472.361737117] [routing_decision_node]: {"id": 3, "route": "bypass_reject", "confidence": 0.6017138361930847, "surface_class": "tread", "bbox": [139, 131, 162, 168], "reason": "classification_below_threshold"}
[routing_node-6] [INFO] [1788453472.362148920] [routing_decision_node]: {"id": 4, "route": "recompounding_raw_material", "confidence": 0.9637928605079651, "surface_class": "tread", "bbox": [157, 150, 197, 186], "reason": "passenger:tread"}
[routing_node-6] [INFO] [1788453472.362507426] [routing_decision_node]: {"id": 5, "route": "recompounding_raw_material", "confidence": 0.9717106223106384, "surface_class": "sidewall", "bbox": [158, 186, 174, 188], "reason": "passenger:sidewall"}
[routing_node-6] [INFO] [1788453472.362881777] [routing_decision_node]: {"id": 6, "route": "devulcanization_cbr", "confidence": 0.8277865648269653, "surface_class": "sidewall", "bbox": [158, 189, 173, 216], "reason": "otr_mining:sidewall"}
[routing_node-6] [INFO] [1788453472.408461769] [routing_decision_node]: {"id": 3, "route": "bypass_reject", "confidence": 0.6017138361930847, "surface_class": "tread", "bbox": [139, 131, 162, 168], "reason": "classification_below_threshold"}
[routing_node-6] [INFO] [1788453472.408861569] [routing_decision_node]: {"id": 4, "route": "recompounding_raw_material", "confidence": 0.9637928605079651, "surface_class": "tread", "bbox": [157, 149, 197, 187], "reason": "passenger:tread"}
[routing_node-6] [INFO] [1788453472.409260602] [routing_decision_node]: {"id": 5, "route": "devulcanization_cbr", "confidence": 0.8277865648269653, "surface_class": "sidewall", "bbox": [158, 186, 173, 215], "reason": "otr_mining:sidewall"}
[routing_node-6] [INFO] [1788453472.453835122] [routing_decision_node]: {"id": 3, "route": "bypass_reject", "confidence": 0.5695878863334656, "surface_class": "tread", "bbox": [139, 130, 162, 168], "reason": "classification_below_threshold"}
[routing_node-6] [INFO] [1788453472.454345938] [routing_decision_node]: {"id": 4, "route": "recompounding_raw_material", "confidence": 0.9713829755783081, "surface_class": "tread", "bbox": [157, 149, 197, 188], "reason": "passenger:tread"}
[routing_node-6] [INFO] [1788453472.454726956] [routing_decision_node]: {"id": 5, "route": "devulcanization_cbr", "confidence": 0.8384871482849121, "surface_class": "sidewall", "bbox": [158, 186, 173, 215], "reason": "otr_mining:sidewall"}
[routing_node-6] [INFO] [1788453472.502810159] [routing_decision_node]: {"id": 3, "route": "bypass_reject", "confidence": 0.5695878863334656, "surface_class": "tread", "bbox": [139, 130, 162, 168], "reason": "classification_below_threshold"}
[routing_node-6] [INFO] [1788453472.503386335] [routing_decision_node]: {"id": 4, "route": "recompounding_raw_material", "confidence": 0.9713829755783081, "surface_class": "tread", "bbox": [156, 149, 197, 188], "reason": "passenger:tread"}
[routing_node-6] [INFO] [1788453472.503756869] [routing_decision_node]: {"id": 5, "route": "devulcanization_cbr", "confidence": 0.8384871482849121, "surface_class": "sidewall", "bbox": [158, 186, 173, 215], "reason": "otr_mining:sidewall"}
[routing_node-6] [INFO] [1788453472.542798175] [routing_decision_node]: {"id": 3, "route": "bypass_reject", "confidence": 0.5228127837181091, "surface_class": "tread", "bbox": [139, 130, 161, 168], "reason": "classification_below_threshold"}
[routing_node-6] [INFO] [1788453472.543349148] [routing_decision_node]: {"id": 4, "route": "recompounding_raw_material", "confidence": 0.9777020215988159, "surface_class": "tread", "bbox": [156, 149, 197, 188], "reason": "passenger:tread"}
[routing_node-6] [INFO] [1788453472.543942909] [routing_decision_node]: {"id": 5, "route": "devulcanization_cbr", "confidence": 0.8932096362113953, "surface_class": "sidewall", "bbox": [158, 186, 173, 215], "reason": "otr_mining:sidewall"}
[routing_node-6] [INFO] [1788453472.587665091] [routing_decision_node]: {"id": 3, "route": "bypass_reject", "confidence": 0.5228127837181091, "surface_class": "tread", "bbox": [139, 130, 161, 167], "reason": "classification_below_threshold"}
[routing_node-6] [INFO] [1788453472.588883783] [routing_decision_node]: {"id": 4, "route": "recompounding_raw_material", "confidence": 0.9777020215988159, "surface_class": "tread", "bbox": [156, 149, 197, 188], "reason": "passenger:tread"}
[routing_node-6] [INFO] [1788453472.589591328] [routing_decision_node]: {"id": 5, "route": "devulcanization_cbr", "confidence": 0.8932096362113953, "surface_class": "sidewall", "bbox": [158, 186, 173, 215], "reason": "otr_mining:sidewall"}
[routing_node-6] [INFO] [1788453472.629603605] [routing_decision_node]: {"id": 3, "route": "bypass_reject", "confidence": 0.4984011650085449, "surface_class": "tread", "bbox": [139, 130, 162, 167], "reason": "classification_below_threshold"}
[routing_node-6] [INFO] [1788453472.630144630] [routing_decision_node]: {"id": 4, "route": "recompounding_raw_material", "confidence": 0.9580268859863281, "surface_class": "tread", "bbox": [157, 149, 197, 185], "reason": "passenger:tread"}
[routing_node-6] [INFO] [1788453472.632682847] [routing_decision_node]: {"id": 5, "route": "recompounding_raw_material", "confidence": 0.9731162786483765, "surface_class": "sidewall", "bbox": [158, 185, 174, 187], "reason": "passenger:sidewall"}
[routing_node-6] [INFO] [1788453472.633843469] [routing_decision_node]: {"id": 6, "route": "devulcanization_cbr", "confidence": 0.8183156847953796, "surface_class": "sidewall", "bbox": [158, 188, 173, 215], "reason": "otr_mining:sidewall"}
[routing_node-6] [INFO] [1788453472.674648738] [routing_decision_node]: {"id": 3, "route": "bypass_reject", "confidence": 0.4984011650085449, "surface_class": "tread", "bbox": [139, 130, 162, 167], "reason": "classification_below_threshold"}
[routing_node-6] [INFO] [1788453472.675235368] [routing_decision_node]: {"id": 4, "route": "recompounding_raw_material", "confidence": 0.9580268859863281, "surface_class": "tread", "bbox": [157, 149, 197, 186], "reason": "passenger:tread"}
[routing_node-6] [INFO] [1788453472.677883712] [routing_decision_node]: {"id": 5, "route": "devulcanization_cbr", "confidence": 0.8183156847953796, "surface_class": "sidewall", "bbox": [158, 185, 173, 215], "reason": "otr_mining:sidewall"}
[routing_node-6] [INFO] [1788453472.744814253] [routing_decision_node]: {"id": 3, "route": "bypass_reject", "confidence": 0.5347066521644592, "surface_class": "tread", "bbox": [139, 130, 162, 167], "reason": "classification_below_threshold"}
[routing_node-6] [INFO] [1788453472.745509214] [routing_decision_node]: {"id": 4, "route": "recompounding_raw_material", "confidence": 0.963512122631073, "surface_class": "tread", "bbox": [157, 148, 197, 186], "reason": "passenger:tread"}
[routing_node-6] [INFO] [1788453472.746127485] [routing_decision_node]: {"id": 5, "route": "devulcanization_cbr", "confidence": 0.8642597794532776, "surface_class": "sidewall", "bbox": [158, 185, 173, 214], "reason": "otr_mining:sidewall"}
[routing_node-6] [INFO] [1788453472.746699237] [routing_decision_node]: {"id": 6, "route": "recompounding_raw_material", "confidence": 0.9624968767166138, "surface_class": "sidewall", "bbox": [150, 210, 163, 233], "reason": "passenger:sidewall"}
[routing_node-6] [INFO] [1788453472.790715162] [routing_decision_node]: {"id": 3, "route": "bypass_reject", "confidence": 0.5347066521644592, "surface_class": "tread", "bbox": [139, 129, 162, 167], "reason": "classification_below_threshold"}
[routing_node-6] [INFO] [1788453472.791378584] [routing_decision_node]: {"id": 4, "route": "recompounding_raw_material", "confidence": 0.963512122631073, "surface_class": "tread", "bbox": [157, 148, 197, 187], "reason": "passenger:tread"}
[routing_node-6] [INFO] [1788453472.791867335] [routing_decision_node]: {"id": 5, "route": "devulcanization_cbr", "confidence": 0.8642597794532776, "surface_class": "sidewall", "bbox": [158, 185, 173, 214], "reason": "otr_mining:sidewall"}
[routing_node-6] [INFO] [1788453472.792381033] [routing_decision_node]: {"id": 6, "route": "recompounding_raw_material", "confidence": 0.9624968767166138, "surface_class": "sidewall", "bbox": [150, 209, 163, 232], "reason": "passenger:sidewall"}
[routing_node-6] [INFO] [1788453472.833781937] [routing_decision_node]: {"id": 3, "route": "bypass_reject", "confidence": 0.5384421348571777, "surface_class": "tread", "bbox": [139, 129, 162, 167], "reason": "classification_below_threshold"}
[routing_node-6] [INFO] [1788453472.835020319] [routing_decision_node]: {"id": 4, "route": "recompounding_raw_material", "confidence": 0.9775683879852295, "surface_class": "tread", "bbox": [156, 148, 197, 187], "reason": "passenger:tread"}
[routing_node-6] [INFO] [1788453472.835516386] [routing_decision_node]: {"id": 5, "route": "devulcanization_cbr", "confidence": 0.8173367977142334, "surface_class": "sidewall", "bbox": [158, 185, 173, 214], "reason": "otr_mining:sidewall"}
[routing_node-6] [INFO] [1788453472.836024908] [routing_decision_node]: {"id": 6, "route": "recompounding_raw_material", "confidence": 0.953829824924469, "surface_class": "sidewall", "bbox": [150, 208, 164, 231], "reason": "passenger:sidewall"}
[routing_node-6] [INFO] [1788453472.876123702] [routing_decision_node]: {"id": 3, "route": "bypass_reject", "confidence": 0.5384421348571777, "surface_class": "tread", "bbox": [139, 129, 161, 167], "reason": "classification_below_threshold"}
[routing_node-6] [INFO] [1788453472.876618708] [routing_decision_node]: {"id": 4, "route": "recompounding_raw_material", "confidence": 0.9775683879852295, "surface_class": "tread", "bbox": [156, 148, 197, 187], "reason": "passenger:tread"}
[routing_node-6] [INFO] [1788453472.877080253] [routing_decision_node]: {"id": 5, "route": "devulcanization_cbr", "confidence": 0.8173367977142334, "surface_class": "sidewall", "bbox": [158, 185, 173, 214], "reason": "otr_mining:sidewall"}
[routing_node-6] [INFO] [1788453472.877620850] [routing_decision_node]: {"id": 6, "route": "recompounding_raw_material", "confidence": 0.953829824924469, "surface_class": "sidewall", "bbox": [150, 207, 164, 229], "reason": "passenger:sidewall"}
[routing_node-6] [INFO] [1788453472.925480143] [routing_decision_node]: {"id": 3, "route": "bypass_reject", "confidence": 0.5211454033851624, "surface_class": "tread", "bbox": [139, 129, 161, 166], "reason": "classification_below_threshold"}
[routing_node-6] [INFO] [1788453472.926058362] [routing_decision_node]: {"id": 4, "route": "recompounding_raw_material", "confidence": 0.9827730655670166, "surface_class": "tread", "bbox": [156, 148, 197, 184], "reason": "passenger:tread"}
[routing_node-6] [INFO] [1788453472.926728239] [routing_decision_node]: {"id": 5, "route": "recompounding_raw_material", "confidence": 0.9624968767166138, "surface_class": "sidewall", "bbox": [158, 184, 174, 186], "reason": "passenger:sidewall"}
[routing_node-6] [INFO] [1788453472.927246090] [routing_decision_node]: {"id": 6, "route": "devulcanization_cbr", "confidence": 0.8934131264686584, "surface_class": "sidewall", "bbox": [158, 187, 173, 214], "reason": "otr_mining:sidewall"}
[routing_node-6] [INFO] [1788453472.927733132] [routing_decision_node]: {"id": 7, "route": "recompounding_raw_material", "confidence": 0.9745453000068665, "surface_class": "sidewall", "bbox": [150, 206, 164, 228], "reason": "passenger:sidewall"}
[routing_node-6] [INFO] [1788453472.968454270] [routing_decision_node]: {"id": 3, "route": "bypass_reject", "confidence": 0.5211454033851624, "surface_class": "tread", "bbox": [139, 129, 162, 166], "reason": "classification_below_threshold"}
[routing_node-6] [INFO] [1788453472.969517242] [routing_decision_node]: {"id": 4, "route": "recompounding_raw_material", "confidence": 0.9827730655670166, "surface_class": "tread", "bbox": [157, 148, 197, 184], "reason": "passenger:tread"}
[routing_node-6] [INFO] [1788453472.970173116] [routing_decision_node]: {"id": 5, "route": "recompounding_raw_material", "confidence": 0.9624968767166138, "surface_class": "sidewall", "bbox": [158, 184, 174, 186], "reason": "passenger:sidewall"}
[routing_node-6] [INFO] [1788453472.970785681] [routing_decision_node]: {"id": 6, "route": "devulcanization_cbr", "confidence": 0.8934131264686584, "surface_class": "sidewall", "bbox": [158, 187, 173, 215], "reason": "otr_mining:sidewall"}
[routing_node-6] [INFO] [1788453472.971296930] [routing_decision_node]: {"id": 7, "route": "recompounding_raw_material", "confidence": 0.9745453000068665, "surface_class": "sidewall", "bbox": [150, 205, 163, 226], "reason": "passenger:sidewall"}
[routing_node-6] [INFO] [1788453473.010536712] [routing_decision_node]: {"id": 3, "route": "bypass_reject", "confidence": 0.5211454033851624, "surface_class": "tread", "bbox": [139, 129, 162, 166], "reason": "classification_below_threshold"}
[routing_node-6] [INFO] [1788453473.011284724] [routing_decision_node]: {"id": 4, "route": "recompounding_raw_material", "confidence": 0.9827730655670166, "surface_class": "tread", "bbox": [157, 148, 197, 184], "reason": "passenger:tread"}
[routing_node-6] [INFO] [1788453473.011851919] [routing_decision_node]: {"id": 5, "route": "recompounding_raw_material", "confidence": 0.9624968767166138, "surface_class": "sidewall", "bbox": [158, 183, 174, 186], "reason": "passenger:sidewall"}
[routing_node-6] [INFO] [1788453473.012561564] [routing_decision_node]: {"id": 6, "route": "devulcanization_cbr", "confidence": 0.8934131264686584, "surface_class": "sidewall", "bbox": [158, 187, 173, 216], "reason": "otr_mining:sidewall"}
[routing_node-6] [INFO] [1788453473.015670329] [routing_decision_node]: {"id": 7, "route": "recompounding_raw_material", "confidence": 0.9745453000068665, "surface_class": "sidewall", "bbox": [150, 205, 163, 226], "reason": "passenger:sidewall"}
[routing_node-6] [INFO] [1788453473.054106290] [routing_decision_node]: {"id": 3, "route": "bypass_reject", "confidence": 0.47694599628448486, "surface_class": "tread", "bbox": [139, 129, 162, 166], "reason": "classification_below_threshold"}
[routing_node-6] [INFO] [1788453473.056733307] [routing_decision_node]: {"id": 4, "route": "recompounding_raw_material", "confidence": 0.953829824924469, "surface_class": "sidewall", "bbox": [152, 147, 197, 227], "reason": "passenger:sidewall"}
[routing_node-6] [INFO] [1788453473.097594788] [routing_decision_node]: {"id": 3, "route": "bypass_reject", "confidence": 0.47694599628448486, "surface_class": "tread", "bbox": [139, 128, 162, 166], "reason": "classification_below_threshold"}
[routing_node-6] [INFO] [1788453473.098773431] [routing_decision_node]: {"id": 4, "route": "recompounding_raw_material", "confidence": 0.953829824924469, "surface_class": "sidewall", "bbox": [151, 147, 197, 227], "reason": "passenger:sidewall"}
[routing_node-6] [INFO] [1788453473.145053044] [routing_decision_node]: {"id": 3, "route": "bypass_reject", "confidence": 0.6166978478431702, "surface_class": "tread", "bbox": [139, 128, 162, 166], "reason": "classification_below_threshold"}
[routing_node-6] [INFO] [1788453473.145846623] [routing_decision_node]: {"id": 4, "route": "recompounding_raw_material", "confidence": 0.9745453000068665, "surface_class": "sidewall", "bbox": [151, 147, 197, 226], "reason": "passenger:sidewall"}
[routing_node-6] [INFO] [1788453473.186104978] [routing_decision_node]: {"id": 3, "route": "bypass_reject", "confidence": 0.6166978478431702, "surface_class": "tread", "bbox": [139, 128, 161, 166], "reason": "classification_below_threshold"}
[routing_node-6] [INFO] [1788453473.186787212] [routing_decision_node]: {"id": 4, "route": "recompounding_raw_material", "confidence": 0.9745453000068665, "surface_class": "sidewall", "bbox": [151, 147, 197, 226], "reason": "passenger:sidewall"}
[routing_node-6] [INFO] [1788453473.232349023] [routing_decision_node]: {"id": 3, "route": "bypass_reject", "confidence": 0.5927153825759888, "surface_class": "tread", "bbox": [139, 128, 161, 165], "reason": "classification_below_threshold"}
[routing_node-6] [INFO] [1788453473.233036043] [routing_decision_node]: {"id": 4, "route": "recompounding_raw_material", "confidence": 0.9678528308868408, "surface_class": "tread", "bbox": [156, 147, 197, 183], "reason": "passenger:tread"}
[routing_node-6] [INFO] [1788453473.233524401] [routing_decision_node]: {"id": 5, "route": "recompounding_raw_material", "confidence": 0.9783282279968262, "surface_class": "sidewall", "bbox": [158, 183, 174, 185], "reason": "passenger:sidewall"}
[routing_node-6] [INFO] [1788453473.233992286] [routing_decision_node]: {"id": 6, "route": "devulcanization_cbr", "confidence": 0.8193022012710571, "surface_class": "sidewall", "bbox": [151, 186, 173, 226], "reason": "otr_mining:sidewall"}
[routing_node-6] [INFO] [1788453473.275495053] [routing_decision_node]: {"id": 3, "route": "bypass_reject", "confidence": 0.5927153825759888, "surface_class": "tread", "bbox": [139, 128, 162, 165], "reason": "classification_below_threshold"}
[pbvs_controller-4] [INFO] [1788453473.275631235] [pbvs_controller_node]: fragments=4 eligible=3 reachable=0 locked=no
[routing_node-6] [INFO] [1788453473.276715627] [routing_decision_node]: {"id": 4, "route": "recompounding_raw_material", "confidence": 0.9678528308868408, "surface_class": "tread", "bbox": [157, 147, 197, 183], "reason": "passenger:tread"}
[routing_node-6] [INFO] [1788453473.277100705] [routing_decision_node]: {"id": 5, "route": "recompounding_raw_material", "confidence": 0.9783282279968262, "surface_class": "sidewall", "bbox": [158, 183, 174, 185], "reason": "passenger:sidewall"}
[routing_node-6] [INFO] [1788453473.277427735] [routing_decision_node]: {"id": 6, "route": "devulcanization_cbr", "confidence": 0.8193022012710571, "surface_class": "sidewall", "bbox": [150, 186, 173, 226], "reason": "otr_mining:sidewall"}
[routing_node-6] [INFO] [1788453473.318437749] [routing_decision_node]: {"id": 3, "route": "bypass_reject", "confidence": 0.4927898645401001, "surface_class": "tread", "bbox": [139, 128, 162, 165], "reason": "classification_below_threshold"}
[routing_node-6] [INFO] [1788453473.321402650] [routing_decision_node]: {"id": 4, "route": "recompounding_raw_material", "confidence": 0.9811500310897827, "surface_class": "tread", "bbox": [157, 147, 197, 183], "reason": "passenger:tread"}
[routing_node-6] [INFO] [1788453473.322257320] [routing_decision_node]: {"id": 5, "route": "recompounding_raw_material", "confidence": 0.9722159504890442, "surface_class": "sidewall", "bbox": [158, 183, 174, 185], "reason": "passenger:sidewall"}
[routing_node-6] [INFO] [1788453473.322838684] [routing_decision_node]: {"id": 6, "route": "devulcanization_cbr", "confidence": 0.8647477030754089, "surface_class": "sidewall", "bbox": [150, 186, 173, 225], "reason": "otr_mining:sidewall"}
[routing_node-6] [INFO] [1788453473.362672320] [routing_decision_node]: {"id": 3, "route": "bypass_reject", "confidence": 0.4927898645401001, "surface_class": "tread", "bbox": [139, 128, 162, 165], "reason": "classification_below_threshold"}
[routing_node-6] [INFO] [1788453473.363127892] [routing_decision_node]: {"id": 4, "route": "recompounding_raw_material", "confidence": 0.9811500310897827, "surface_class": "tread", "bbox": [157, 146, 197, 184], "reason": "passenger:tread"}
[routing_node-6] [INFO] [1788453473.363467098] [routing_decision_node]: {"id": 5, "route": "devulcanization_cbr", "confidence": 0.8647477030754089, "surface_class": "sidewall", "bbox": [150, 183, 173, 225], "reason": "otr_mining:sidewall"}
[routing_node-6] [INFO] [1788453473.407958447] [routing_decision_node]: {"id": 3, "route": "bypass_reject", "confidence": 0.4927898645401001, "surface_class": "tread", "bbox": [139, 127, 162, 165], "reason": "classification_below_threshold"}
[routing_node-6] [INFO] [1788453473.410146523] [routing_decision_node]: {"id": 4, "route": "recompounding_raw_material", "confidence": 0.9811500310897827, "surface_class": "tread", "bbox": [157, 146, 197, 185], "reason": "passenger:tread"}
[routing_node-6] [INFO] [1788453473.411080286] [routing_decision_node]: {"id": 5, "route": "devulcanization_cbr", "confidence": 0.8647477030754089, "surface_class": "sidewall", "bbox": [150, 183, 173, 225], "reason": "otr_mining:sidewall"}
[routing_node-6] [INFO] [1788453473.453463017] [routing_decision_node]: {"id": 3, "route": "bypass_reject", "confidence": 0.48722538352012634, "surface_class": "tread", "bbox": [139, 127, 162, 165], "reason": "classification_below_threshold"}
[routing_node-6] [INFO] [1788453473.454018517] [routing_decision_node]: {"id": 4, "route": "recompounding_raw_material", "confidence": 0.9704218506813049, "surface_class": "tread", "bbox": [157, 146, 197, 185], "reason": "passenger:tread"}
[routing_node-6] [INFO] [1788453473.454391345] [routing_decision_node]: {"id": 5, "route": "devulcanization_cbr", "confidence": 0.8159827589988708, "surface_class": "sidewall", "bbox": [149, 182, 173, 225], "reason": "otr_mining:sidewall"}
[routing_node-6] [INFO] [1788453473.494853785] [routing_decision_node]: {"id": 3, "route": "bypass_reject", "confidence": 0.48722538352012634, "surface_class": "tread", "bbox": [139, 127, 161, 165], "reason": "classification_below_threshold"}
[routing_node-6] [INFO] [1788453473.497345854] [routing_decision_node]: {"id": 4, "route": "recompounding_raw_material", "confidence": 0.9685275554656982, "surface_class": "sidewall", "bbox": [149, 146, 197, 224], "reason": "passenger:sidewall"}
[routing_node-6] [INFO] [1788453473.544211156] [routing_decision_node]: {"id": 3, "route": "bypass_reject", "confidence": 0.45977702736854553, "surface_class": "tread", "bbox": [139, 127, 161, 164], "reason": "classification_below_threshold"}
[routing_node-6] [INFO] [1788453473.544676041] [routing_decision_node]: {"id": 4, "route": "recompounding_raw_material", "confidence": 0.9667927026748657, "surface_class": "tread", "bbox": [156, 146, 197, 182], "reason": "passenger:tread"}
[routing_node-6] [INFO] [1788453473.545080076] [routing_decision_node]: {"id": 5, "route": "recompounding_raw_material", "confidence": 0.9688953757286072, "surface_class": "sidewall", "bbox": [158, 182, 174, 184], "reason": "passenger:sidewall"}
[routing_node-6] [INFO] [1788453473.545440881] [routing_decision_node]: {"id": 6, "route": "devulcanization_cbr", "confidence": 0.8975333571434021, "surface_class": "sidewall", "bbox": [149, 185, 173, 224], "reason": "otr_mining:sidewall"}
[routing_node-6] [INFO] [1788453473.587629218] [routing_decision_node]: {"id": 3, "route": "bypass_reject", "confidence": 0.45977702736854553, "surface_class": "tread", "bbox": [139, 127, 162, 164], "reason": "classification_below_threshold"}
[routing_node-6] [INFO] [1788453473.588194156] [routing_decision_node]: {"id": 4, "route": "recompounding_raw_material", "confidence": 0.9667927026748657, "surface_class": "tread", "bbox": [157, 146, 197, 182], "reason": "passenger:tread"}
[routing_node-6] [INFO] [1788453473.589784165] [routing_decision_node]: {"id": 5, "route": "recompounding_raw_material", "confidence": 0.9688953757286072, "surface_class": "sidewall", "bbox": [158, 182, 174, 184], "reason": "passenger:sidewall"}
[routing_node-6] [INFO] [1788453473.591584909] [routing_decision_node]: {"id": 6, "route": "devulcanization_cbr", "confidence": 0.8975333571434021, "surface_class": "sidewall", "bbox": [148, 185, 173, 224], "reason": "otr_mining:sidewall"}
[routing_node-6] [INFO] [1788453473.631415308] [routing_decision_node]: {"id": 3, "route": "bypass_reject", "confidence": 0.5967362523078918, "surface_class": "tread", "bbox": [139, 127, 162, 164], "reason": "classification_below_threshold"}
[routing_node-6] [INFO] [1788453473.631798595] [routing_decision_node]: {"id": 4, "route": "recompounding_raw_material", "confidence": 0.9713892936706543, "surface_class": "tread", "bbox": [157, 145, 197, 182], "reason": "passenger:tread"}
[routing_node-6] [INFO] [1788453473.632177646] [routing_decision_node]: {"id": 5, "route": "recompounding_raw_material", "confidence": 0.9519786238670349, "surface_class": "sidewall", "bbox": [158, 182, 174, 184], "reason": "passenger:sidewall"}
[routing_node-6] [INFO] [1788453473.632547130] [routing_decision_node]: {"id": 6, "route": "devulcanization_cbr", "confidence": 0.8679362535476685, "surface_class": "sidewall", "bbox": [148, 185, 173, 224], "reason": "otr_mining:sidewall"}
[routing_node-6] [INFO] [1788453473.671290126] [routing_decision_node]: {"id": 3, "route": "bypass_reject", "confidence": 0.5967362523078918, "surface_class": "tread", "bbox": [139, 127, 162, 164], "reason": "classification_below_threshold"}
[routing_node-6] [INFO] [1788453473.671789744] [routing_decision_node]: {"id": 4, "route": "recompounding_raw_material", "confidence": 0.9713892936706543, "surface_class": "tread", "bbox": [157, 145, 197, 184], "reason": "passenger:tread"}
[routing_node-6] [INFO] [1788453473.672231760] [routing_decision_node]: {"id": 5, "route": "devulcanization_cbr", "confidence": 0.8679362535476685, "surface_class": "sidewall", "bbox": [157, 182, 173, 213], "reason": "otr_mining:sidewall"}
[routing_node-6] [INFO] [1788453473.672652935] [routing_decision_node]: {"id": 6, "route": "recompounding_raw_material", "confidence": 0.9685572981834412, "surface_class": "sidewall", "bbox": [148, 203, 160, 223], "reason": "passenger:sidewall"}
[routing_node-6] [INFO] [1788453473.717021917] [routing_decision_node]: {"id": 3, "route": "bypass_reject", "confidence": 0.5756044983863831, "surface_class": "tread", "bbox": [139, 126, 162, 164], "reason": "classification_below_threshold"}
[routing_node-6] [INFO] [1788453473.717498915] [routing_decision_node]: {"id": 4, "route": "recompounding_raw_material", "confidence": 0.9480425715446472, "surface_class": "tread", "bbox": [157, 145, 197, 184], "reason": "passenger:tread"}
[routing_node-6] [INFO] [1788453473.717980530] [routing_decision_node]: {"id": 5, "route": "devulcanization_cbr", "confidence": 0.9121571183204651, "surface_class": "sidewall", "bbox": [147, 182, 173, 221], "reason": "otr_mining:sidewall"}
[routing_node-6] [INFO] [1788453473.756617208] [routing_decision_node]: {"id": 3, "route": "bypass_reject", "confidence": 0.5756044983863831, "surface_class": "tread", "bbox": [139, 126, 162, 164], "reason": "classification_below_threshold"}
[routing_node-6] [INFO] [1788453473.756990186] [routing_decision_node]: {"id": 4, "route": "recompounding_raw_material", "confidence": 0.9480425715446472, "surface_class": "tread", "bbox": [157, 145, 197, 213], "reason": "passenger:tread"}
[routing_node-6] [INFO] [1788453473.799993903] [routing_decision_node]: {"id": 3, "route": "bypass_reject", "confidence": 0.5756044983863831, "surface_class": "tread", "bbox": [139, 126, 161, 164], "reason": "classification_below_threshold"}
[routing_node-6] [INFO] [1788453473.800375290] [routing_decision_node]: {"id": 4, "route": "recompounding_raw_material", "confidence": 0.9480425715446472, "surface_class": "tread", "bbox": [157, 145, 197, 181], "reason": "passenger:tread"}
[routing_node-6] [INFO] [1788453473.800702242] [routing_decision_node]: {"id": 5, "route": "recompounding_raw_material", "confidence": 0.9707416892051697, "surface_class": "sidewall", "bbox": [158, 181, 174, 184], "reason": "passenger:sidewall"}
[routing_node-6] [INFO] [1788453473.801097800] [routing_decision_node]: {"id": 6, "route": "devulcanization_cbr", "confidence": 0.9121571183204651, "surface_class": "sidewall", "bbox": [158, 185, 173, 213], "reason": "otr_mining:sidewall"}
[routing_node-6] [INFO] [1788453473.840875223] [routing_decision_node]: {"id": 3, "route": "bypass_reject", "confidence": 0.5761814713478088, "surface_class": "tread", "bbox": [139, 126, 161, 163], "reason": "classification_below_threshold"}
[routing_node-6] [INFO] [1788453473.841284591] [routing_decision_node]: {"id": 4, "route": "recompounding_raw_material", "confidence": 0.9730647206306458, "surface_class": "tread", "bbox": [157, 145, 197, 181], "reason": "passenger:tread"}
[routing_node-6] [INFO] [1788453473.841612293] [routing_decision_node]: {"id": 5, "route": "recompounding_raw_material", "confidence": 0.9685572981834412, "surface_class": "sidewall", "bbox": [158, 181, 174, 183], "reason": "passenger:sidewall"}
[routing_node-6] [INFO] [1788453473.841934769] [routing_decision_node]: {"id": 6, "route": "devulcanization_cbr", "confidence": 0.7286780476570129, "surface_class": "sidewall", "bbox": [158, 184, 173, 213], "reason": "otr_mining:sidewall"}
[routing_node-6] [INFO] [1788453473.892028479] [routing_decision_node]: {"id": 3, "route": "bypass_reject", "confidence": 0.5761814713478088, "surface_class": "tread", "bbox": [139, 126, 162, 163], "reason": "classification_below_threshold"}
[routing_node-6] [INFO] [1788453473.894002151] [routing_decision_node]: {"id": 4, "route": "recompounding_raw_material", "confidence": 0.9730647206306458, "surface_class": "tread", "bbox": [157, 145, 197, 181], "reason": "passenger:tread"}
[routing_node-6] [INFO] [1788453473.895875788] [routing_decision_node]: {"id": 5, "route": "recompounding_raw_material", "confidence": 0.9685572981834412, "surface_class": "sidewall", "bbox": [158, 181, 174, 183], "reason": "passenger:sidewall"}
[routing_node-6] [INFO] [1788453473.896872298] [routing_decision_node]: {"id": 6, "route": "devulcanization_cbr", "confidence": 0.7286780476570129, "surface_class": "sidewall", "bbox": [158, 184, 173, 212], "reason": "otr_mining:sidewall"}
[routing_node-6] [INFO] [1788453473.936309443] [routing_decision_node]: {"id": 3, "route": "bypass_reject", "confidence": 0.500427782535553, "surface_class": "tread", "bbox": [139, 126, 162, 163], "reason": "classification_below_threshold"}
[routing_node-6] [INFO] [1788453473.937133411] [routing_decision_node]: {"id": 4, "route": "recompounding_raw_material", "confidence": 0.9655458331108093, "surface_class": "tread", "bbox": [157, 144, 197, 181], "reason": "passenger:tread"}
[routing_node-6] [INFO] [1788453473.939833494] [routing_decision_node]: {"id": 5, "route": "recompounding_raw_material", "confidence": 0.9913188815116882, "surface_class": "sidewall", "bbox": [158, 181, 174, 183], "reason": "passenger:sidewall"}
[routing_node-6] [INFO] [1788453473.940925819] [routing_decision_node]: {"id": 6, "route": "devulcanization_cbr", "confidence": 0.8778456449508667, "surface_class": "sidewall", "bbox": [158, 184, 173, 212], "reason": "otr_mining:sidewall"}
[routing_node-6] [INFO] [1788453473.981795259] [routing_decision_node]: {"id": 3, "route": "bypass_reject", "confidence": 0.500427782535553, "surface_class": "tread", "bbox": [139, 126, 162, 163], "reason": "classification_below_threshold"}
[routing_node-6] [INFO] [1788453473.982288926] [routing_decision_node]: {"id": 4, "route": "recompounding_raw_material", "confidence": 0.9655458331108093, "surface_class": "tread", "bbox": [157, 144, 197, 183], "reason": "passenger:tread"}
[routing_node-6] [INFO] [1788453473.982805468] [routing_decision_node]: {"id": 5, "route": "devulcanization_cbr", "confidence": 0.8778456449508667, "surface_class": "sidewall", "bbox": [158, 181, 173, 211], "reason": "otr_mining:sidewall"}
[routing_node-6] [INFO] [1788453474.018446922] [routing_decision_node]: {"id": 3, "route": "bypass_reject", "confidence": 0.6026003360748291, "surface_class": "tread", "bbox": [139, 125, 162, 163], "reason": "classification_below_threshold"}
[routing_node-6] [INFO] [1788453474.020275162] [routing_decision_node]: {"id": 4, "route": "recompounding_raw_material", "confidence": 0.9900453686714172, "surface_class": "tread", "bbox": [157, 144, 197, 183], "reason": "passenger:tread"}
[routing_node-6] [INFO] [1788453474.021431036] [routing_decision_node]: {"id": 5, "route": "devulcanization_cbr", "confidence": 0.7793446183204651, "surface_class": "sidewall", "bbox": [158, 181, 173, 211], "reason": "otr_mining:sidewall"}
[routing_node-6] [INFO] [1788453474.066318788] [routing_decision_node]: {"id": 3, "route": "bypass_reject", "confidence": 0.6026003360748291, "surface_class": "tread", "bbox": [139, 125, 162, 163], "reason": "classification_below_threshold"}
[routing_node-6] [INFO] [1788453474.066749513] [routing_decision_node]: {"id": 4, "route": "recompounding_raw_material", "confidence": 0.9900453686714172, "surface_class": "tread", "bbox": [157, 144, 197, 183], "reason": "passenger:tread"}
[routing_node-6] [INFO] [1788453474.067185700] [routing_decision_node]: {"id": 5, "route": "devulcanization_cbr", "confidence": 0.7793446183204651, "surface_class": "sidewall", "bbox": [158, 181, 173, 210], "reason": "otr_mining:sidewall"}
[routing_node-6] [INFO] [1788453474.111417016] [routing_decision_node]: {"id": 3, "route": "bypass_reject", "confidence": 0.6026003360748291, "surface_class": "tread", "bbox": [139, 125, 161, 163], "reason": "classification_below_threshold"}
[routing_node-6] [INFO] [1788453474.113199009] [routing_decision_node]: {"id": 4, "route": "recompounding_raw_material", "confidence": 0.9900453686714172, "surface_class": "tread", "bbox": [157, 144, 197, 183], "reason": "passenger:tread"}
[routing_node-6] [INFO] [1788453474.114697659] [routing_decision_node]: {"id": 5, "route": "devulcanization_cbr", "confidence": 0.7793446183204651, "surface_class": "sidewall", "bbox": [159, 181, 173, 210], "reason": "otr_mining:sidewall"}
[routing_node-6] [INFO] [1788453474.155093495] [routing_decision_node]: {"id": 3, "route": "bypass_reject", "confidence": 0.4789903461933136, "surface_class": "tread", "bbox": [139, 125, 161, 162], "reason": "classification_below_threshold"}
[routing_node-6] [INFO] [1788453474.155533638] [routing_decision_node]: {"id": 4, "route": "recompounding_raw_material", "confidence": 0.9059644937515259, "surface_class": "tread", "bbox": [157, 144, 197, 183], "reason": "passenger:tread"}
[routing_node-6] [INFO] [1788453474.155914535] [routing_decision_node]: {"id": 5, "route": "devulcanization_cbr", "confidence": 0.8252612948417664, "surface_class": "sidewall", "bbox": [159, 181, 173, 210], "reason": "otr_mining:sidewall"}
[routing_node-6] [INFO] [1788453474.202060978] [routing_decision_node]: {"id": 3, "route": "bypass_reject", "confidence": 0.4789903461933136, "surface_class": "tread", "bbox": [139, 125, 162, 162], "reason": "classification_below_threshold"}
[routing_node-6] [INFO] [1788453474.202428876] [routing_decision_node]: {"id": 4, "route": "recompounding_raw_material", "confidence": 0.9059644937515259, "surface_class": "tread", "bbox": [157, 144, 197, 182], "reason": "passenger:tread"}
[routing_node-6] [INFO] [1788453474.202924143] [routing_decision_node]: {"id": 5, "route": "devulcanization_cbr", "confidence": 0.8252612948417664, "surface_class": "sidewall", "bbox": [159, 181, 173, 210], "reason": "otr_mining:sidewall"}
[routing_node-6] [INFO] [1788453474.247152047] [routing_decision_node]: {"id": 3, "route": "speciality_crumb", "confidence": 0.6863722205162048, "surface_class": "tread", "bbox": [139, 125, 162, 162], "reason": "motorcycle:tread"}
[routing_node-6] [INFO] [1788453474.247602626] [routing_decision_node]: {"id": 4, "route": "recompounding_raw_material", "confidence": 0.9775650501251221, "surface_class": "tread", "bbox": [157, 143, 197, 182], "reason": "passenger:tread"}
[routing_node-6] [INFO] [1788453474.248360235] [routing_decision_node]: {"id": 5, "route": "devulcanization_cbr", "confidence": 0.8071931600570679, "surface_class": "sidewall", "bbox": [159, 180, 173, 209], "reason": "otr_mining:sidewall"}
[routing_node-6] [INFO] [1788453474.288538953] [routing_decision_node]: {"id": 3, "route": "speciality_crumb", "confidence": 0.6863722205162048, "surface_class": "tread", "bbox": [139, 125, 162, 162], "reason": "motorcycle:tread"}
[routing_node-6] [INFO] [1788453474.290879427] [routing_decision_node]: {"id": 4, "route": "recompounding_raw_material", "confidence": 0.9775650501251221, "surface_class": "tread", "bbox": [157, 143, 197, 182], "reason": "passenger:tread"}
[routing_node-6] [INFO] [1788453474.291786457] [routing_decision_node]: {"id": 5, "route": "devulcanization_cbr", "confidence": 0.8071931600570679, "surface_class": "sidewall", "bbox": [159, 180, 173, 209], "reason": "otr_mining:sidewall"}
[routing_node-6] [INFO] [1788453474.333487741] [routing_decision_node]: {"id": 3, "route": "bypass_reject", "confidence": 0.5029653906822205, "surface_class": "tread", "bbox": [139, 124, 162, 162], "reason": "classification_below_threshold"}
[routing_node-6] [INFO] [1788453474.333871552] [routing_decision_node]: {"id": 4, "route": "recompounding_raw_material", "confidence": 0.9636582136154175, "surface_class": "tread", "bbox": [157, 143, 197, 182], "reason": "passenger:tread"}
[routing_node-6] [INFO] [1788453474.334475860] [routing_decision_node]: {"id": 5, "route": "devulcanization_cbr", "confidence": 0.9113842844963074, "surface_class": "sidewall", "bbox": [159, 180, 173, 209], "reason": "otr_mining:sidewall"}
[routing_node-6] [INFO] [1788453474.375401225] [routing_decision_node]: {"id": 3, "route": "bypass_reject", "confidence": 0.5029653906822205, "surface_class": "tread", "bbox": [139, 124, 162, 162], "reason": "classification_below_threshold"}
[routing_node-6] [INFO] [1788453474.378098330] [routing_decision_node]: {"id": 4, "route": "recompounding_raw_material", "confidence": 0.9636582136154175, "surface_class": "tread", "bbox": [157, 143, 197, 182], "reason": "passenger:tread"}
[routing_node-6] [INFO] [1788453474.379103281] [routing_decision_node]: {"id": 5, "route": "devulcanization_cbr", "confidence": 0.9113842844963074, "surface_class": "sidewall", "bbox": [159, 180, 173, 209], "reason": "otr_mining:sidewall"}
[routing_node-6] [INFO] [1788453474.425389262] [routing_decision_node]: {"id": 3, "route": "bypass_reject", "confidence": 0.5775817036628723, "surface_class": "tread", "bbox": [139, 124, 162, 162], "reason": "classification_below_threshold"}
[routing_node-6] [INFO] [1788453474.426062620] [routing_decision_node]: {"id": 4, "route": "recompounding_raw_material", "confidence": 0.9694189429283142, "surface_class": "tread", "bbox": [157, 143, 197, 182], "reason": "passenger:tread"}
[routing_node-6] [INFO] [1788453474.426483104] [routing_decision_node]: {"id": 5, "route": "devulcanization_cbr", "confidence": 0.7307232022285461, "surface_class": "sidewall", "bbox": [158, 180, 173, 210], "reason": "otr_mining:sidewall"}
[routing_node-6] [INFO] [1788453474.469944098] [routing_decision_node]: {"id": 3, "route": "bypass_reject", "confidence": 0.5775817036628723, "surface_class": "tread", "bbox": [139, 124, 161, 161], "reason": "classification_below_threshold"}
[routing_node-6] [INFO] [1788453474.470369033] [routing_decision_node]: {"id": 4, "route": "recompounding_raw_material", "confidence": 0.9694189429283142, "surface_class": "tread", "bbox": [157, 143, 197, 179], "reason": "passenger:tread"}
[routing_node-6] [INFO] [1788453474.470797228] [routing_decision_node]: {"id": 5, "route": "recompounding_raw_material", "confidence": 0.9195655584335327, "surface_class": "sidewall", "bbox": [158, 180, 174, 182], "reason": "passenger:sidewall"}
[routing_node-6] [INFO] [1788453474.471191235] [routing_decision_node]: {"id": 6, "route": "devulcanization_cbr", "confidence": 0.7307232022285461, "surface_class": "sidewall", "bbox": [158, 183, 173, 210], "reason": "otr_mining:sidewall"}
[routing_node-6] [INFO] [1788453474.511251278] [routing_decision_node]: {"id": 3, "route": "bypass_reject", "confidence": 0.5775817036628723, "surface_class": "tread", "bbox": [139, 124, 162, 161], "reason": "classification_below_threshold"}
[routing_node-6] [INFO] [1788453474.513519229] [routing_decision_node]: {"id": 4, "route": "recompounding_raw_material", "confidence": 0.9694189429283142, "surface_class": "tread", "bbox": [157, 143, 197, 179], "reason": "passenger:tread"}
[routing_node-6] [INFO] [1788453474.514169711] [routing_decision_node]: {"id": 5, "route": "recompounding_raw_material", "confidence": 0.9195655584335327, "surface_class": "sidewall", "bbox": [159, 179, 174, 181], "reason": "passenger:sidewall"}
[routing_node-6] [INFO] [1788453474.514648784] [routing_decision_node]: {"id": 6, "route": "devulcanization_cbr", "confidence": 0.7307232022285461, "surface_class": "sidewall", "bbox": [158, 181, 173, 210], "reason": "otr_mining:sidewall"}
[routing_node-6] [INFO] [1788453474.556965239] [routing_decision_node]: {"id": 3, "route": "bypass_reject", "confidence": 0.5201737880706787, "surface_class": "tread", "bbox": [139, 124, 162, 161], "reason": "classification_below_threshold"}
[routing_node-6] [INFO] [1788453474.557407630] [routing_decision_node]: {"id": 4, "route": "recompounding_raw_material", "confidence": 0.9220274686813354, "surface_class": "tread", "bbox": [157, 142, 197, 178], "reason": "passenger:tread"}
[routing_node-6] [INFO] [1788453474.557941323] [routing_decision_node]: {"id": 5, "route": "recompounding_raw_material", "confidence": 0.9810512065887451, "surface_class": "sidewall", "bbox": [159, 179, 174, 181], "reason": "passenger:sidewall"}
[routing_node-6] [INFO] [1788453474.558391131] [routing_decision_node]: {"id": 6, "route": "devulcanization_cbr", "confidence": 0.9113894701004028, "surface_class": "sidewall", "bbox": [158, 181, 173, 209], "reason": "otr_mining:sidewall"}
[routing_node-6] [INFO] [1788453474.598607420] [routing_decision_node]: {"id": 3, "route": "bypass_reject", "confidence": 0.5201737880706787, "surface_class": "tread", "bbox": [139, 124, 162, 161], "reason": "classification_below_threshold"}
[routing_node-6] [INFO] [1788453474.599030067] [routing_decision_node]: {"id": 4, "route": "recompounding_raw_material", "confidence": 0.9220274686813354, "surface_class": "tread", "bbox": [157, 142, 197, 181], "reason": "passenger:tread"}
[routing_node-6] [INFO] [1788453474.599439121] [routing_decision_node]: {"id": 5, "route": "devulcanization_cbr", "confidence": 0.9113894701004028, "surface_class": "sidewall", "bbox": [158, 179, 173, 209], "reason": "otr_mining:sidewall"}
[routing_node-6] [INFO] [1788453474.637713650] [routing_decision_node]: {"id": 3, "route": "bypass_reject", "confidence": 0.5262973308563232, "surface_class": "tread", "bbox": [139, 123, 162, 161], "reason": "classification_below_threshold"}
[routing_node-6] [INFO] [1788453474.638247433] [routing_decision_node]: {"id": 4, "route": "recompounding_raw_material", "confidence": 0.9789436459541321, "surface_class": "tread", "bbox": [157, 142, 197, 181], "reason": "passenger:tread"}
[routing_node-6] [INFO] [1788453474.638679832] [routing_decision_node]: {"id": 5, "route": "devulcanization_cbr", "confidence": 0.8085124492645264, "surface_class": "sidewall", "bbox": [158, 179, 173, 209], "reason": "otr_mining:sidewall"}
[routing_node-6] [INFO] [1788453474.681470157] [routing_decision_node]: {"id": 3, "route": "bypass_reject", "confidence": 0.5262973308563232, "surface_class": "tread", "bbox": [139, 123, 162, 161], "reason": "classification_below_threshold"}
[routing_node-6] [INFO] [1788453474.682319061] [routing_decision_node]: {"id": 4, "route": "recompounding_raw_material", "confidence": 0.9789436459541321, "surface_class": "tread", "bbox": [157, 142, 197, 181], "reason": "passenger:tread"}
[routing_node-6] [INFO] [1788453474.683028836] [routing_decision_node]: {"id": 5, "route": "devulcanization_cbr", "confidence": 0.8085124492645264, "surface_class": "sidewall", "bbox": [158, 179, 173, 209], "reason": "otr_mining:sidewall"}
[routing_node-6] [INFO] [1788453474.721622545] [routing_decision_node]: {"id": 3, "route": "bypass_reject", "confidence": 0.4915265142917633, "surface_class": "tread", "bbox": [139, 123, 161, 160], "reason": "classification_below_threshold"}
[routing_node-6] [INFO] [1788453474.722082253] [routing_decision_node]: {"id": 4, "route": "recompounding_raw_material", "confidence": 0.9512607455253601, "surface_class": "tread", "bbox": [157, 142, 197, 181], "reason": "passenger:tread"}
[routing_node-6] [INFO] [1788453474.722640115] [routing_decision_node]: {"id": 5, "route": "devulcanization_cbr", "confidence": 0.8726164102554321, "surface_class": "sidewall", "bbox": [158, 179, 173, 208], "reason": "otr_mining:sidewall"}
[routing_node-6] [INFO] [1788453474.757023804] [routing_decision_node]: {"id": 3, "route": "bypass_reject", "confidence": 0.4915265142917633, "surface_class": "tread", "bbox": [139, 123, 161, 160], "reason": "classification_below_threshold"}
[routing_node-6] [INFO] [1788453474.757450043] [routing_decision_node]: {"id": 4, "route": "recompounding_raw_material", "confidence": 0.9512607455253601, "surface_class": "tread", "bbox": [157, 142, 197, 180], "reason": "passenger:tread"}
[routing_node-6] [INFO] [1788453474.758102688] [routing_decision_node]: {"id": 5, "route": "devulcanization_cbr", "confidence": 0.8726164102554321, "surface_class": "sidewall", "bbox": [158, 179, 173, 208], "reason": "otr_mining:sidewall"}
[routing_node-6] [INFO] [1788453474.804330436] [routing_decision_node]: {"id": 3, "route": "bypass_reject", "confidence": 0.4915265142917633, "surface_class": "tread", "bbox": [139, 123, 162, 160], "reason": "classification_below_threshold"}
[routing_node-6] [INFO] [1788453474.806370773] [routing_decision_node]: {"id": 4, "route": "recompounding_raw_material", "confidence": 0.9512607455253601, "surface_class": "tread", "bbox": [157, 142, 197, 178], "reason": "passenger:tread"}
[routing_node-6] [INFO] [1788453474.807589889] [routing_decision_node]: {"id": 5, "route": "recompounding_raw_material", "confidence": 0.9774920344352722, "surface_class": "sidewall", "bbox": [160, 178, 174, 180], "reason": "passenger:sidewall"}
[routing_node-6] [INFO] [1788453474.808265964] [routing_decision_node]: {"id": 6, "route": "devulcanization_cbr", "confidence": 0.8726164102554321, "surface_class": "sidewall", "bbox": [158, 180, 173, 208], "reason": "otr_mining:sidewall"}
[routing_node-6] [INFO] [1788453474.846784138] [routing_decision_node]: {"id": 3, "route": "bypass_reject", "confidence": 0.5558797121047974, "surface_class": "tread", "bbox": [139, 123, 162, 160], "reason": "classification_below_threshold"}
[routing_node-6] [INFO] [1788453474.847424468] [routing_decision_node]: {"id": 4, "route": "recompounding_raw_material", "confidence": 0.9747804999351501, "surface_class": "tread", "bbox": [157, 141, 197, 180], "reason": "passenger:tread"}
[routing_node-6] [INFO] [1788453474.847834994] [routing_decision_node]: {"id": 5, "route": "devulcanization_cbr", "confidence": 0.9415973424911499, "surface_class": "sidewall", "bbox": [158, 178, 173, 208], "reason": "otr_mining:sidewall"}
[routing_node-6] [INFO] [1788453474.884709480] [routing_decision_node]: {"id": 3, "route": "bypass_reject", "confidence": 0.5558797121047974, "surface_class": "tread", "bbox": [139, 123, 162, 160], "reason": "classification_below_threshold"}
[routing_node-6] [INFO] [1788453474.885638519] [routing_decision_node]: {"id": 4, "route": "recompounding_raw_material", "confidence": 0.9747804999351501, "surface_class": "tread", "bbox": [157, 141, 197, 180], "reason": "passenger:tread"}
[routing_node-6] [INFO] [1788453474.886045295] [routing_decision_node]: {"id": 5, "route": "devulcanization_cbr", "confidence": 0.9415973424911499, "surface_class": "sidewall", "bbox": [158, 178, 173, 208], "reason": "otr_mining:sidewall"}
[routing_node-6] [INFO] [1788453474.924390076] [routing_decision_node]: {"id": 3, "route": "bypass_reject", "confidence": 0.45905008912086487, "surface_class": "tread", "bbox": [140, 122, 162, 160], "reason": "classification_below_threshold"}
[routing_node-6] [INFO] [1788453474.925009653] [routing_decision_node]: {"id": 4, "route": "recompounding_raw_material", "confidence": 0.9564047455787659, "surface_class": "tread", "bbox": [157, 141, 197, 180], "reason": "passenger:tread"}
[routing_node-6] [INFO] [1788453474.925464259] [routing_decision_node]: {"id": 5, "route": "devulcanization_cbr", "confidence": 0.8227033019065857, "surface_class": "sidewall", "bbox": [158, 178, 173, 208], "reason": "otr_mining:sidewall"}
[routing_node-6] [INFO] [1788453474.972574395] [routing_decision_node]: {"id": 3, "route": "bypass_reject", "confidence": 0.45905008912086487, "surface_class": "tread", "bbox": [139, 122, 162, 160], "reason": "classification_below_threshold"}
[routing_node-6] [INFO] [1788453474.973252062] [routing_decision_node]: {"id": 4, "route": "recompounding_raw_material", "confidence": 0.9564047455787659, "surface_class": "tread", "bbox": [157, 141, 197, 180], "reason": "passenger:tread"}
[routing_node-6] [INFO] [1788453474.973603938] [routing_decision_node]: {"id": 5, "route": "devulcanization_cbr", "confidence": 0.8227033019065857, "surface_class": "sidewall", "bbox": [158, 178, 173, 208], "reason": "otr_mining:sidewall"}
[routing_node-6] [INFO] [1788453475.016277685] [routing_decision_node]: {"id": 3, "route": "bypass_reject", "confidence": 0.45905008912086487, "surface_class": "tread", "bbox": [139, 122, 162, 159], "reason": "classification_below_threshold"}
[routing_node-6] [INFO] [1788453475.017042267] [routing_decision_node]: {"id": 4, "route": "recompounding_raw_material", "confidence": 0.9564047455787659, "surface_class": "tread", "bbox": [157, 141, 197, 180], "reason": "passenger:tread"}
[routing_node-6] [INFO] [1788453475.017414030] [routing_decision_node]: {"id": 5, "route": "devulcanization_cbr", "confidence": 0.8227033019065857, "surface_class": "sidewall", "bbox": [158, 178, 173, 207], "reason": "otr_mining:sidewall"}
[routing_node-6] [INFO] [1788453475.055090180] [routing_decision_node]: {"id": 3, "route": "bypass_reject", "confidence": 0.5924261808395386, "surface_class": "tread", "bbox": [139, 122, 161, 159], "reason": "classification_below_threshold"}
[routing_node-6] [INFO] [1788453475.055666668] [routing_decision_node]: {"id": 4, "route": "recompounding_raw_material", "confidence": 0.9474657773971558, "surface_class": "tread", "bbox": [157, 141, 197, 179], "reason": "passenger:tread"}
[routing_node-6] [INFO] [1788453475.056064396] [routing_decision_node]: {"id": 5, "route": "devulcanization_cbr", "confidence": 0.8181701898574829, "surface_class": "sidewall", "bbox": [158, 178, 173, 207], "reason": "otr_mining:sidewall"}
[routing_node-6] [INFO] [1788453475.097144290] [routing_decision_node]: {"id": 3, "route": "bypass_reject", "confidence": 0.5924261808395386, "surface_class": "tread", "bbox": [139, 122, 162, 159], "reason": "classification_below_threshold"}
[routing_node-6] [INFO] [1788453475.097696312] [routing_decision_node]: {"id": 4, "route": "recompounding_raw_material", "confidence": 0.9474657773971558, "surface_class": "tread", "bbox": [157, 141, 197, 177], "reason": "passenger:tread"}
[routing_node-6] [INFO] [1788453475.098076298] [routing_decision_node]: {"id": 5, "route": "recompounding_raw_material", "confidence": 0.9724923372268677, "surface_class": "sidewall", "bbox": [159, 177, 174, 179], "reason": "passenger:sidewall"}
[routing_node-6] [INFO] [1788453475.098467650] [routing_decision_node]: {"id": 6, "route": "devulcanization_cbr", "confidence": 0.8181701898574829, "surface_class": "sidewall", "bbox": [158, 179, 173, 207], "reason": "otr_mining:sidewall"}
[routing_node-6] [INFO] [1788453475.146320458] [routing_decision_node]: {"id": 3, "route": "bypass_reject", "confidence": 0.5024978518486023, "surface_class": "tread", "bbox": [139, 122, 162, 159], "reason": "classification_below_threshold"}
[routing_node-6] [INFO] [1788453475.146947754] [routing_decision_node]: {"id": 4, "route": "recompounding_raw_material", "confidence": 0.9745997190475464, "surface_class": "tread", "bbox": [157, 140, 197, 179], "reason": "passenger:tread"}
[routing_node-6] [INFO] [1788453475.147386449] [routing_decision_node]: {"id": 5, "route": "devulcanization_cbr", "confidence": 0.7861714959144592, "surface_class": "sidewall", "bbox": [158, 177, 173, 207], "reason": "otr_mining:sidewall"}
[routing_node-6] [INFO] [1788453475.187620484] [routing_decision_node]: {"id": 3, "route": "bypass_reject", "confidence": 0.5024978518486023, "surface_class": "tread", "bbox": [139, 122, 162, 159], "reason": "classification_below_threshold"}
[routing_node-6] [INFO] [1788453475.188035550] [routing_decision_node]: {"id": 4, "route": "recompounding_raw_material", "confidence": 0.9745997190475464, "surface_class": "tread", "bbox": [157, 140, 197, 179], "reason": "passenger:tread"}
[routing_node-6] [INFO] [1788453475.188418869] [routing_decision_node]: {"id": 5, "route": "devulcanization_cbr", "confidence": 0.7861714959144592, "surface_class": "sidewall", "bbox": [158, 177, 173, 207], "reason": "otr_mining:sidewall"}
[routing_node-6] [INFO] [1788453475.234765574] [routing_decision_node]: {"id": 3, "route": "bypass_reject", "confidence": 0.5029352903366089, "surface_class": "tread", "bbox": [140, 121, 162, 159], "reason": "classification_below_threshold"}
[routing_node-6] [INFO] [1788453475.235294074] [routing_decision_node]: {"id": 4, "route": "recompounding_raw_material", "confidence": 0.9795805811882019, "surface_class": "tread", "bbox": [157, 140, 197, 179], "reason": "passenger:tread"}
[routing_node-6] [INFO] [1788453475.235667772] [routing_decision_node]: {"id": 5, "route": "devulcanization_cbr", "confidence": 0.6946361064910889, "surface_class": "sidewall", "bbox": [158, 177, 173, 207], "reason": "otr_mining:sidewall"}
[routing_node-6] [INFO] [1788453475.285214180] [routing_decision_node]: {"id": 3, "route": "bypass_reject", "confidence": 0.5029352903366089, "surface_class": "tread", "bbox": [139, 121, 162, 159], "reason": "classification_below_threshold"}
[pbvs_controller-4] [INFO] [1788453475.285263862] [pbvs_controller_node]: fragments=3 eligible=2 reachable=0 locked=no
[routing_node-6] [INFO] [1788453475.285599583] [routing_decision_node]: {"id": 4, "route": "recompounding_raw_material", "confidence": 0.9795805811882019, "surface_class": "tread", "bbox": [157, 140, 197, 179], "reason": "passenger:tread"}
[routing_node-6] [INFO] [1788453475.285991763] [routing_decision_node]: {"id": 5, "route": "devulcanization_cbr", "confidence": 0.6946361064910889, "surface_class": "sidewall", "bbox": [158, 177, 173, 206], "reason": "otr_mining:sidewall"}
[routing_node-6] [INFO] [1788453475.325296165] [routing_decision_node]: {"id": 3, "route": "bypass_reject", "confidence": 0.4853048026561737, "surface_class": "tread", "bbox": [139, 121, 161, 158], "reason": "classification_below_threshold"}
[routing_node-6] [INFO] [1788453475.325671860] [routing_decision_node]: {"id": 4, "route": "recompounding_raw_material", "confidence": 0.9626537561416626, "surface_class": "tread", "bbox": [157, 140, 197, 179], "reason": "passenger:tread"}
[routing_node-6] [INFO] [1788453475.326033681] [routing_decision_node]: {"id": 5, "route": "devulcanization_cbr", "confidence": 0.8666201233863831, "surface_class": "sidewall", "bbox": [158, 177, 173, 206], "reason": "otr_mining:sidewall"}
[routing_node-6] [INFO] [1788453475.358453634] [routing_decision_node]: {"id": 3, "route": "bypass_reject", "confidence": 0.4853048026561737, "surface_class": "tread", "bbox": [139, 121, 161, 158], "reason": "classification_below_threshold"}
[routing_node-6] [INFO] [1788453475.359696804] [routing_decision_node]: {"id": 4, "route": "recompounding_raw_material", "confidence": 0.9626537561416626, "surface_class": "tread", "bbox": [157, 140, 197, 178], "reason": "passenger:tread"}
[routing_node-6] [INFO] [1788453475.360136881] [routing_decision_node]: {"id": 5, "route": "devulcanization_cbr", "confidence": 0.8666201233863831, "surface_class": "sidewall", "bbox": [158, 177, 173, 206], "reason": "otr_mining:sidewall"}
[routing_node-6] [INFO] [1788453475.402314456] [routing_decision_node]: {"id": 3, "route": "bypass_reject", "confidence": 0.4853048026561737, "surface_class": "tread", "bbox": [139, 121, 162, 158], "reason": "classification_below_threshold"}
[routing_node-6] [INFO] [1788453475.402922659] [routing_decision_node]: {"id": 4, "route": "recompounding_raw_material", "confidence": 0.9626537561416626, "surface_class": "tread", "bbox": [157, 139, 197, 176], "reason": "passenger:tread"}
[routing_node-6] [INFO] [1788453475.403300338] [routing_decision_node]: {"id": 5, "route": "recompounding_raw_material", "confidence": 0.9785926938056946, "surface_class": "sidewall", "bbox": [159, 176, 174, 178], "reason": "passenger:sidewall"}
[routing_node-6] [INFO] [1788453475.403725210] [routing_decision_node]: {"id": 6, "route": "devulcanization_cbr", "confidence": 0.8666201233863831, "surface_class": "sidewall", "bbox": [158, 178, 173, 206], "reason": "otr_mining:sidewall"}
[routing_node-6] [INFO] [1788453475.440844940] [routing_decision_node]: {"id": 3, "route": "bypass_reject", "confidence": 0.5801948308944702, "surface_class": "tread", "bbox": [139, 121, 162, 158], "reason": "classification_below_threshold"}
[routing_node-6] [INFO] [1788453475.441653969] [routing_decision_node]: {"id": 4, "route": "recompounding_raw_material", "confidence": 0.9733639359474182, "surface_class": "tread", "bbox": [157, 139, 197, 175], "reason": "passenger:tread"}
[routing_node-6] [INFO] [1788453475.442054484] [routing_decision_node]: {"id": 5, "route": "recompounding_raw_material", "confidence": 0.9701378345489502, "surface_class": "sidewall", "bbox": [159, 176, 174, 178], "reason": "passenger:sidewall"}
[routing_node-6] [INFO] [1788453475.442485650] [routing_decision_node]: {"id": 6, "route": "devulcanization_cbr", "confidence": 0.8590306639671326, "surface_class": "sidewall", "bbox": [158, 178, 173, 206], "reason": "otr_mining:sidewall"}
[routing_node-6] [INFO] [1788453475.484575726] [routing_decision_node]: {"id": 3, "route": "bypass_reject", "confidence": 0.5801948308944702, "surface_class": "tread", "bbox": [139, 121, 162, 158], "reason": "classification_below_threshold"}
[routing_node-6] [INFO] [1788453475.484961759] [routing_decision_node]: {"id": 4, "route": "recompounding_raw_material", "confidence": 0.9733639359474182, "surface_class": "tread", "bbox": [157, 139, 197, 178], "reason": "passenger:tread"}
[routing_node-6] [INFO] [1788453475.485508363] [routing_decision_node]: {"id": 5, "route": "devulcanization_cbr", "confidence": 0.8590306639671326, "surface_class": "sidewall", "bbox": [158, 176, 173, 206], "reason": "otr_mining:sidewall"}
[routing_node-6] [INFO] [1788453475.523619238] [routing_decision_node]: {"id": 3, "route": "bypass_reject", "confidence": 0.4629794657230377, "surface_class": "tread", "bbox": [140, 120, 162, 158], "reason": "classification_below_threshold"}
[routing_node-6] [INFO] [1788453475.524771787] [routing_decision_node]: {"id": 4, "route": "recompounding_raw_material", "confidence": 0.9690060615539551, "surface_class": "tread", "bbox": [157, 139, 197, 178], "reason": "passenger:tread"}
[routing_node-6] [INFO] [1788453475.526788138] [routing_decision_node]: {"id": 5, "route": "devulcanization_cbr", "confidence": 0.9088820815086365, "surface_class": "sidewall", "bbox": [158, 176, 173, 206], "reason": "otr_mining:sidewall"}
[routing_node-6] [INFO] [1788453475.566137597] [routing_decision_node]: {"id": 3, "route": "bypass_reject", "confidence": 0.4629794657230377, "surface_class": "tread", "bbox": [140, 120, 162, 158], "reason": "classification_below_threshold"}
[routing_node-6] [INFO] [1788453475.568029262] [routing_decision_node]: {"id": 4, "route": "recompounding_raw_material", "confidence": 0.9690060615539551, "surface_class": "tread", "bbox": [157, 139, 197, 178], "reason": "passenger:tread"}
[routing_node-6] [INFO] [1788453475.569336592] [routing_decision_node]: {"id": 5, "route": "devulcanization_cbr", "confidence": 0.9088820815086365, "surface_class": "sidewall", "bbox": [158, 176, 173, 205], "reason": "otr_mining:sidewall"}
[routing_node-6] [INFO] [1788453475.607279887] [routing_decision_node]: {"id": 3, "route": "bypass_reject", "confidence": 0.4629794657230377, "surface_class": "tread", "bbox": [139, 120, 161, 157], "reason": "classification_below_threshold"}
[routing_node-6] [INFO] [1788453475.608066734] [routing_decision_node]: {"id": 4, "route": "recompounding_raw_material", "confidence": 0.9690060615539551, "surface_class": "tread", "bbox": [157, 139, 197, 178], "reason": "passenger:tread"}
[routing_node-6] [INFO] [1788453475.608631269] [routing_decision_node]: {"id": 5, "route": "devulcanization_cbr", "confidence": 0.9088820815086365, "surface_class": "sidewall", "bbox": [158, 176, 173, 205], "reason": "otr_mining:sidewall"}
[routing_node-6] [INFO] [1788453475.651575623] [routing_decision_node]: {"id": 3, "route": "bypass_reject", "confidence": 0.4592200815677643, "surface_class": "tread", "bbox": [139, 120, 161, 157], "reason": "classification_below_threshold"}
[routing_node-6] [INFO] [1788453475.652227876] [routing_decision_node]: {"id": 4, "route": "recompounding_raw_material", "confidence": 0.9767134785652161, "surface_class": "tread", "bbox": [157, 139, 197, 175], "reason": "passenger:tread"}
[routing_node-6] [INFO] [1788453475.652619675] [routing_decision_node]: {"id": 5, "route": "recompounding_raw_material", "confidence": 0.92264723777771, "surface_class": "sidewall", "bbox": [161, 175, 174, 177], "reason": "passenger:sidewall"}
[routing_node-6] [INFO] [1788453475.652970717] [routing_decision_node]: {"id": 6, "route": "devulcanization_cbr", "confidence": 0.8646737933158875, "surface_class": "sidewall", "bbox": [158, 177, 173, 205], "reason": "otr_mining:sidewall"}
[routing_node-6] [INFO] [1788453475.690861822] [routing_decision_node]: {"id": 3, "route": "bypass_reject", "confidence": 0.4592200815677643, "surface_class": "tread", "bbox": [139, 120, 162, 157], "reason": "classification_below_threshold"}
[routing_node-6] [INFO] [1788453475.691453620] [routing_decision_node]: {"id": 4, "route": "recompounding_raw_material", "confidence": 0.9767134785652161, "surface_class": "tread", "bbox": [157, 138, 197, 175], "reason": "passenger:tread"}
[routing_node-6] [INFO] [1788453475.692011501] [routing_decision_node]: {"id": 5, "route": "recompounding_raw_material", "confidence": 0.92264723777771, "surface_class": "sidewall", "bbox": [159, 175, 174, 177], "reason": "passenger:sidewall"}
[routing_node-6] [INFO] [1788453475.693705695] [routing_decision_node]: {"id": 6, "route": "devulcanization_cbr", "confidence": 0.8646737933158875, "surface_class": "sidewall", "bbox": [158, 177, 173, 205], "reason": "otr_mining:sidewall"}
[routing_node-6] [INFO] [1788453475.736128532] [routing_decision_node]: {"id": 3, "route": "bypass_reject", "confidence": 0.5572102069854736, "surface_class": "tread", "bbox": [139, 120, 162, 157], "reason": "classification_below_threshold"}
[routing_node-6] [INFO] [1788453475.736707374] [routing_decision_node]: {"id": 4, "route": "recompounding_raw_material", "confidence": 0.9119070172309875, "surface_class": "tread", "bbox": [157, 138, 197, 177], "reason": "passenger:tread"}
[routing_node-6] [INFO] [1788453475.737136166] [routing_decision_node]: {"id": 5, "route": "devulcanization_cbr", "confidence": 0.8427711129188538, "surface_class": "sidewall", "bbox": [158, 175, 173, 205], "reason": "otr_mining:sidewall"}
[routing_node-6] [INFO] [1788453475.782251628] [routing_decision_node]: {"id": 3, "route": "bypass_reject", "confidence": 0.5572102069854736, "surface_class": "tread", "bbox": [140, 120, 162, 157], "reason": "classification_below_threshold"}
[routing_node-6] [INFO] [1788453475.784979997] [routing_decision_node]: {"id": 4, "route": "recompounding_raw_material", "confidence": 0.9119070172309875, "surface_class": "tread", "bbox": [157, 138, 197, 177], "reason": "passenger:tread"}
[routing_node-6] [INFO] [1788453475.785532598] [routing_decision_node]: {"id": 5, "route": "devulcanization_cbr", "confidence": 0.8427711129188538, "surface_class": "sidewall", "bbox": [158, 175, 173, 205], "reason": "otr_mining:sidewall"}
[routing_node-6] [INFO] [1788453475.825484559] [routing_decision_node]: {"id": 3, "route": "bypass_reject", "confidence": 0.5633763074874878, "surface_class": "tread", "bbox": [140, 119, 162, 157], "reason": "classification_below_threshold"}
[routing_node-6] [INFO] [1788453475.826049083] [routing_decision_node]: {"id": 4, "route": "recompounding_raw_material", "confidence": 0.9381352066993713, "surface_class": "tread", "bbox": [157, 138, 197, 177], "reason": "passenger:tread"}
[routing_node-6] [INFO] [1788453475.826382498] [routing_decision_node]: {"id": 5, "route": "devulcanization_cbr", "confidence": 0.8848972320556641, "surface_class": "sidewall", "bbox": [158, 175, 173, 205], "reason": "otr_mining:sidewall"}
[routing_node-6] [INFO] [1788453475.870333669] [routing_decision_node]: {"id": 3, "route": "bypass_reject", "confidence": 0.5633763074874878, "surface_class": "tread", "bbox": [140, 119, 162, 157], "reason": "classification_below_threshold"}
[routing_node-6] [INFO] [1788453475.870965804] [routing_decision_node]: {"id": 4, "route": "recompounding_raw_material", "confidence": 0.9381352066993713, "surface_class": "tread", "bbox": [157, 138, 197, 177], "reason": "passenger:tread"}
[routing_node-6] [INFO] [1788453475.871425805] [routing_decision_node]: {"id": 5, "route": "devulcanization_cbr", "confidence": 0.8848972320556641, "surface_class": "sidewall", "bbox": [158, 175, 173, 205], "reason": "otr_mining:sidewall"}
[routing_node-6] [INFO] [1788453475.918812249] [routing_decision_node]: {"id": 3, "route": "bypass_reject", "confidence": 0.5633763074874878, "surface_class": "tread", "bbox": [139, 119, 161, 156], "reason": "classification_below_threshold"}
[routing_node-6] [INFO] [1788453475.919520467] [routing_decision_node]: {"id": 4, "route": "recompounding_raw_material", "confidence": 0.9589820504188538, "surface_class": "tread", "bbox": [157, 138, 197, 177], "reason": "passenger:tread"}
[routing_node-6] [INFO] [1788453475.919949808] [routing_decision_node]: {"id": 5, "route": "devulcanization_cbr", "confidence": 0.8518593907356262, "surface_class": "sidewall", "bbox": [158, 175, 173, 204], "reason": "otr_mining:sidewall"}
[routing_node-6] [INFO] [1788453475.956830146] [routing_decision_node]: {"id": 3, "route": "bypass_reject", "confidence": 0.45451614260673523, "surface_class": "tread", "bbox": [139, 119, 161, 156], "reason": "classification_below_threshold"}
[routing_node-6] [INFO] [1788453475.957429260] [routing_decision_node]: {"id": 4, "route": "recompounding_raw_material", "confidence": 0.9589820504188538, "surface_class": "tread", "bbox": [157, 138, 197, 174], "reason": "passenger:tread"}
[routing_node-6] [INFO] [1788453475.957772204] [routing_decision_node]: {"id": 5, "route": "recompounding_raw_material", "confidence": 0.935094952583313, "surface_class": "sidewall", "bbox": [160, 174, 174, 176], "reason": "passenger:sidewall"}
[routing_node-6] [INFO] [1788453475.958167927] [routing_decision_node]: {"id": 6, "route": "devulcanization_cbr", "confidence": 0.8518593907356262, "surface_class": "sidewall", "bbox": [158, 176, 173, 204], "reason": "otr_mining:sidewall"}
[routing_node-6] [INFO] [1788453475.998983581] [routing_decision_node]: {"id": 3, "route": "bypass_reject", "confidence": 0.45451614260673523, "surface_class": "tread", "bbox": [139, 119, 162, 156], "reason": "classification_below_threshold"}
[routing_node-6] [INFO] [1788453475.999524856] [routing_decision_node]: {"id": 4, "route": "recompounding_raw_material", "confidence": 0.9589820504188538, "surface_class": "tread", "bbox": [157, 137, 197, 174], "reason": "passenger:tread"}
[routing_node-6] [INFO] [1788453475.999851278] [routing_decision_node]: {"id": 5, "route": "recompounding_raw_material", "confidence": 0.935094952583313, "surface_class": "sidewall", "bbox": [159, 174, 174, 176], "reason": "passenger:sidewall"}
[routing_node-6] [INFO] [1788453476.000178462] [routing_decision_node]: {"id": 6, "route": "devulcanization_cbr", "confidence": 0.8518593907356262, "surface_class": "sidewall", "bbox": [158, 176, 173, 204], "reason": "otr_mining:sidewall"}
[routing_node-6] [INFO] [1788453476.044049286] [routing_decision_node]: {"id": 3, "route": "bypass_reject", "confidence": 0.549130916595459, "surface_class": "tread", "bbox": [139, 119, 162, 156], "reason": "classification_below_threshold"}
[routing_node-6] [INFO] [1788453476.044582369] [routing_decision_node]: {"id": 4, "route": "recompounding_raw_material", "confidence": 0.9271968603134155, "surface_class": "tread", "bbox": [157, 137, 197, 176], "reason": "passenger:tread"}
[routing_node-6] [INFO] [1788453476.044972747] [routing_decision_node]: {"id": 5, "route": "devulcanization_cbr", "confidence": 0.7634720802307129, "surface_class": "sidewall", "bbox": [158, 174, 173, 204], "reason": "otr_mining:sidewall"}
[routing_node-6] [INFO] [1788453476.091799416] [routing_decision_node]: {"id": 3, "route": "bypass_reject", "confidence": 0.549130916595459, "surface_class": "tread", "bbox": [140, 119, 162, 156], "reason": "classification_below_threshold"}
[routing_node-6] [INFO] [1788453476.092504692] [routing_decision_node]: {"id": 4, "route": "recompounding_raw_material", "confidence": 0.9271968603134155, "surface_class": "tread", "bbox": [157, 137, 197, 176], "reason": "passenger:tread"}
[routing_node-6] [INFO] [1788453476.093107826] [routing_decision_node]: {"id": 5, "route": "devulcanization_cbr", "confidence": 0.7634720802307129, "surface_class": "sidewall", "bbox": [158, 174, 173, 204], "reason": "otr_mining:sidewall"}
[routing_node-6] [INFO] [1788453476.138931527] [routing_decision_node]: {"id": 3, "route": "bypass_reject", "confidence": 0.5425501465797424, "surface_class": "tread", "bbox": [140, 118, 162, 156], "reason": "classification_below_threshold"}
[routing_node-6] [INFO] [1788453476.139609623] [routing_decision_node]: {"id": 4, "route": "recompounding_raw_material", "confidence": 0.966171145439148, "surface_class": "tread", "bbox": [157, 137, 197, 176], "reason": "passenger:tread"}
[routing_node-6] [INFO] [1788453476.140101613] [routing_decision_node]: {"id": 5, "route": "devulcanization_cbr", "confidence": 0.8412190079689026, "surface_class": "sidewall", "bbox": [158, 174, 173, 204], "reason": "otr_mining:sidewall"}
[routing_node-6] [INFO] [1788453476.184169587] [routing_decision_node]: {"id": 3, "route": "bypass_reject", "confidence": 0.5425501465797424, "surface_class": "tread", "bbox": [140, 118, 162, 156], "reason": "classification_below_threshold"}
[routing_node-6] [INFO] [1788453476.184526212] [routing_decision_node]: {"id": 4, "route": "recompounding_raw_material", "confidence": 0.966171145439148, "surface_class": "tread", "bbox": [157, 137, 197, 176], "reason": "passenger:tread"}
[routing_node-6] [INFO] [1788453476.184878860] [routing_decision_node]: {"id": 5, "route": "devulcanization_cbr", "confidence": 0.8412190079689026, "surface_class": "sidewall", "bbox": [158, 174, 173, 204], "reason": "otr_mining:sidewall"}
[routing_node-6] [INFO] [1788453476.227774135] [routing_decision_node]: {"id": 3, "route": "bypass_reject", "confidence": 0.5520728826522827, "surface_class": "tread", "bbox": [139, 118, 161, 155], "reason": "classification_below_threshold"}
[routing_node-6] [INFO] [1788453476.228321362] [routing_decision_node]: {"id": 4, "route": "recompounding_raw_material", "confidence": 0.9822338223457336, "surface_class": "tread", "bbox": [157, 137, 197, 176], "reason": "passenger:tread"}
[routing_node-6] [INFO] [1788453476.228697300] [routing_decision_node]: {"id": 5, "route": "devulcanization_cbr", "confidence": 0.791328489780426, "surface_class": "sidewall", "bbox": [158, 174, 173, 203], "reason": "otr_mining:sidewall"}
[routing_node-6] [INFO] [1788453476.271633412] [routing_decision_node]: {"id": 3, "route": "bypass_reject", "confidence": 0.5520728826522827, "surface_class": "tread", "bbox": [139, 118, 161, 155], "reason": "classification_below_threshold"}
[routing_node-6] [INFO] [1788453476.273109262] [routing_decision_node]: {"id": 4, "route": "recompounding_raw_material", "confidence": 0.9822338223457336, "surface_class": "tread", "bbox": [157, 137, 197, 173], "reason": "passenger:tread"}
[routing_node-6] [INFO] [1788453476.273591584] [routing_decision_node]: {"id": 5, "route": "recompounding_raw_material", "confidence": 0.9837399125099182, "surface_class": "sidewall", "bbox": [159, 173, 174, 175], "reason": "passenger:sidewall"}
[routing_node-6] [INFO] [1788453476.274144785] [routing_decision_node]: {"id": 6, "route": "devulcanization_cbr", "confidence": 0.791328489780426, "surface_class": "sidewall", "bbox": [158, 175, 173, 203], "reason": "otr_mining:sidewall"}
[routing_node-6] [INFO] [1788453476.317630196] [routing_decision_node]: {"id": 3, "route": "bypass_reject", "confidence": 0.5177243947982788, "surface_class": "tread", "bbox": [139, 118, 162, 155], "reason": "classification_below_threshold"}
[routing_node-6] [INFO] [1788453476.318094264] [routing_decision_node]: {"id": 4, "route": "recompounding_raw_material", "confidence": 0.9840153455734253, "surface_class": "tread", "bbox": [157, 136, 197, 173], "reason": "passenger:tread"}
[routing_node-6] [INFO] [1788453476.318465870] [routing_decision_node]: {"id": 5, "route": "recompounding_raw_material", "confidence": 0.9645439386367798, "surface_class": "sidewall", "bbox": [159, 173, 174, 175], "reason": "passenger:sidewall"}
[routing_node-6] [INFO] [1788453476.318794928] [routing_decision_node]: {"id": 6, "route": "devulcanization_cbr", "confidence": 0.857978105545044, "surface_class": "sidewall", "bbox": [158, 175, 173, 203], "reason": "otr_mining:sidewall"}
[routing_node-6] [INFO] [1788453476.361202830] [routing_decision_node]: {"id": 3, "route": "bypass_reject", "confidence": 0.5177243947982788, "surface_class": "tread", "bbox": [139, 118, 162, 155], "reason": "classification_below_threshold"}
[routing_node-6] [INFO] [1788453476.361786236] [routing_decision_node]: {"id": 4, "route": "recompounding_raw_material", "confidence": 0.9840153455734253, "surface_class": "tread", "bbox": [156, 136, 197, 175], "reason": "passenger:tread"}
[routing_node-6] [INFO] [1788453476.362248770] [routing_decision_node]: {"id": 5, "route": "devulcanization_cbr", "confidence": 0.857978105545044, "surface_class": "sidewall", "bbox": [158, 173, 173, 203], "reason": "otr_mining:sidewall"}
[routing_node-6] [INFO] [1788453476.405082006] [routing_decision_node]: {"id": 3, "route": "bypass_reject", "confidence": 0.5177243947982788, "surface_class": "tread", "bbox": [140, 118, 162, 155], "reason": "classification_below_threshold"}
[routing_node-6] [INFO] [1788453476.405871989] [routing_decision_node]: {"id": 4, "route": "recompounding_raw_material", "confidence": 0.9840153455734253, "surface_class": "tread", "bbox": [157, 136, 197, 175], "reason": "passenger:tread"}
[routing_node-6] [INFO] [1788453476.406506216] [routing_decision_node]: {"id": 5, "route": "devulcanization_cbr", "confidence": 0.857978105545044, "surface_class": "sidewall", "bbox": [158, 173, 173, 203], "reason": "otr_mining:sidewall"}
[routing_node-6] [INFO] [1788453476.460774388] [routing_decision_node]: {"id": 3, "route": "bypass_reject", "confidence": 0.4025686979293823, "surface_class": "tread", "bbox": [140, 117, 162, 155], "reason": "classification_below_threshold"}
[routing_node-6] [INFO] [1788453476.461771173] [routing_decision_node]: {"id": 4, "route": "recompounding_raw_material", "confidence": 0.9707747101783752, "surface_class": "tread", "bbox": [157, 136, 197, 175], "reason": "passenger:tread"}
[routing_node-6] [INFO] [1788453476.462228778] [routing_decision_node]: {"id": 5, "route": "devulcanization_cbr", "confidence": 0.8956871032714844, "surface_class": "sidewall", "bbox": [158, 173, 173, 203], "reason": "otr_mining:sidewall"}
[routing_node-6] [INFO] [1788453476.510947271] [routing_decision_node]: {"id": 3, "route": "bypass_reject", "confidence": 0.4025686979293823, "surface_class": "tread", "bbox": [140, 117, 162, 154], "reason": "classification_below_threshold"}
[routing_node-6] [INFO] [1788453476.511425302] [routing_decision_node]: {"id": 4, "route": "recompounding_raw_material", "confidence": 0.9707747101783752, "surface_class": "tread", "bbox": [157, 136, 197, 175], "reason": "passenger:tread"}
[routing_node-6] [INFO] [1788453476.511884186] [routing_decision_node]: {"id": 5, "route": "devulcanization_cbr", "confidence": 0.8956871032714844, "surface_class": "sidewall", "bbox": [158, 173, 173, 203], "reason": "otr_mining:sidewall"}
[routing_node-6] [INFO] [1788453476.560674015] [routing_decision_node]: {"id": 3, "route": "bypass_reject", "confidence": 0.47890886664390564, "surface_class": "tread", "bbox": [140, 117, 161, 154], "reason": "classification_below_threshold"}
[routing_node-6] [INFO] [1788453476.561149433] [routing_decision_node]: {"id": 4, "route": "recompounding_raw_material", "confidence": 0.9676326513290405, "surface_class": "tread", "bbox": [157, 136, 197, 172], "reason": "passenger:tread"}
[routing_node-6] [INFO] [1788453476.561492226] [routing_decision_node]: {"id": 5, "route": "recompounding_raw_material", "confidence": 0.9770057201385498, "surface_class": "sidewall", "bbox": [158, 173, 174, 175], "reason": "passenger:sidewall"}
[routing_node-6] [INFO] [1788453476.561819405] [routing_decision_node]: {"id": 6, "route": "devulcanization_cbr", "confidence": 0.8743377327919006, "surface_class": "sidewall", "bbox": [158, 176, 173, 202], "reason": "otr_mining:sidewall"}
[routing_node-6] [INFO] [1788453476.600578382] [routing_decision_node]: {"id": 3, "route": "bypass_reject", "confidence": 0.47890886664390564, "surface_class": "tread", "bbox": [139, 117, 161, 154], "reason": "classification_below_threshold"}
[routing_node-6] [INFO] [1788453476.601052419] [routing_decision_node]: {"id": 4, "route": "recompounding_raw_material", "confidence": 0.9676326513290405, "surface_class": "tread", "bbox": [157, 136, 197, 172], "reason": "passenger:tread"}
[routing_node-6] [INFO] [1788453476.601425183] [routing_decision_node]: {"id": 5, "route": "recompounding_raw_material", "confidence": 0.9770057201385498, "surface_class": "sidewall", "bbox": [159, 172, 174, 174], "reason": "passenger:sidewall"}
[routing_node-6] [INFO] [1788453476.602080076] [routing_decision_node]: {"id": 6, "route": "devulcanization_cbr", "confidence": 0.8743377327919006, "surface_class": "sidewall", "bbox": [158, 174, 173, 202], "reason": "otr_mining:sidewall"}
[routing_node-6] [INFO] [1788453476.643752641] [routing_decision_node]: {"id": 3, "route": "bypass_reject", "confidence": 0.4589771628379822, "surface_class": "tread", "bbox": [139, 117, 162, 154], "reason": "classification_below_threshold"}
[routing_node-6] [INFO] [1788453476.644182426] [routing_decision_node]: {"id": 4, "route": "recompounding_raw_material", "confidence": 0.9625715613365173, "surface_class": "tread", "bbox": [157, 135, 197, 172], "reason": "passenger:tread"}
[routing_node-6] [INFO] [1788453476.644504428] [routing_decision_node]: {"id": 5, "route": "recompounding_raw_material", "confidence": 0.9525704979896545, "surface_class": "sidewall", "bbox": [159, 172, 174, 174], "reason": "passenger:sidewall"}
[routing_node-6] [INFO] [1788453476.644870565] [routing_decision_node]: {"id": 6, "route": "devulcanization_cbr", "confidence": 0.8746933937072754, "surface_class": "sidewall", "bbox": [158, 174, 173, 202], "reason": "otr_mining:sidewall"}
[routing_node-6] [INFO] [1788453476.681933178] [routing_decision_node]: {"id": 3, "route": "bypass_reject", "confidence": 0.4589771628379822, "surface_class": "tread", "bbox": [140, 117, 162, 154], "reason": "classification_below_threshold"}
[routing_node-6] [INFO] [1788453476.682331641] [routing_decision_node]: {"id": 4, "route": "recompounding_raw_material", "confidence": 0.9625715613365173, "surface_class": "tread", "bbox": [156, 135, 197, 174], "reason": "passenger:tread"}
[routing_node-6] [INFO] [1788453476.682700720] [routing_decision_node]: {"id": 5, "route": "devulcanization_cbr", "confidence": 0.8746933937072754, "surface_class": "sidewall", "bbox": [158, 172, 173, 202], "reason": "otr_mining:sidewall"}
[routing_node-6] [INFO] [1788453476.728170644] [routing_decision_node]: {"id": 3, "route": "bypass_reject", "confidence": 0.5018989443778992, "surface_class": "tread", "bbox": [140, 117, 162, 154], "reason": "classification_below_threshold"}
[routing_node-6] [INFO] [1788453476.728527276] [routing_decision_node]: {"id": 4, "route": "recompounding_raw_material", "confidence": 0.9473716020584106, "surface_class": "tread", "bbox": [157, 135, 197, 174], "reason": "passenger:tread"}
[routing_node-6] [INFO] [1788453476.728846564] [routing_decision_node]: {"id": 5, "route": "devulcanization_cbr", "confidence": 0.7372364401817322, "surface_class": "sidewall", "bbox": [158, 172, 173, 202], "reason": "otr_mining:sidewall"}
[routing_node-6] [INFO] [1788453476.773279938] [routing_decision_node]: {"id": 3, "route": "bypass_reject", "confidence": 0.5018989443778992, "surface_class": "tread", "bbox": [140, 116, 162, 154], "reason": "classification_below_threshold"}
[routing_node-6] [INFO] [1788453476.773759099] [routing_decision_node]: {"id": 4, "route": "recompounding_raw_material", "confidence": 0.9473716020584106, "surface_class": "tread", "bbox": [157, 135, 197, 174], "reason": "passenger:tread"}
[routing_node-6] [INFO] [1788453476.775610303] [routing_decision_node]: {"id": 5, "route": "devulcanization_cbr", "confidence": 0.7372364401817322, "surface_class": "sidewall", "bbox": [158, 172, 173, 202], "reason": "otr_mining:sidewall"}
[routing_node-6] [INFO] [1788453476.817175741] [routing_decision_node]: {"id": 3, "route": "bypass_reject", "confidence": 0.6130038499832153, "surface_class": "tread", "bbox": [140, 116, 162, 153], "reason": "classification_below_threshold"}
[routing_node-6] [INFO] [1788453476.817522140] [routing_decision_node]: {"id": 4, "route": "recompounding_raw_material", "confidence": 0.9685521721839905, "surface_class": "tread", "bbox": [157, 135, 197, 174], "reason": "passenger:tread"}
[routing_node-6] [INFO] [1788453476.817837197] [routing_decision_node]: {"id": 5, "route": "devulcanization_cbr", "confidence": 0.8208728432655334, "surface_class": "sidewall", "bbox": [158, 172, 173, 202], "reason": "otr_mining:sidewall"}
[routing_node-6] [INFO] [1788453476.860524984] [routing_decision_node]: {"id": 3, "route": "bypass_reject", "confidence": 0.6130038499832153, "surface_class": "tread", "bbox": [140, 116, 161, 153], "reason": "classification_below_threshold"}
[routing_node-6] [INFO] [1788453476.860929709] [routing_decision_node]: {"id": 4, "route": "recompounding_raw_material", "confidence": 0.9685521721839905, "surface_class": "tread", "bbox": [157, 135, 197, 171], "reason": "passenger:tread"}
[routing_node-6] [INFO] [1788453476.861482577] [routing_decision_node]: {"id": 5, "route": "recompounding_raw_material", "confidence": 0.9863070845603943, "surface_class": "sidewall", "bbox": [158, 171, 174, 174], "reason": "passenger:sidewall"}
[routing_node-6] [INFO] [1788453476.862507621] [routing_decision_node]: {"id": 6, "route": "devulcanization_cbr", "confidence": 0.8208728432655334, "surface_class": "sidewall", "bbox": [158, 175, 173, 201], "reason": "otr_mining:sidewall"}
[routing_node-6] [INFO] [1788453476.895215700] [routing_decision_node]: {"id": 3, "route": "bypass_reject", "confidence": 0.6130038499832153, "surface_class": "tread", "bbox": [139, 116, 161, 153], "reason": "classification_below_threshold"}
[routing_node-6] [INFO] [1788453476.895591410] [routing_decision_node]: {"id": 4, "route": "recompounding_raw_material", "confidence": 0.9685521721839905, "surface_class": "tread", "bbox": [157, 135, 197, 171], "reason": "passenger:tread"}
[routing_node-6] [INFO] [1788453476.896125643] [routing_decision_node]: {"id": 5, "route": "recompounding_raw_material", "confidence": 0.9863070845603943, "surface_class": "sidewall", "bbox": [159, 171, 174, 173], "reason": "passenger:sidewall"}
[routing_node-6] [INFO] [1788453476.897114864] [routing_decision_node]: {"id": 6, "route": "devulcanization_cbr", "confidence": 0.8208728432655334, "surface_class": "sidewall", "bbox": [158, 173, 173, 201], "reason": "otr_mining:sidewall"}
[routing_node-6] [INFO] [1788453476.938722330] [routing_decision_node]: {"id": 3, "route": "bypass_reject", "confidence": 0.5438506007194519, "surface_class": "tread", "bbox": [139, 116, 162, 153], "reason": "classification_below_threshold"}
[routing_node-6] [INFO] [1788453476.939172054] [routing_decision_node]: {"id": 4, "route": "recompounding_raw_material", "confidence": 0.9822821617126465, "surface_class": "tread", "bbox": [157, 134, 197, 171], "reason": "passenger:tread"}
[routing_node-6] [INFO] [1788453476.939720462] [routing_decision_node]: {"id": 5, "route": "recompounding_raw_material", "confidence": 0.9549353122711182, "surface_class": "sidewall", "bbox": [159, 171, 174, 173], "reason": "passenger:sidewall"}
[routing_node-6] [INFO] [1788453476.940523927] [routing_decision_node]: {"id": 6, "route": "devulcanization_cbr", "confidence": 0.8380430936813354, "surface_class": "sidewall", "bbox": [158, 173, 173, 201], "reason": "otr_mining:sidewall"}
[routing_node-6] [INFO] [1788453476.983421702] [routing_decision_node]: {"id": 3, "route": "bypass_reject", "confidence": 0.5438506007194519, "surface_class": "tread", "bbox": [140, 116, 162, 153], "reason": "classification_below_threshold"}
[routing_node-6] [INFO] [1788453476.983798890] [routing_decision_node]: {"id": 4, "route": "recompounding_raw_material", "confidence": 0.9822821617126465, "surface_class": "tread", "bbox": [156, 134, 197, 173], "reason": "passenger:tread"}
[routing_node-6] [INFO] [1788453476.984144305] [routing_decision_node]: {"id": 5, "route": "devulcanization_cbr", "confidence": 0.8380430936813354, "surface_class": "sidewall", "bbox": [158, 171, 173, 201], "reason": "otr_mining:sidewall"}
[routing_node-6] [INFO] [1788453477.027027609] [routing_decision_node]: {"id": 3, "route": "bypass_reject", "confidence": 0.5436676740646362, "surface_class": "tread", "bbox": [140, 116, 162, 153], "reason": "classification_below_threshold"}
[routing_node-6] [INFO] [1788453477.027380995] [routing_decision_node]: {"id": 4, "route": "recompounding_raw_material", "confidence": 0.9613942503929138, "surface_class": "tread", "bbox": [157, 134, 197, 173], "reason": "passenger:tread"}
[routing_node-6] [INFO] [1788453477.027718849] [routing_decision_node]: {"id": 5, "route": "devulcanization_cbr", "confidence": 0.844417154788971, "surface_class": "sidewall", "bbox": [158, 171, 173, 201], "reason": "otr_mining:sidewall"}
[routing_node-6] [INFO] [1788453477.067214828] [routing_decision_node]: {"id": 3, "route": "bypass_reject", "confidence": 0.5436676740646362, "surface_class": "tread", "bbox": [140, 115, 162, 153], "reason": "classification_below_threshold"}
[routing_node-6] [INFO] [1788453477.068372054] [routing_decision_node]: {"id": 4, "route": "recompounding_raw_material", "confidence": 0.9613942503929138, "surface_class": "tread", "bbox": [157, 134, 197, 173], "reason": "passenger:tread"}
[routing_node-6] [INFO] [1788453477.070492281] [routing_decision_node]: {"id": 5, "route": "devulcanization_cbr", "confidence": 0.844417154788971, "surface_class": "sidewall", "bbox": [158, 171, 173, 201], "reason": "otr_mining:sidewall"}
[routing_node-6] [INFO] [1788453477.112012394] [routing_decision_node]: {"id": 3, "route": "bypass_reject", "confidence": 0.5436676740646362, "surface_class": "tread", "bbox": [140, 115, 162, 152], "reason": "classification_below_threshold"}
[routing_node-6] [INFO] [1788453477.112444909] [routing_decision_node]: {"id": 4, "route": "recompounding_raw_material", "confidence": 0.9613942503929138, "surface_class": "tread", "bbox": [157, 134, 197, 173], "reason": "passenger:tread"}
[routing_node-6] [INFO] [1788453477.114790560] [routing_decision_node]: {"id": 5, "route": "devulcanization_cbr", "confidence": 0.844417154788971, "surface_class": "sidewall", "bbox": [158, 171, 173, 201], "reason": "otr_mining:sidewall"}
[routing_node-6] [INFO] [1788453477.162348753] [routing_decision_node]: {"id": 3, "route": "bypass_reject", "confidence": 0.5572533011436462, "surface_class": "tread", "bbox": [140, 115, 161, 152], "reason": "classification_below_threshold"}
[routing_node-6] [INFO] [1788453477.162750359] [routing_decision_node]: {"id": 4, "route": "recompounding_raw_material", "confidence": 0.973848819732666, "surface_class": "tread", "bbox": [157, 134, 197, 170], "reason": "passenger:tread"}
[routing_node-6] [INFO] [1788453477.163310976] [routing_decision_node]: {"id": 5, "route": "recompounding_raw_material", "confidence": 0.9765830039978027, "surface_class": "sidewall", "bbox": [158, 170, 174, 173], "reason": "passenger:sidewall"}
[routing_node-6] [INFO] [1788453477.164043791] [routing_decision_node]: {"id": 6, "route": "devulcanization_cbr", "confidence": 0.9001199007034302, "surface_class": "sidewall", "bbox": [158, 174, 173, 200], "reason": "otr_mining:sidewall"}
[routing_node-6] [INFO] [1788453477.202724503] [routing_decision_node]: {"id": 3, "route": "bypass_reject", "confidence": 0.5572533011436462, "surface_class": "tread", "bbox": [140, 115, 161, 152], "reason": "classification_below_threshold"}
[routing_node-6] [INFO] [1788453477.203516315] [routing_decision_node]: {"id": 4, "route": "recompounding_raw_material", "confidence": 0.973848819732666, "surface_class": "tread", "bbox": [157, 134, 197, 170], "reason": "passenger:tread"}
[routing_node-6] [INFO] [1788453477.205941119] [routing_decision_node]: {"id": 5, "route": "recompounding_raw_material", "confidence": 0.9765830039978027, "surface_class": "sidewall", "bbox": [159, 170, 174, 172], "reason": "passenger:sidewall"}
[routing_node-6] [INFO] [1788453477.206481374] [routing_decision_node]: {"id": 6, "route": "devulcanization_cbr", "confidence": 0.9001199007034302, "surface_class": "sidewall", "bbox": [158, 172, 173, 200], "reason": "otr_mining:sidewall"}
[routing_node-6] [INFO] [1788453477.250596077] [routing_decision_node]: {"id": 3, "route": "bypass_reject", "confidence": 0.4852176010608673, "surface_class": "tread", "bbox": [139, 115, 162, 152], "reason": "classification_below_threshold"}
[routing_node-6] [INFO] [1788453477.251187890] [routing_decision_node]: {"id": 4, "route": "recompounding_raw_material", "confidence": 0.9767218828201294, "surface_class": "tread", "bbox": [157, 133, 197, 170], "reason": "passenger:tread"}
[routing_node-6] [INFO] [1788453477.251721148] [routing_decision_node]: {"id": 5, "route": "recompounding_raw_material", "confidence": 0.9363394379615784, "surface_class": "sidewall", "bbox": [159, 170, 174, 172], "reason": "passenger:sidewall"}
[routing_node-6] [INFO] [1788453477.252258910] [routing_decision_node]: {"id": 6, "route": "devulcanization_cbr", "confidence": 0.818061351776123, "surface_class": "sidewall", "bbox": [158, 172, 173, 200], "reason": "otr_mining:sidewall"}
[routing_node-6] [INFO] [1788453477.289071525] [routing_decision_node]: {"id": 3, "route": "bypass_reject", "confidence": 0.4852176010608673, "surface_class": "tread", "bbox": [140, 115, 162, 152], "reason": "classification_below_threshold"}
[pbvs_controller-4] [INFO] [1788453477.289108062] [pbvs_controller_node]: fragments=3 eligible=2 reachable=0 locked=no
[routing_node-6] [INFO] [1788453477.289639878] [routing_decision_node]: {"id": 4, "route": "recompounding_raw_material", "confidence": 0.9767218828201294, "surface_class": "tread", "bbox": [156, 133, 197, 172], "reason": "passenger:tread"}
[routing_node-6] [INFO] [1788453477.290152416] [routing_decision_node]: {"id": 5, "route": "devulcanization_cbr", "confidence": 0.818061351776123, "surface_class": "sidewall", "bbox": [158, 170, 173, 200], "reason": "otr_mining:sidewall"}
[routing_node-6] [INFO] [1788453477.326569408] [routing_decision_node]: {"id": 3, "route": "bypass_reject", "confidence": 0.46923837065696716, "surface_class": "tread", "bbox": [140, 115, 162, 152], "reason": "classification_below_threshold"}
[routing_node-6] [INFO] [1788453477.327206579] [routing_decision_node]: {"id": 4, "route": "recompounding_raw_material", "confidence": 0.9448061585426331, "surface_class": "tread", "bbox": [157, 133, 197, 172], "reason": "passenger:tread"}
[routing_node-6] [INFO] [1788453477.327807333] [routing_decision_node]: {"id": 5, "route": "devulcanization_cbr", "confidence": 0.8815558552742004, "surface_class": "sidewall", "bbox": [158, 170, 173, 200], "reason": "otr_mining:sidewall"}
[routing_node-6] [INFO] [1788453477.361063884] [routing_decision_node]: {"id": 3, "route": "bypass_reject", "confidence": 0.46923837065696716, "surface_class": "tread", "bbox": [140, 114, 162, 152], "reason": "classification_below_threshold"}
[routing_node-6] [INFO] [1788453477.361742467] [routing_decision_node]: {"id": 4, "route": "recompounding_raw_material", "confidence": 0.9448061585426331, "surface_class": "tread", "bbox": [157, 133, 197, 172], "reason": "passenger:tread"}
[routing_node-6] [INFO] [1788453477.362380344] [routing_decision_node]: {"id": 5, "route": "devulcanization_cbr", "confidence": 0.8815558552742004, "surface_class": "sidewall", "bbox": [158, 170, 173, 200], "reason": "otr_mining:sidewall"}
[routing_node-6] [INFO] [1788453477.410964722] [routing_decision_node]: {"id": 3, "route": "bypass_reject", "confidence": 0.46923837065696716, "surface_class": "tread", "bbox": [140, 114, 162, 151], "reason": "classification_below_threshold"}
[routing_node-6] [INFO] [1788453477.411734303] [routing_decision_node]: {"id": 4, "route": "recompounding_raw_material", "confidence": 0.9448061585426331, "surface_class": "tread", "bbox": [157, 133, 197, 172], "reason": "passenger:tread"}
[routing_node-6] [INFO] [1788453477.412436935] [routing_decision_node]: {"id": 5, "route": "devulcanization_cbr", "confidence": 0.8815558552742004, "surface_class": "sidewall", "bbox": [158, 170, 173, 200], "reason": "otr_mining:sidewall"}
[routing_node-6] [INFO] [1788453477.449535151] [routing_decision_node]: {"id": 3, "route": "bypass_reject", "confidence": 0.5804840326309204, "surface_class": "tread", "bbox": [140, 114, 161, 151], "reason": "classification_below_threshold"}
[routing_node-6] [INFO] [1788453477.450148180] [routing_decision_node]: {"id": 4, "route": "recompounding_raw_material", "confidence": 0.9854316115379333, "surface_class": "tread", "bbox": [157, 133, 197, 169], "reason": "passenger:tread"}
[routing_node-6] [INFO] [1788453477.450623865] [routing_decision_node]: {"id": 5, "route": "recompounding_raw_material", "confidence": 0.883685827255249, "surface_class": "sidewall", "bbox": [158, 169, 174, 172], "reason": "passenger:sidewall"}
[routing_node-6] [INFO] [1788453477.451121424] [routing_decision_node]: {"id": 6, "route": "devulcanization_cbr", "confidence": 0.879986047744751, "surface_class": "sidewall", "bbox": [158, 173, 173, 199], "reason": "otr_mining:sidewall"}
[routing_node-6] [INFO] [1788453477.487686386] [routing_decision_node]: {"id": 3, "route": "bypass_reject", "confidence": 0.5804840326309204, "surface_class": "tread", "bbox": [140, 114, 161, 151], "reason": "classification_below_threshold"}
[routing_node-6] [INFO] [1788453477.488472532] [routing_decision_node]: {"id": 4, "route": "recompounding_raw_material", "confidence": 0.9854316115379333, "surface_class": "tread", "bbox": [157, 133, 197, 169], "reason": "passenger:tread"}
[routing_node-6] [INFO] [1788453477.489051217] [routing_decision_node]: {"id": 5, "route": "recompounding_raw_material", "confidence": 0.883685827255249, "surface_class": "sidewall", "bbox": [159, 169, 174, 171], "reason": "passenger:sidewall"}
[routing_node-6] [INFO] [1788453477.489653369] [routing_decision_node]: {"id": 6, "route": "devulcanization_cbr", "confidence": 0.879986047744751, "surface_class": "sidewall", "bbox": [158, 171, 173, 199], "reason": "otr_mining:sidewall"}
[routing_node-6] [INFO] [1788453477.536275223] [routing_decision_node]: {"id": 3, "route": "bypass_reject", "confidence": 0.392276406288147, "surface_class": "tread", "bbox": [139, 114, 162, 151], "reason": "classification_below_threshold"}
[routing_node-6] [INFO] [1788453477.536803402] [routing_decision_node]: {"id": 4, "route": "recompounding_raw_material", "confidence": 0.8635672926902771, "surface_class": "tread", "bbox": [157, 132, 197, 169], "reason": "passenger:tread"}
[routing_node-6] [INFO] [1788453477.537304822] [routing_decision_node]: {"id": 5, "route": "recompounding_raw_material", "confidence": 0.9595195055007935, "surface_class": "sidewall", "bbox": [159, 169, 174, 171], "reason": "passenger:sidewall"}
[routing_node-6] [INFO] [1788453477.537812850] [routing_decision_node]: {"id": 6, "route": "devulcanization_cbr", "confidence": 0.8586541414260864, "surface_class": "sidewall", "bbox": [158, 171, 173, 199], "reason": "otr_mining:sidewall"}
[routing_node-6] [INFO] [1788453477.576535274] [routing_decision_node]: {"id": 3, "route": "bypass_reject", "confidence": 0.392276406288147, "surface_class": "tread", "bbox": [140, 114, 162, 151], "reason": "classification_below_threshold"}
[routing_node-6] [INFO] [1788453477.578579504] [routing_decision_node]: {"id": 4, "route": "recompounding_raw_material", "confidence": 0.8635672926902771, "surface_class": "tread", "bbox": [156, 132, 197, 171], "reason": "passenger:tread"}
[routing_node-6] [INFO] [1788453477.579287008] [routing_decision_node]: {"id": 5, "route": "devulcanization_cbr", "confidence": 0.8586541414260864, "surface_class": "sidewall", "bbox": [159, 169, 173, 199], "reason": "otr_mining:sidewall"}
[routing_node-6] [INFO] [1788453477.619036812] [routing_decision_node]: {"id": 3, "route": "speciality_crumb", "confidence": 0.6868734359741211, "surface_class": "tread", "bbox": [140, 114, 162, 151], "reason": "motorcycle:tread"}
[routing_node-6] [INFO] [1788453477.621510989] [routing_decision_node]: {"id": 4, "route": "recompounding_raw_material", "confidence": 0.9469252228736877, "surface_class": "tread", "bbox": [157, 132, 197, 171], "reason": "passenger:tread"}
[routing_node-6] [INFO] [1788453477.621988641] [routing_decision_node]: {"id": 5, "route": "devulcanization_cbr", "confidence": 0.8576145768165588, "surface_class": "sidewall", "bbox": [158, 169, 173, 199], "reason": "otr_mining:sidewall"}
[routing_node-6] [INFO] [1788453477.663622069] [routing_decision_node]: {"id": 3, "route": "speciality_crumb", "confidence": 0.6868734359741211, "surface_class": "tread", "bbox": [140, 113, 162, 151], "reason": "motorcycle:tread"}
[routing_node-6] [INFO] [1788453477.664436597] [routing_decision_node]: {"id": 4, "route": "recompounding_raw_material", "confidence": 0.9469252228736877, "surface_class": "tread", "bbox": [157, 132, 197, 171], "reason": "passenger:tread"}
[routing_node-6] [INFO] [1788453477.664848202] [routing_decision_node]: {"id": 5, "route": "devulcanization_cbr", "confidence": 0.8576145768165588, "surface_class": "sidewall", "bbox": [158, 169, 173, 199], "reason": "otr_mining:sidewall"}
[routing_node-6] [INFO] [1788453477.704653185] [routing_decision_node]: {"id": 3, "route": "speciality_crumb", "confidence": 0.6868734359741211, "surface_class": "tread", "bbox": [140, 113, 162, 150], "reason": "motorcycle:tread"}
[routing_node-6] [INFO] [1788453477.705875008] [routing_decision_node]: {"id": 4, "route": "recompounding_raw_material", "confidence": 0.9469252228736877, "surface_class": "tread", "bbox": [157, 132, 197, 168], "reason": "passenger:tread"}
[routing_node-6] [INFO] [1788453477.708007537] [routing_decision_node]: {"id": 5, "route": "recompounding_raw_material", "confidence": 0.9673778414726257, "surface_class": "sidewall", "bbox": [158, 169, 174, 171], "reason": "passenger:sidewall"}
[routing_node-6] [INFO] [1788453477.709082358] [routing_decision_node]: {"id": 6, "route": "devulcanization_cbr", "confidence": 0.8576145768165588, "surface_class": "sidewall", "bbox": [158, 172, 173, 199], "reason": "otr_mining:sidewall"}
[routing_node-6] [INFO] [1788453477.779953200] [routing_decision_node]: {"id": 4, "route": "bypass_reject", "confidence": 0.5110604763031006, "surface_class": "tread", "bbox": [140, 113, 161, 150], "reason": "classification_below_threshold"}
[routing_node-6] [INFO] [1788453477.780561550] [routing_decision_node]: {"id": 5, "route": "recompounding_raw_material", "confidence": 0.9704364538192749, "surface_class": "tread", "bbox": [156, 132, 197, 171], "reason": "passenger:tread"}
[routing_node-6] [INFO] [1788453477.780965979] [routing_decision_node]: {"id": 6, "route": "devulcanization_cbr", "confidence": 0.698379635810852, "surface_class": "sidewall", "bbox": [158, 168, 173, 198], "reason": "otr_mining:sidewall"}
[routing_node-6] [INFO] [1788453477.781320538] [routing_decision_node]: {"id": 7, "route": "recompounding_raw_material", "confidence": 0.9789627194404602, "surface_class": "sidewall", "bbox": [116, 1, 161, 238], "reason": "passenger:sidewall"}
[routing_node-6] [INFO] [1788453477.827162098] [routing_decision_node]: {"id": 4, "route": "bypass_reject", "confidence": 0.511762261390686, "surface_class": "tread", "bbox": [140, 113, 161, 150], "reason": "classification_below_threshold"}
[routing_node-6] [INFO] [1788453477.827759144] [routing_decision_node]: {"id": 5, "route": "recompounding_raw_material", "confidence": 0.9766302108764648, "surface_class": "tread", "bbox": [156, 132, 197, 170], "reason": "passenger:tread"}
[routing_node-6] [INFO] [1788453477.828289210] [routing_decision_node]: {"id": 6, "route": "devulcanization_cbr", "confidence": 0.7956997156143188, "surface_class": "sidewall", "bbox": [158, 168, 173, 198], "reason": "otr_mining:sidewall"}
[routing_node-6] [INFO] [1788453477.830165728] [routing_decision_node]: {"id": 7, "route": "recompounding_raw_material", "confidence": 0.9677562713623047, "surface_class": "sidewall", "bbox": [116, 1, 162, 238], "reason": "passenger:sidewall"}
[routing_node-6] [INFO] [1788453477.872313412] [routing_decision_node]: {"id": 4, "route": "bypass_reject", "confidence": 0.511762261390686, "surface_class": "tread", "bbox": [140, 113, 162, 150], "reason": "classification_below_threshold"}
[routing_node-6] [INFO] [1788453477.872939438] [routing_decision_node]: {"id": 5, "route": "recompounding_raw_material", "confidence": 0.9766302108764648, "surface_class": "tread", "bbox": [156, 131, 197, 170], "reason": "passenger:tread"}
[routing_node-6] [INFO] [1788453477.873371259] [routing_decision_node]: {"id": 6, "route": "devulcanization_cbr", "confidence": 0.7956997156143188, "surface_class": "sidewall", "bbox": [158, 168, 173, 198], "reason": "otr_mining:sidewall"}
[routing_node-6] [INFO] [1788453477.873771714] [routing_decision_node]: {"id": 7, "route": "recompounding_raw_material", "confidence": 0.9677562713623047, "surface_class": "sidewall", "bbox": [116, 1, 162, 238], "reason": "passenger:sidewall"}
[routing_node-6] [INFO] [1788453477.917617721] [routing_decision_node]: {"id": 3, "route": "bypass_reject", "confidence": 0.511762261390686, "surface_class": "tread", "bbox": [140, 113, 162, 150], "reason": "classification_below_threshold"}
[routing_node-6] [INFO] [1788453477.918247320] [routing_decision_node]: {"id": 4, "route": "recompounding_raw_material", "confidence": 0.9766302108764648, "surface_class": "tread", "bbox": [157, 131, 197, 170], "reason": "passenger:tread"}
[routing_node-6] [INFO] [1788453477.918674602] [routing_decision_node]: {"id": 5, "route": "devulcanization_cbr", "confidence": 0.7956997156143188, "surface_class": "sidewall", "bbox": [158, 168, 173, 198], "reason": "otr_mining:sidewall"}
[routing_node-6] [INFO] [1788453477.919077274] [routing_decision_node]: {"id": 6, "route": "recompounding_raw_material", "confidence": 0.9677562713623047, "surface_class": "sidewall", "bbox": [116, 1, 162, 238], "reason": "passenger:sidewall"}
[routing_node-6] [INFO] [1788453477.958372830] [routing_decision_node]: {"id": 3, "route": "bypass_reject", "confidence": 0.5525762438774109, "surface_class": "tread", "bbox": [140, 113, 162, 150], "reason": "classification_below_threshold"}
[routing_node-6] [INFO] [1788453477.960388826] [routing_decision_node]: {"id": 4, "route": "recompounding_raw_material", "confidence": 0.9823514223098755, "surface_class": "tread", "bbox": [157, 131, 197, 170], "reason": "passenger:tread"}
[routing_node-6] [INFO] [1788453477.962035127] [routing_decision_node]: {"id": 5, "route": "devulcanization_cbr", "confidence": 0.8311657905578613, "surface_class": "sidewall", "bbox": [158, 168, 173, 198], "reason": "otr_mining:sidewall"}
[routing_node-6] [INFO] [1788453477.962469086] [routing_decision_node]: {"id": 6, "route": "recompounding_raw_material", "confidence": 0.9874634742736816, "surface_class": "sidewall", "bbox": [116, 1, 162, 238], "reason": "passenger:sidewall"}
[routing_node-6] [INFO] [1788453478.009115028] [routing_decision_node]: {"id": 3, "route": "bypass_reject", "confidence": 0.5525762438774109, "surface_class": "tread", "bbox": [140, 112, 162, 150], "reason": "classification_below_threshold"}
[routing_node-6] [INFO] [1788453478.009760312] [routing_decision_node]: {"id": 4, "route": "recompounding_raw_material", "confidence": 0.9823514223098755, "surface_class": "tread", "bbox": [157, 131, 197, 170], "reason": "passenger:tread"}
[routing_node-6] [INFO] [1788453478.010213185] [routing_decision_node]: {"id": 5, "route": "devulcanization_cbr", "confidence": 0.8311657905578613, "surface_class": "sidewall", "bbox": [158, 168, 173, 198], "reason": "otr_mining:sidewall"}
[routing_node-6] [INFO] [1788453478.010569413] [routing_decision_node]: {"id": 6, "route": "bypass_reject", "confidence": 0.4382059574127197, "surface_class": "tread", "bbox": [122, 188, 162, 234], "reason": "classification_below_threshold"}
[routing_node-6] [INFO] [1788453478.055425632] [routing_decision_node]: {"id": 3, "route": "bypass_reject", "confidence": 0.5689780712127686, "surface_class": "tread", "bbox": [140, 112, 162, 149], "reason": "classification_below_threshold"}
[routing_node-6] [INFO] [1788453478.057240311] [routing_decision_node]: {"id": 4, "route": "recompounding_raw_material", "confidence": 0.9777548909187317, "surface_class": "tread", "bbox": [157, 131, 197, 170], "reason": "passenger:tread"}
[routing_node-6] [INFO] [1788453478.059305933] [routing_decision_node]: {"id": 5, "route": "devulcanization_cbr", "confidence": 0.7526289820671082, "surface_class": "sidewall", "bbox": [158, 169, 173, 198], "reason": "otr_mining:sidewall"}
[routing_node-6] [INFO] [1788453478.060103913] [routing_decision_node]: {"id": 6, "route": "bypass_reject", "confidence": 0.46094706654548645, "surface_class": "tread", "bbox": [122, 188, 162, 234], "reason": "classification_below_threshold"}
[routing_node-6] [INFO] [1788453478.098737793] [routing_decision_node]: {"id": 3, "route": "bypass_reject", "confidence": 0.5689780712127686, "surface_class": "tread", "bbox": [140, 112, 161, 149], "reason": "classification_below_threshold"}
[routing_node-6] [INFO] [1788453478.099372551] [routing_decision_node]: {"id": 4, "route": "recompounding_raw_material", "confidence": 0.9777548909187317, "surface_class": "tread", "bbox": [157, 131, 197, 169], "reason": "passenger:tread"}
[routing_node-6] [INFO] [1788453478.099771031] [routing_decision_node]: {"id": 5, "route": "devulcanization_cbr", "confidence": 0.7526289820671082, "surface_class": "sidewall", "bbox": [158, 167, 173, 197], "reason": "otr_mining:sidewall"}
[routing_node-6] [INFO] [1788453478.100155728] [routing_decision_node]: {"id": 6, "route": "bypass_reject", "confidence": 0.46094706654548645, "surface_class": "tread", "bbox": [122, 188, 162, 234], "reason": "classification_below_threshold"}
[routing_node-6] [INFO] [1788453478.142272523] [routing_decision_node]: {"id": 3, "route": "bypass_reject", "confidence": 0.4627402126789093, "surface_class": "tread", "bbox": [140, 112, 161, 149], "reason": "classification_below_threshold"}
[routing_node-6] [INFO] [1788453478.142985575] [routing_decision_node]: {"id": 4, "route": "recompounding_raw_material", "confidence": 0.974200963973999, "surface_class": "tread", "bbox": [157, 130, 197, 169], "reason": "passenger:tread"}
[routing_node-6] [INFO] [1788453478.143381301] [routing_decision_node]: {"id": 5, "route": "devulcanization_cbr", "confidence": 0.8994724750518799, "surface_class": "sidewall", "bbox": [158, 167, 173, 197], "reason": "otr_mining:sidewall"}
[routing_node-6] [INFO] [1788453478.143859472] [routing_decision_node]: {"id": 6, "route": "bypass_reject", "confidence": 0.4708494246006012, "surface_class": "tread", "bbox": [122, 188, 162, 234], "reason": "classification_below_threshold"}
[routing_node-6] [INFO] [1788453478.186181225] [routing_decision_node]: {"id": 3, "route": "bypass_reject", "confidence": 0.4627402126789093, "surface_class": "tread", "bbox": [140, 112, 162, 149], "reason": "classification_below_threshold"}
[routing_node-6] [INFO] [1788453478.188099064] [routing_decision_node]: {"id": 4, "route": "recompounding_raw_material", "confidence": 0.974200963973999, "surface_class": "tread", "bbox": [157, 130, 197, 169], "reason": "passenger:tread"}
[routing_node-6] [INFO] [1788453478.188771941] [routing_decision_node]: {"id": 5, "route": "devulcanization_cbr", "confidence": 0.8994724750518799, "surface_class": "sidewall", "bbox": [158, 167, 173, 197], "reason": "otr_mining:sidewall"}
[routing_node-6] [INFO] [1788453478.189238098] [routing_decision_node]: {"id": 6, "route": "bypass_reject", "confidence": 0.4708494246006012, "surface_class": "tread", "bbox": [122, 188, 162, 234], "reason": "classification_below_threshold"}
[routing_node-6] [INFO] [1788453478.235639619] [routing_decision_node]: {"id": 3, "route": "bypass_reject", "confidence": 0.47536492347717285, "surface_class": "tread", "bbox": [140, 112, 162, 149], "reason": "classification_below_threshold"}
[routing_node-6] [INFO] [1788453478.236255386] [routing_decision_node]: {"id": 4, "route": "recompounding_raw_material", "confidence": 0.9836038947105408, "surface_class": "tread", "bbox": [157, 130, 197, 169], "reason": "passenger:tread"}
[routing_node-6] [INFO] [1788453478.236623883] [routing_decision_node]: {"id": 5, "route": "devulcanization_cbr", "confidence": 0.8980912566184998, "surface_class": "sidewall", "bbox": [158, 167, 173, 197], "reason": "otr_mining:sidewall"}
[routing_node-6] [INFO] [1788453478.237030818] [routing_decision_node]: {"id": 6, "route": "bypass_reject", "confidence": 0.45318737626075745, "surface_class": "tread", "bbox": [122, 187, 162, 234], "reason": "classification_below_threshold"}
[routing_node-6] [INFO] [1788453478.279967119] [routing_decision_node]: {"id": 3, "route": "bypass_reject", "confidence": 0.47536492347717285, "surface_class": "tread", "bbox": [140, 112, 162, 149], "reason": "classification_below_threshold"}
[routing_node-6] [INFO] [1788453478.280551868] [routing_decision_node]: {"id": 4, "route": "recompounding_raw_material", "confidence": 0.9836038947105408, "surface_class": "tread", "bbox": [157, 130, 197, 169], "reason": "passenger:tread"}
[routing_node-6] [INFO] [1788453478.280970610] [routing_decision_node]: {"id": 5, "route": "devulcanization_cbr", "confidence": 0.8980912566184998, "surface_class": "sidewall", "bbox": [158, 167, 173, 197], "reason": "otr_mining:sidewall"}
[routing_node-6] [INFO] [1788453478.281340160] [routing_decision_node]: {"id": 6, "route": "bypass_reject", "confidence": 0.45318737626075745, "surface_class": "tread", "bbox": [122, 187, 162, 234], "reason": "classification_below_threshold"}
[routing_node-6] [INFO] [1788453478.319583551] [routing_decision_node]: {"id": 3, "route": "bypass_reject", "confidence": 0.4336338937282562, "surface_class": "tread", "bbox": [140, 111, 162, 149], "reason": "classification_below_threshold"}
[routing_node-6] [INFO] [1788453478.320226743] [routing_decision_node]: {"id": 4, "route": "recompounding_raw_material", "confidence": 0.9818041324615479, "surface_class": "tread", "bbox": [157, 130, 197, 169], "reason": "passenger:tread"}
[routing_node-6] [INFO] [1788453478.320661698] [routing_decision_node]: {"id": 5, "route": "devulcanization_cbr", "confidence": 0.8426325917243958, "surface_class": "sidewall", "bbox": [158, 167, 173, 197], "reason": "otr_mining:sidewall"}
[routing_node-6] [INFO] [1788453478.321025162] [routing_decision_node]: {"id": 6, "route": "bypass_reject", "confidence": 0.5036266446113586, "surface_class": "tread", "bbox": [122, 187, 162, 234], "reason": "classification_below_threshold"}
[routing_node-6] [INFO] [1788453478.375008825] [routing_decision_node]: {"id": 3, "route": "bypass_reject", "confidence": 0.4336338937282562, "surface_class": "tread", "bbox": [140, 111, 162, 148], "reason": "classification_below_threshold"}
[routing_node-6] [INFO] [1788453478.375655404] [routing_decision_node]: {"id": 4, "route": "recompounding_raw_material", "confidence": 0.9818041324615479, "surface_class": "tread", "bbox": [157, 130, 197, 167], "reason": "passenger:tread"}
[routing_node-6] [INFO] [1788453478.376251636] [routing_decision_node]: {"id": 5, "route": "devulcanization_cbr", "confidence": 0.8426325917243958, "surface_class": "sidewall", "bbox": [158, 167, 174, 197], "reason": "otr_mining:sidewall"}
[routing_node-6] [INFO] [1788453478.376792118] [routing_decision_node]: {"id": 6, "route": "bypass_reject", "confidence": 0.5036266446113586, "surface_class": "tread", "bbox": [122, 187, 162, 233], "reason": "classification_below_threshold"}
[routing_node-6] [INFO] [1788453478.418718861] [routing_decision_node]: {"id": 3, "route": "bypass_reject", "confidence": 0.4336338937282562, "surface_class": "tread", "bbox": [140, 111, 161, 148], "reason": "classification_below_threshold"}
[routing_node-6] [INFO] [1788453478.419243715] [routing_decision_node]: {"id": 4, "route": "recompounding_raw_material", "confidence": 0.9213685393333435, "surface_class": "tread", "bbox": [157, 130, 197, 168], "reason": "passenger:tread"}
[routing_node-6] [INFO] [1788453478.419644539] [routing_decision_node]: {"id": 5, "route": "devulcanization_cbr", "confidence": 0.8517193794250488, "surface_class": "sidewall", "bbox": [158, 166, 173, 196], "reason": "otr_mining:sidewall"}
[routing_node-6] [INFO] [1788453478.420038570] [routing_decision_node]: {"id": 6, "route": "bypass_reject", "confidence": 0.5029622316360474, "surface_class": "tread", "bbox": [122, 187, 162, 233], "reason": "classification_below_threshold"}
[routing_node-6] [INFO] [1788453478.463063465] [routing_decision_node]: {"id": 3, "route": "bypass_reject", "confidence": 0.4382059574127197, "surface_class": "tread", "bbox": [140, 111, 162, 148], "reason": "classification_below_threshold"}
[routing_node-6] [INFO] [1788453478.463811798] [routing_decision_node]: {"id": 4, "route": "recompounding_raw_material", "confidence": 0.9213685393333435, "surface_class": "tread", "bbox": [157, 129, 197, 168], "reason": "passenger:tread"}
[routing_node-6] [INFO] [1788453478.464302197] [routing_decision_node]: {"id": 5, "route": "devulcanization_cbr", "confidence": 0.8517193794250488, "surface_class": "sidewall", "bbox": [158, 166, 173, 196], "reason": "otr_mining:sidewall"}
[routing_node-6] [INFO] [1788453478.464728451] [routing_decision_node]: {"id": 6, "route": "bypass_reject", "confidence": 0.5029622316360474, "surface_class": "tread", "bbox": [122, 187, 162, 233], "reason": "classification_below_threshold"}
[routing_node-6] [INFO] [1788453478.507123115] [routing_decision_node]: {"id": 3, "route": "bypass_reject", "confidence": 0.4382059574127197, "surface_class": "tread", "bbox": [140, 111, 162, 148], "reason": "classification_below_threshold"}
[routing_node-6] [INFO] [1788453478.507781103] [routing_decision_node]: {"id": 4, "route": "recompounding_raw_material", "confidence": 0.9213685393333435, "surface_class": "tread", "bbox": [157, 129, 197, 168], "reason": "passenger:tread"}
[routing_node-6] [INFO] [1788453478.508244803] [routing_decision_node]: {"id": 5, "route": "devulcanization_cbr", "confidence": 0.8517193794250488, "surface_class": "sidewall", "bbox": [158, 166, 173, 196], "reason": "otr_mining:sidewall"}
[routing_node-6] [INFO] [1788453478.508614648] [routing_decision_node]: {"id": 6, "route": "bypass_reject", "confidence": 0.5029622316360474, "surface_class": "tread", "bbox": [122, 186, 162, 233], "reason": "classification_below_threshold"}
[routing_node-6] [INFO] [1788453478.550631279] [routing_decision_node]: {"id": 3, "route": "bypass_reject", "confidence": 0.46094706654548645, "surface_class": "tread", "bbox": [140, 111, 162, 148], "reason": "classification_below_threshold"}
[routing_node-6] [INFO] [1788453478.551527738] [routing_decision_node]: {"id": 4, "route": "recompounding_raw_material", "confidence": 0.9689328670501709, "surface_class": "tread", "bbox": [157, 129, 197, 168], "reason": "passenger:tread"}
[routing_node-6] [INFO] [1788453478.551998229] [routing_decision_node]: {"id": 5, "route": "devulcanization_cbr", "confidence": 0.8643078207969666, "surface_class": "sidewall", "bbox": [158, 166, 173, 196], "reason": "otr_mining:sidewall"}
[routing_node-6] [INFO] [1788453478.552407559] [routing_decision_node]: {"id": 6, "route": "bypass_reject", "confidence": 0.4639005661010742, "surface_class": "tread", "bbox": [122, 186, 162, 233], "reason": "classification_below_threshold"}
[routing_node-6] [INFO] [1788453478.596052211] [routing_decision_node]: {"id": 3, "route": "bypass_reject", "confidence": 0.46094706654548645, "surface_class": "tread", "bbox": [140, 111, 162, 148], "reason": "classification_below_threshold"}
[routing_node-6] [INFO] [1788453478.596740787] [routing_decision_node]: {"id": 4, "route": "recompounding_raw_material", "confidence": 0.9689328670501709, "surface_class": "tread", "bbox": [157, 129, 197, 168], "reason": "passenger:tread"}
[routing_node-6] [INFO] [1788453478.597209374] [routing_decision_node]: {"id": 5, "route": "devulcanization_cbr", "confidence": 0.8643078207969666, "surface_class": "sidewall", "bbox": [158, 166, 173, 196], "reason": "otr_mining:sidewall"}
[routing_node-6] [INFO] [1788453478.597576579] [routing_decision_node]: {"id": 6, "route": "bypass_reject", "confidence": 0.4639005661010742, "surface_class": "tread", "bbox": [122, 186, 161, 233], "reason": "classification_below_threshold"}
[routing_node-6] [INFO] [1788453478.639706968] [routing_decision_node]: {"id": 3, "route": "bypass_reject", "confidence": 0.4708494246006012, "surface_class": "tread", "bbox": [140, 110, 162, 148], "reason": "classification_below_threshold"}
[routing_node-6] [INFO] [1788453478.640423887] [routing_decision_node]: {"id": 4, "route": "recompounding_raw_material", "confidence": 0.9837197065353394, "surface_class": "tread", "bbox": [157, 129, 197, 168], "reason": "passenger:tread"}
[routing_node-6] [INFO] [1788453478.640873645] [routing_decision_node]: {"id": 5, "route": "devulcanization_cbr", "confidence": 0.929366409778595, "surface_class": "sidewall", "bbox": [158, 166, 173, 196], "reason": "otr_mining:sidewall"}
[routing_node-6] [INFO] [1788453478.641288085] [routing_decision_node]: {"id": 6, "route": "bypass_reject", "confidence": 0.6077184081077576, "surface_class": "tread", "bbox": [122, 186, 161, 232], "reason": "classification_below_threshold"}
[routing_node-6] [INFO] [1788453478.679033448] [routing_decision_node]: {"id": 3, "route": "bypass_reject", "confidence": 0.4708494246006012, "surface_class": "tread", "bbox": [140, 110, 162, 147], "reason": "classification_below_threshold"}
[routing_node-6] [INFO] [1788453478.679492256] [routing_decision_node]: {"id": 4, "route": "recompounding_raw_material", "confidence": 0.9837197065353394, "surface_class": "tread", "bbox": [157, 129, 197, 167], "reason": "passenger:tread"}
[routing_node-6] [INFO] [1788453478.680512290] [routing_decision_node]: {"id": 5, "route": "devulcanization_cbr", "confidence": 0.929366409778595, "surface_class": "sidewall", "bbox": [158, 165, 173, 196], "reason": "otr_mining:sidewall"}
[routing_node-6] [INFO] [1788453478.682834049] [routing_decision_node]: {"id": 6, "route": "bypass_reject", "confidence": 0.6077184081077576, "surface_class": "tread", "bbox": [122, 186, 161, 232], "reason": "classification_below_threshold"}
[routing_node-6] [INFO] [1788453478.723916155] [routing_decision_node]: {"id": 3, "route": "bypass_reject", "confidence": 0.45318737626075745, "surface_class": "tread", "bbox": [140, 110, 161, 147], "reason": "classification_below_threshold"}
[routing_node-6] [INFO] [1788453478.724454794] [routing_decision_node]: {"id": 4, "route": "recompounding_raw_material", "confidence": 0.9696072936058044, "surface_class": "tread", "bbox": [157, 129, 197, 167], "reason": "passenger:tread"}
[routing_node-6] [INFO] [1788453478.724780938] [routing_decision_node]: {"id": 5, "route": "devulcanization_cbr", "confidence": 0.6770968437194824, "surface_class": "sidewall", "bbox": [158, 165, 173, 195], "reason": "otr_mining:sidewall"}
[routing_node-6] [INFO] [1788453478.725515717] [routing_decision_node]: {"id": 6, "route": "bypass_reject", "confidence": 0.6275602579116821, "surface_class": "tread", "bbox": [122, 186, 162, 232], "reason": "classification_below_threshold"}
[routing_node-6] [INFO] [1788453478.774005016] [routing_decision_node]: {"id": 3, "route": "bypass_reject", "confidence": 0.45318737626075745, "surface_class": "tread", "bbox": [140, 110, 162, 147], "reason": "classification_below_threshold"}
[routing_node-6] [INFO] [1788453478.774355034] [routing_decision_node]: {"id": 4, "route": "recompounding_raw_material", "confidence": 0.9696072936058044, "surface_class": "tread", "bbox": [157, 128, 197, 167], "reason": "passenger:tread"}
[routing_node-6] [INFO] [1788453478.774734787] [routing_decision_node]: {"id": 5, "route": "devulcanization_cbr", "confidence": 0.6770968437194824, "surface_class": "sidewall", "bbox": [158, 165, 173, 195], "reason": "otr_mining:sidewall"}
[routing_node-6] [INFO] [1788453478.775125254] [routing_decision_node]: {"id": 6, "route": "bypass_reject", "confidence": 0.6275602579116821, "surface_class": "tread", "bbox": [122, 186, 161, 232], "reason": "classification_below_threshold"}
[routing_node-6] [INFO] [1788453478.827038277] [routing_decision_node]: {"id": 3, "route": "bypass_reject", "confidence": 0.5036266446113586, "surface_class": "tread", "bbox": [140, 110, 162, 147], "reason": "classification_below_threshold"}
[routing_node-6] [INFO] [1788453478.827450614] [routing_decision_node]: {"id": 4, "route": "recompounding_raw_material", "confidence": 0.9599488377571106, "surface_class": "tread", "bbox": [157, 128, 197, 167], "reason": "passenger:tread"}
[routing_node-6] [INFO] [1788453478.827807402] [routing_decision_node]: {"id": 5, "route": "devulcanization_cbr", "confidence": 0.8517425656318665, "surface_class": "sidewall", "bbox": [159, 165, 173, 195], "reason": "otr_mining:sidewall"}
[routing_node-6] [INFO] [1788453478.828282943] [routing_decision_node]: {"id": 6, "route": "bypass_reject", "confidence": 0.5153870582580566, "surface_class": "tread", "bbox": [122, 185, 161, 232], "reason": "classification_below_threshold"}
[routing_node-6] [INFO] [1788453478.875389781] [routing_decision_node]: {"id": 3, "route": "bypass_reject", "confidence": 0.5036266446113586, "surface_class": "tread", "bbox": [140, 110, 162, 147], "reason": "classification_below_threshold"}
[routing_node-6] [INFO] [1788453478.875801022] [routing_decision_node]: {"id": 4, "route": "recompounding_raw_material", "confidence": 0.9599488377571106, "surface_class": "tread", "bbox": [157, 128, 197, 167], "reason": "passenger:tread"}
[routing_node-6] [INFO] [1788453478.876186181] [routing_decision_node]: {"id": 5, "route": "devulcanization_cbr", "confidence": 0.8517425656318665, "surface_class": "sidewall", "bbox": [158, 165, 173, 195], "reason": "otr_mining:sidewall"}
[routing_node-6] [INFO] [1788453478.876587244] [routing_decision_node]: {"id": 6, "route": "bypass_reject", "confidence": 0.5153870582580566, "surface_class": "tread", "bbox": [122, 185, 161, 232], "reason": "classification_below_threshold"}
[routing_node-6] [INFO] [1788453478.925979529] [routing_decision_node]: {"id": 3, "route": "bypass_reject", "confidence": 0.5029622316360474, "surface_class": "tread", "bbox": [140, 110, 162, 147], "reason": "classification_below_threshold"}
[routing_node-6] [INFO] [1788453478.927351146] [routing_decision_node]: {"id": 4, "route": "recompounding_raw_material", "confidence": 0.9790500998497009, "surface_class": "tread", "bbox": [157, 128, 197, 167], "reason": "passenger:tread"}
[routing_node-6] [INFO] [1788453478.927777881] [routing_decision_node]: {"id": 5, "route": "devulcanization_cbr", "confidence": 0.7849292755126953, "surface_class": "sidewall", "bbox": [158, 165, 173, 195], "reason": "otr_mining:sidewall"}
[routing_node-6] [INFO] [1788453478.928186640] [routing_decision_node]: {"id": 6, "route": "bypass_reject", "confidence": 0.5041604042053223, "surface_class": "tread", "bbox": [122, 185, 161, 232], "reason": "classification_below_threshold"}
[routing_node-6] [INFO] [1788453478.968183151] [routing_decision_node]: {"id": 3, "route": "bypass_reject", "confidence": 0.5029622316360474, "surface_class": "tread", "bbox": [140, 109, 162, 147], "reason": "classification_below_threshold"}
[routing_node-6] [INFO] [1788453478.968515715] [routing_decision_node]: {"id": 4, "route": "recompounding_raw_material", "confidence": 0.9790500998497009, "surface_class": "tread", "bbox": [157, 128, 197, 167], "reason": "passenger:tread"}
[routing_node-6] [INFO] [1788453478.968816424] [routing_decision_node]: {"id": 5, "route": "devulcanization_cbr", "confidence": 0.7849292755126953, "surface_class": "sidewall", "bbox": [158, 165, 173, 195], "reason": "otr_mining:sidewall"}
[routing_node-6] [INFO] [1788453478.969195832] [routing_decision_node]: {"id": 6, "route": "bypass_reject", "confidence": 0.5041604042053223, "surface_class": "tread", "bbox": [122, 185, 161, 231], "reason": "classification_below_threshold"}
[routing_node-6] [INFO] [1788453479.016864347] [routing_decision_node]: {"id": 3, "route": "bypass_reject", "confidence": 0.5029622316360474, "surface_class": "tread", "bbox": [140, 109, 162, 147], "reason": "classification_below_threshold"}
[routing_node-6] [INFO] [1788453479.019053336] [routing_decision_node]: {"id": 4, "route": "recompounding_raw_material", "confidence": 0.9790500998497009, "surface_class": "tread", "bbox": [157, 128, 197, 166], "reason": "passenger:tread"}
[routing_node-6] [INFO] [1788453479.020782238] [routing_decision_node]: {"id": 5, "route": "devulcanization_cbr", "confidence": 0.7849292755126953, "surface_class": "sidewall", "bbox": [158, 164, 173, 195], "reason": "otr_mining:sidewall"}
[routing_node-6] [INFO] [1788453479.022033652] [routing_decision_node]: {"id": 6, "route": "bypass_reject", "confidence": 0.4873109757900238, "surface_class": "tread", "bbox": [122, 185, 161, 231], "reason": "classification_below_threshold"}
[routing_node-6] [INFO] [1788453479.062942623] [routing_decision_node]: {"id": 3, "route": "bypass_reject", "confidence": 0.4639005661010742, "surface_class": "tread", "bbox": [140, 109, 161, 146], "reason": "classification_below_threshold"}
[routing_node-6] [INFO] [1788453479.064561815] [routing_decision_node]: {"id": 4, "route": "recompounding_raw_material", "confidence": 0.9439063668251038, "surface_class": "tread", "bbox": [157, 128, 197, 166], "reason": "passenger:tread"}
[routing_node-6] [INFO] [1788453479.065398212] [routing_decision_node]: {"id": 5, "route": "devulcanization_cbr", "confidence": 0.8210130333900452, "surface_class": "sidewall", "bbox": [158, 164, 173, 194], "reason": "otr_mining:sidewall"}
[routing_node-6] [INFO] [1788453479.066309255] [routing_decision_node]: {"id": 6, "route": "bypass_reject", "confidence": 0.4873109757900238, "surface_class": "tread", "bbox": [122, 185, 161, 231], "reason": "classification_below_threshold"}
[routing_node-6] [INFO] [1788453479.110569077] [routing_decision_node]: {"id": 3, "route": "bypass_reject", "confidence": 0.4639005661010742, "surface_class": "tread", "bbox": [140, 109, 162, 146], "reason": "classification_below_threshold"}
[routing_node-6] [INFO] [1788453479.111049192] [routing_decision_node]: {"id": 4, "route": "recompounding_raw_material", "confidence": 0.9439063668251038, "surface_class": "tread", "bbox": [157, 127, 197, 166], "reason": "passenger:tread"}
[routing_node-6] [INFO] [1788453479.111364634] [routing_decision_node]: {"id": 5, "route": "devulcanization_cbr", "confidence": 0.8210130333900452, "surface_class": "sidewall", "bbox": [158, 164, 173, 194], "reason": "otr_mining:sidewall"}
[routing_node-6] [INFO] [1788453479.111764261] [routing_decision_node]: {"id": 6, "route": "bypass_reject", "confidence": 0.4873109757900238, "surface_class": "tread", "bbox": [122, 185, 161, 231], "reason": "classification_below_threshold"}
[routing_node-6] [INFO] [1788453479.153816756] [routing_decision_node]: {"id": 3, "route": "bypass_reject", "confidence": 0.6077184081077576, "surface_class": "tread", "bbox": [140, 109, 162, 146], "reason": "classification_below_threshold"}
[routing_node-6] [INFO] [1788453479.154325385] [routing_decision_node]: {"id": 4, "route": "recompounding_raw_material", "confidence": 0.9641653895378113, "surface_class": "tread", "bbox": [157, 127, 197, 166], "reason": "passenger:tread"}
[routing_node-6] [INFO] [1788453479.154910006] [routing_decision_node]: {"id": 5, "route": "devulcanization_cbr", "confidence": 0.7940472364425659, "surface_class": "sidewall", "bbox": [158, 164, 173, 194], "reason": "otr_mining:sidewall"}
[routing_node-6] [INFO] [1788453479.155798545] [routing_decision_node]: {"id": 6, "route": "bypass_reject", "confidence": 0.4977509081363678, "surface_class": "tread", "bbox": [122, 184, 161, 231], "reason": "classification_below_threshold"}
[routing_node-6] [INFO] [1788453479.196118864] [routing_decision_node]: {"id": 3, "route": "bypass_reject", "confidence": 0.6077184081077576, "surface_class": "tread", "bbox": [140, 109, 162, 146], "reason": "classification_below_threshold"}
[routing_node-6] [INFO] [1788453479.196796248] [routing_decision_node]: {"id": 4, "route": "recompounding_raw_material", "confidence": 0.9641653895378113, "surface_class": "tread", "bbox": [157, 127, 197, 166], "reason": "passenger:tread"}
[routing_node-6] [INFO] [1788453479.197209999] [routing_decision_node]: {"id": 5, "route": "devulcanization_cbr", "confidence": 0.7940472364425659, "surface_class": "sidewall", "bbox": [158, 164, 173, 194], "reason": "otr_mining:sidewall"}
[routing_node-6] [INFO] [1788453479.197572274] [routing_decision_node]: {"id": 6, "route": "bypass_reject", "confidence": 0.4977509081363678, "surface_class": "tread", "bbox": [122, 184, 161, 231], "reason": "classification_below_threshold"}
[routing_node-6] [INFO] [1788453479.242850903] [routing_decision_node]: {"id": 3, "route": "bypass_reject", "confidence": 0.6275602579116821, "surface_class": "tread", "bbox": [140, 109, 162, 146], "reason": "classification_below_threshold"}
[routing_node-6] [INFO] [1788453479.243283928] [routing_decision_node]: {"id": 4, "route": "recompounding_raw_material", "confidence": 0.9748337268829346, "surface_class": "tread", "bbox": [157, 127, 197, 166], "reason": "passenger:tread"}
[routing_node-6] [INFO] [1788453479.243642646] [routing_decision_node]: {"id": 5, "route": "devulcanization_cbr", "confidence": 0.8674779534339905, "surface_class": "sidewall", "bbox": [158, 164, 173, 194], "reason": "otr_mining:sidewall"}
[routing_node-6] [INFO] [1788453479.244028710] [routing_decision_node]: {"id": 6, "route": "bypass_reject", "confidence": 0.5113082528114319, "surface_class": "tread", "bbox": [122, 184, 161, 231], "reason": "classification_below_threshold"}
[routing_node-6] [INFO] [1788453479.280385762] [routing_decision_node]: {"id": 3, "route": "bypass_reject", "confidence": 0.6275602579116821, "surface_class": "tread", "bbox": [140, 108, 162, 146], "reason": "classification_below_threshold"}
[routing_node-6] [INFO] [1788453479.280719511] [routing_decision_node]: {"id": 4, "route": "recompounding_raw_material", "confidence": 0.9748337268829346, "surface_class": "tread", "bbox": [157, 127, 197, 166], "reason": "passenger:tread"}
[routing_node-6] [INFO] [1788453479.281070376] [routing_decision_node]: {"id": 5, "route": "devulcanization_cbr", "confidence": 0.8674779534339905, "surface_class": "sidewall", "bbox": [158, 165, 173, 194], "reason": "otr_mining:sidewall"}
[routing_node-6] [INFO] [1788453479.281380072] [routing_decision_node]: {"id": 6, "route": "bypass_reject", "confidence": 0.5113082528114319, "surface_class": "tread", "bbox": [122, 184, 161, 230], "reason": "classification_below_threshold"}
[routing_node-6] [INFO] [1788453479.326527861] [routing_decision_node]: {"id": 3, "route": "bypass_reject", "confidence": 0.5153870582580566, "surface_class": "tread", "bbox": [140, 108, 162, 146], "reason": "classification_below_threshold"}
[pbvs_controller-4] [INFO] [1788453479.326720204] [pbvs_controller_node]: fragments=4 eligible=2 reachable=0 locked=no
[routing_node-6] [INFO] [1788453479.329040704] [routing_decision_node]: {"id": 4, "route": "recompounding_raw_material", "confidence": 0.9677615165710449, "surface_class": "tread", "bbox": [157, 127, 197, 165], "reason": "passenger:tread"}
[routing_node-6] [INFO] [1788453479.330035351] [routing_decision_node]: {"id": 5, "route": "devulcanization_cbr", "confidence": 0.8355821967124939, "surface_class": "sidewall", "bbox": [158, 163, 173, 194], "reason": "otr_mining:sidewall"}
[routing_node-6] [INFO] [1788453479.330464089] [routing_decision_node]: {"id": 6, "route": "bypass_reject", "confidence": 0.5830397009849548, "surface_class": "tread", "bbox": [122, 184, 161, 230], "reason": "classification_below_threshold"}
[routing_node-6] [INFO] [1788453479.370347131] [routing_decision_node]: {"id": 3, "route": "bypass_reject", "confidence": 0.5153870582580566, "surface_class": "tread", "bbox": [140, 108, 161, 145], "reason": "classification_below_threshold"}
[routing_node-6] [INFO] [1788453479.370719869] [routing_decision_node]: {"id": 4, "route": "recompounding_raw_material", "confidence": 0.9677615165710449, "surface_class": "tread", "bbox": [157, 127, 197, 165], "reason": "passenger:tread"}
[routing_node-6] [INFO] [1788453479.371098889] [routing_decision_node]: {"id": 5, "route": "devulcanization_cbr", "confidence": 0.8355821967124939, "surface_class": "sidewall", "bbox": [158, 163, 173, 193], "reason": "otr_mining:sidewall"}
[routing_node-6] [INFO] [1788453479.371508752] [routing_decision_node]: {"id": 6, "route": "bypass_reject", "confidence": 0.5830397009849548, "surface_class": "tread", "bbox": [122, 184, 161, 230], "reason": "classification_below_threshold"}
[routing_node-6] [INFO] [1788453479.414325554] [routing_decision_node]: {"id": 3, "route": "bypass_reject", "confidence": 0.5153870582580566, "surface_class": "tread", "bbox": [140, 108, 162, 145], "reason": "classification_below_threshold"}
[routing_node-6] [INFO] [1788453479.414731180] [routing_decision_node]: {"id": 4, "route": "recompounding_raw_material", "confidence": 0.9677615165710449, "surface_class": "tread", "bbox": [157, 126, 197, 165], "reason": "passenger:tread"}
[routing_node-6] [INFO] [1788453479.415198300] [routing_decision_node]: {"id": 5, "route": "devulcanization_cbr", "confidence": 0.8355821967124939, "surface_class": "sidewall", "bbox": [158, 163, 173, 193], "reason": "otr_mining:sidewall"}
[routing_node-6] [INFO] [1788453479.415550166] [routing_decision_node]: {"id": 6, "route": "bypass_reject", "confidence": 0.5830397009849548, "surface_class": "tread", "bbox": [122, 184, 161, 230], "reason": "classification_below_threshold"}
[routing_node-6] [INFO] [1788453479.459691353] [routing_decision_node]: {"id": 3, "route": "bypass_reject", "confidence": 0.5041604042053223, "surface_class": "tread", "bbox": [140, 108, 162, 145], "reason": "classification_below_threshold"}
[routing_node-6] [INFO] [1788453479.460231768] [routing_decision_node]: {"id": 4, "route": "recompounding_raw_material", "confidence": 0.9708091020584106, "surface_class": "tread", "bbox": [157, 126, 197, 165], "reason": "passenger:tread"}
[routing_node-6] [INFO] [1788453479.460640679] [routing_decision_node]: {"id": 5, "route": "devulcanization_cbr", "confidence": 0.8153035044670105, "surface_class": "sidewall", "bbox": [158, 163, 173, 193], "reason": "otr_mining:sidewall"}
[routing_node-6] [INFO] [1788453479.461113660] [routing_decision_node]: {"id": 6, "route": "bypass_reject", "confidence": 0.39080774784088135, "surface_class": "tread", "bbox": [122, 184, 161, 230], "reason": "classification_below_threshold"}
[routing_node-6] [INFO] [1788453479.510595244] [routing_decision_node]: {"id": 3, "route": "bypass_reject", "confidence": 0.5041604042053223, "surface_class": "tread", "bbox": [140, 108, 162, 145], "reason": "classification_below_threshold"}
[routing_node-6] [INFO] [1788453479.511372235] [routing_decision_node]: {"id": 4, "route": "recompounding_raw_material", "confidence": 0.9708091020584106, "surface_class": "tread", "bbox": [157, 126, 197, 165], "reason": "passenger:tread"}
[routing_node-6] [INFO] [1788453479.511714385] [routing_decision_node]: {"id": 5, "route": "devulcanization_cbr", "confidence": 0.8153035044670105, "surface_class": "sidewall", "bbox": [158, 163, 173, 193], "reason": "otr_mining:sidewall"}
[routing_node-6] [INFO] [1788453479.512108739] [routing_decision_node]: {"id": 6, "route": "bypass_reject", "confidence": 0.39080774784088135, "surface_class": "tread", "bbox": [122, 183, 161, 230], "reason": "classification_below_threshold"}
[routing_node-6] [INFO] [1788453479.559425587] [routing_decision_node]: {"id": 3, "route": "bypass_reject", "confidence": 0.4873109757900238, "surface_class": "tread", "bbox": [140, 108, 162, 145], "reason": "classification_below_threshold"}
[routing_node-6] [INFO] [1788453479.559872162] [routing_decision_node]: {"id": 4, "route": "recompounding_raw_material", "confidence": 0.9863720536231995, "surface_class": "tread", "bbox": [157, 126, 197, 165], "reason": "passenger:tread"}
[routing_node-6] [INFO] [1788453479.560328564] [routing_decision_node]: {"id": 5, "route": "devulcanization_cbr", "confidence": 0.8897061944007874, "surface_class": "sidewall", "bbox": [158, 163, 173, 193], "reason": "otr_mining:sidewall"}
[routing_node-6] [INFO] [1788453479.560762544] [routing_decision_node]: {"id": 6, "route": "bypass_reject", "confidence": 0.48722249269485474, "surface_class": "tread", "bbox": [122, 183, 161, 230], "reason": "classification_below_threshold"}
[routing_node-6] [INFO] [1788453479.604419969] [routing_decision_node]: {"id": 3, "route": "bypass_reject", "confidence": 0.4873109757900238, "surface_class": "tread", "bbox": [140, 107, 162, 145], "reason": "classification_below_threshold"}
[routing_node-6] [INFO] [1788453479.606510554] [routing_decision_node]: {"id": 4, "route": "recompounding_raw_material", "confidence": 0.9863720536231995, "surface_class": "tread", "bbox": [157, 126, 197, 163], "reason": "passenger:tread"}
[routing_node-6] [INFO] [1788453479.607014540] [routing_decision_node]: {"id": 5, "route": "devulcanization_cbr", "confidence": 0.8897061944007874, "surface_class": "sidewall", "bbox": [158, 163, 174, 193], "reason": "otr_mining:sidewall"}
[routing_node-6] [INFO] [1788453479.607361755] [routing_decision_node]: {"id": 6, "route": "bypass_reject", "confidence": 0.48722249269485474, "surface_class": "tread", "bbox": [122, 183, 161, 229], "reason": "classification_below_threshold"}
[routing_node-6] [INFO] [1788453479.655219288] [routing_decision_node]: {"id": 3, "route": "bypass_reject", "confidence": 0.4977509081363678, "surface_class": "tread", "bbox": [140, 107, 162, 145], "reason": "classification_below_threshold"}
[routing_node-6] [INFO] [1788453479.655605105] [routing_decision_node]: {"id": 4, "route": "recompounding_raw_material", "confidence": 0.9857461452484131, "surface_class": "tread", "bbox": [157, 126, 197, 164], "reason": "passenger:tread"}
[routing_node-6] [INFO] [1788453479.655989795] [routing_decision_node]: {"id": 5, "route": "devulcanization_cbr", "confidence": 0.8184369802474976, "surface_class": "sidewall", "bbox": [158, 162, 173, 193], "reason": "otr_mining:sidewall"}
[routing_node-6] [INFO] [1788453479.656338586] [routing_decision_node]: {"id": 6, "route": "bypass_reject", "confidence": 0.5028876066207886, "surface_class": "tread", "bbox": [122, 183, 161, 229], "reason": "classification_below_threshold"}
[routing_node-6] [INFO] [1788453479.706490911] [routing_decision_node]: {"id": 3, "route": "bypass_reject", "confidence": 0.4977509081363678, "surface_class": "tread", "bbox": [140, 107, 161, 144], "reason": "classification_below_threshold"}
[routing_node-6] [INFO] [1788453479.706877546] [routing_decision_node]: {"id": 4, "route": "recompounding_raw_material", "confidence": 0.9857461452484131, "surface_class": "tread", "bbox": [157, 126, 197, 164], "reason": "passenger:tread"}
[routing_node-6] [INFO] [1788453479.707295661] [routing_decision_node]: {"id": 5, "route": "devulcanization_cbr", "confidence": 0.8184369802474976, "surface_class": "sidewall", "bbox": [158, 162, 173, 192], "reason": "otr_mining:sidewall"}
[routing_node-6] [INFO] [1788453479.707762610] [routing_decision_node]: {"id": 6, "route": "bypass_reject", "confidence": 0.5028876066207886, "surface_class": "tread", "bbox": [122, 183, 161, 229], "reason": "classification_below_threshold"}
[routing_node-6] [INFO] [1788453479.751470116] [routing_decision_node]: {"id": 3, "route": "bypass_reject", "confidence": 0.5113082528114319, "surface_class": "tread", "bbox": [140, 107, 162, 144], "reason": "classification_below_threshold"}
[routing_node-6] [INFO] [1788453479.752181446] [routing_decision_node]: {"id": 4, "route": "recompounding_raw_material", "confidence": 0.9691867828369141, "surface_class": "tread", "bbox": [157, 125, 197, 164], "reason": "passenger:tread"}
[routing_node-6] [INFO] [1788453479.752573380] [routing_decision_node]: {"id": 5, "route": "devulcanization_cbr", "confidence": 0.7596853375434875, "surface_class": "sidewall", "bbox": [158, 162, 173, 192], "reason": "otr_mining:sidewall"}
[routing_node-6] [INFO] [1788453479.752973287] [routing_decision_node]: {"id": 6, "route": "bypass_reject", "confidence": 0.47166869044303894, "surface_class": "tread", "bbox": [122, 183, 161, 229], "reason": "classification_below_threshold"}
[routing_node-6] [INFO] [1788453479.800683480] [routing_decision_node]: {"id": 3, "route": "bypass_reject", "confidence": 0.5113082528114319, "surface_class": "tread", "bbox": [140, 107, 162, 144], "reason": "classification_below_threshold"}
[routing_node-6] [INFO] [1788453479.801090486] [routing_decision_node]: {"id": 4, "route": "recompounding_raw_material", "confidence": 0.9691867828369141, "surface_class": "tread", "bbox": [157, 125, 197, 164], "reason": "passenger:tread"}
[routing_node-6] [INFO] [1788453479.801433456] [routing_decision_node]: {"id": 5, "route": "devulcanization_cbr", "confidence": 0.7596853375434875, "surface_class": "sidewall", "bbox": [158, 162, 173, 192], "reason": "otr_mining:sidewall"}
[routing_node-6] [INFO] [1788453479.802005938] [routing_decision_node]: {"id": 6, "route": "bypass_reject", "confidence": 0.47166869044303894, "surface_class": "tread", "bbox": [122, 183, 161, 229], "reason": "classification_below_threshold"}
[routing_node-6] [INFO] [1788453479.853201000] [routing_decision_node]: {"id": 3, "route": "bypass_reject", "confidence": 0.5830397009849548, "surface_class": "tread", "bbox": [140, 107, 162, 144], "reason": "classification_below_threshold"}
[routing_node-6] [INFO] [1788453479.853556912] [routing_decision_node]: {"id": 4, "route": "recompounding_raw_material", "confidence": 0.9835848808288574, "surface_class": "tread", "bbox": [157, 125, 197, 164], "reason": "passenger:tread"}
[routing_node-6] [INFO] [1788453479.854052473] [routing_decision_node]: {"id": 5, "route": "devulcanization_cbr", "confidence": 0.819430947303772, "surface_class": "sidewall", "bbox": [158, 162, 173, 192], "reason": "otr_mining:sidewall"}
[routing_node-6] [INFO] [1788453479.854439764] [routing_decision_node]: {"id": 6, "route": "bypass_reject", "confidence": 0.49626338481903076, "surface_class": "tread", "bbox": [122, 182, 161, 229], "reason": "classification_below_threshold"}
[routing_node-6] [INFO] [1788453479.901493956] [routing_decision_node]: {"id": 3, "route": "bypass_reject", "confidence": 0.5830397009849548, "surface_class": "tread", "bbox": [140, 107, 162, 144], "reason": "classification_below_threshold"}
[routing_node-6] [INFO] [1788453479.902282551] [routing_decision_node]: {"id": 4, "route": "recompounding_raw_material", "confidence": 0.9835848808288574, "surface_class": "tread", "bbox": [157, 125, 197, 164], "reason": "passenger:tread"}
[routing_node-6] [INFO] [1788453479.904603328] [routing_decision_node]: {"id": 5, "route": "devulcanization_cbr", "confidence": 0.819430947303772, "surface_class": "sidewall", "bbox": [158, 162, 173, 192], "reason": "otr_mining:sidewall"}
[routing_node-6] [INFO] [1788453479.905271073] [routing_decision_node]: {"id": 6, "route": "bypass_reject", "confidence": 0.49626338481903076, "surface_class": "tread", "bbox": [122, 182, 161, 229], "reason": "classification_below_threshold"}
[routing_node-6] [INFO] [1788453479.952585759] [routing_decision_node]: {"id": 3, "route": "bypass_reject", "confidence": 0.39080774784088135, "surface_class": "tread", "bbox": [140, 106, 162, 144], "reason": "classification_below_threshold"}
[routing_node-6] [INFO] [1788453479.952989191] [routing_decision_node]: {"id": 4, "route": "recompounding_raw_material", "confidence": 0.9685775637626648, "surface_class": "tread", "bbox": [157, 125, 197, 162], "reason": "passenger:tread"}
[routing_node-6] [INFO] [1788453479.953340527] [routing_decision_node]: {"id": 5, "route": "devulcanization_cbr", "confidence": 0.9105027914047241, "surface_class": "sidewall", "bbox": [158, 162, 174, 192], "reason": "otr_mining:sidewall"}
[routing_node-6] [INFO] [1788453479.953655561] [routing_decision_node]: {"id": 6, "route": "bypass_reject", "confidence": 0.4548233449459076, "surface_class": "tread", "bbox": [122, 182, 161, 228], "reason": "classification_below_threshold"}
[routing_node-6] [INFO] [1788453479.996536123] [routing_decision_node]: {"id": 3, "route": "bypass_reject", "confidence": 0.39080774784088135, "surface_class": "tread", "bbox": [140, 106, 162, 144], "reason": "classification_below_threshold"}
[routing_node-6] [INFO] [1788453479.997206713] [routing_decision_node]: {"id": 4, "route": "recompounding_raw_material", "confidence": 0.9685775637626648, "surface_class": "tread", "bbox": [157, 125, 197, 163], "reason": "passenger:tread"}
[routing_node-6] [INFO] [1788453479.997792787] [routing_decision_node]: {"id": 5, "route": "devulcanization_cbr", "confidence": 0.9105027914047241, "surface_class": "sidewall", "bbox": [158, 161, 173, 192], "reason": "otr_mining:sidewall"}
[routing_node-6] [INFO] [1788453479.998428122] [routing_decision_node]: {"id": 6, "route": "bypass_reject", "confidence": 0.4548233449459076, "surface_class": "tread", "bbox": [122, 182, 161, 228], "reason": "classification_below_threshold"}
[routing_node-6] [INFO] [1788453480.043718485] [routing_decision_node]: {"id": 3, "route": "bypass_reject", "confidence": 0.48722249269485474, "surface_class": "tread", "bbox": [140, 106, 161, 143], "reason": "classification_below_threshold"}
[routing_node-6] [INFO] [1788453480.044106356] [routing_decision_node]: {"id": 4, "route": "recompounding_raw_material", "confidence": 0.9773603677749634, "surface_class": "tread", "bbox": [157, 125, 197, 163], "reason": "passenger:tread"}
[routing_node-6] [INFO] [1788453480.044521598] [routing_decision_node]: {"id": 5, "route": "devulcanization_cbr", "confidence": 0.8411676287651062, "surface_class": "sidewall", "bbox": [158, 161, 173, 191], "reason": "otr_mining:sidewall"}
[routing_node-6] [INFO] [1788453480.045111944] [routing_decision_node]: {"id": 6, "route": "bypass_reject", "confidence": 0.47249722480773926, "surface_class": "tread", "bbox": [122, 182, 161, 228], "reason": "classification_below_threshold"}
[routing_node-6] [INFO] [1788453480.084543627] [routing_decision_node]: {"id": 3, "route": "bypass_reject", "confidence": 0.48722249269485474, "surface_class": "tread", "bbox": [140, 106, 162, 143], "reason": "classification_below_threshold"}
[routing_node-6] [INFO] [1788453480.085056688] [routing_decision_node]: {"id": 4, "route": "recompounding_raw_material", "confidence": 0.9773603677749634, "surface_class": "tread", "bbox": [157, 124, 197, 163], "reason": "passenger:tread"}
[routing_node-6] [INFO] [1788453480.085634943] [routing_decision_node]: {"id": 5, "route": "devulcanization_cbr", "confidence": 0.8411676287651062, "surface_class": "sidewall", "bbox": [159, 161, 173, 191], "reason": "otr_mining:sidewall"}
[routing_node-6] [INFO] [1788453480.088502493] [routing_decision_node]: {"id": 6, "route": "bypass_reject", "confidence": 0.47249722480773926, "surface_class": "tread", "bbox": [122, 182, 161, 228], "reason": "classification_below_threshold"}
[routing_node-6] [INFO] [1788453480.129861690] [routing_decision_node]: {"id": 3, "route": "bypass_reject", "confidence": 0.5028876066207886, "surface_class": "tread", "bbox": [140, 106, 162, 143], "reason": "classification_below_threshold"}
[routing_node-6] [INFO] [1788453480.130493637] [routing_decision_node]: {"id": 4, "route": "recompounding_raw_material", "confidence": 0.9651955366134644, "surface_class": "tread", "bbox": [157, 124, 197, 163], "reason": "passenger:tread"}
[routing_node-6] [INFO] [1788453480.130985218] [routing_decision_node]: {"id": 5, "route": "devulcanization_cbr", "confidence": 0.7197155356407166, "surface_class": "sidewall", "bbox": [158, 161, 173, 191], "reason": "otr_mining:sidewall"}
[routing_node-6] [INFO] [1788453480.131445062] [routing_decision_node]: {"id": 6, "route": "bypass_reject", "confidence": 0.5464869737625122, "surface_class": "tread", "bbox": [122, 182, 161, 228], "reason": "classification_below_threshold"}
[routing_node-6] [INFO] [1788453480.176552043] [routing_decision_node]: {"id": 3, "route": "bypass_reject", "confidence": 0.5028876066207886, "surface_class": "tread", "bbox": [140, 106, 162, 143], "reason": "classification_below_threshold"}
[routing_node-6] [INFO] [1788453480.177141576] [routing_decision_node]: {"id": 4, "route": "recompounding_raw_material", "confidence": 0.9651955366134644, "surface_class": "tread", "bbox": [157, 124, 197, 163], "reason": "passenger:tread"}
[routing_node-6] [INFO] [1788453480.177648234] [routing_decision_node]: {"id": 5, "route": "devulcanization_cbr", "confidence": 0.7197155356407166, "surface_class": "sidewall", "bbox": [158, 161, 173, 191], "reason": "otr_mining:sidewall"}
[routing_node-6] [INFO] [1788453480.178249147] [routing_decision_node]: {"id": 6, "route": "bypass_reject", "confidence": 0.5464869737625122, "surface_class": "tread", "bbox": [122, 181, 161, 228], "reason": "classification_below_threshold"}
[routing_node-6] [INFO] [1788453480.222396601] [routing_decision_node]: {"id": 3, "route": "bypass_reject", "confidence": 0.47166869044303894, "surface_class": "tread", "bbox": [140, 106, 162, 143], "reason": "classification_below_threshold"}
[routing_node-6] [INFO] [1788453480.222907453] [routing_decision_node]: {"id": 4, "route": "recompounding_raw_material", "confidence": 0.9784546494483948, "surface_class": "tread", "bbox": [157, 124, 197, 163], "reason": "passenger:tread"}
[routing_node-6] [INFO] [1788453480.223383556] [routing_decision_node]: {"id": 5, "route": "devulcanization_cbr", "confidence": 0.84961998462677, "surface_class": "sidewall", "bbox": [158, 161, 173, 191], "reason": "otr_mining:sidewall"}
[routing_node-6] [INFO] [1788453480.223688327] [routing_decision_node]: {"id": 6, "route": "bypass_reject", "confidence": 0.5309284329414368, "surface_class": "tread", "bbox": [122, 181, 161, 228], "reason": "classification_below_threshold"}
[routing_node-6] [INFO] [1788453480.263326178] [routing_decision_node]: {"id": 3, "route": "bypass_reject", "confidence": 0.47166869044303894, "surface_class": "tread", "bbox": [140, 105, 162, 143], "reason": "classification_below_threshold"}
[routing_node-6] [INFO] [1788453480.265758931] [routing_decision_node]: {"id": 4, "route": "recompounding_raw_material", "confidence": 0.9784546494483948, "surface_class": "tread", "bbox": [157, 124, 197, 161], "reason": "passenger:tread"}
[routing_node-6] [INFO] [1788453480.266634690] [routing_decision_node]: {"id": 5, "route": "devulcanization_cbr", "confidence": 0.84961998462677, "surface_class": "sidewall", "bbox": [158, 161, 174, 191], "reason": "otr_mining:sidewall"}
[routing_node-6] [INFO] [1788453480.267351472] [routing_decision_node]: {"id": 6, "route": "bypass_reject", "confidence": 0.5309284329414368, "surface_class": "tread", "bbox": [122, 181, 161, 227], "reason": "classification_below_threshold"}
[routing_node-6] [INFO] [1788453480.313223632] [routing_decision_node]: {"id": 3, "route": "bypass_reject", "confidence": 0.47166869044303894, "surface_class": "tread", "bbox": [140, 105, 162, 143], "reason": "classification_below_threshold"}
[routing_node-6] [INFO] [1788453480.313640715] [routing_decision_node]: {"id": 4, "route": "recompounding_raw_material", "confidence": 0.9784546494483948, "surface_class": "tread", "bbox": [157, 124, 197, 162], "reason": "passenger:tread"}
[routing_node-6] [INFO] [1788453480.314019176] [routing_decision_node]: {"id": 5, "route": "devulcanization_cbr", "confidence": 0.84961998462677, "surface_class": "sidewall", "bbox": [158, 160, 173, 191], "reason": "otr_mining:sidewall"}
[routing_node-6] [INFO] [1788453480.314409380] [routing_decision_node]: {"id": 6, "route": "bypass_reject", "confidence": 0.5309284329414368, "surface_class": "tread", "bbox": [122, 181, 161, 227], "reason": "classification_below_threshold"}
[routing_node-6] [INFO] [1788453480.358398002] [routing_decision_node]: {"id": 3, "route": "bypass_reject", "confidence": 0.49626338481903076, "surface_class": "tread", "bbox": [140, 105, 161, 142], "reason": "classification_below_threshold"}
[routing_node-6] [INFO] [1788453480.358779453] [routing_decision_node]: {"id": 4, "route": "recompounding_raw_material", "confidence": 0.9718044400215149, "surface_class": "tread", "bbox": [157, 124, 197, 162], "reason": "passenger:tread"}
[routing_node-6] [INFO] [1788453480.359223295] [routing_decision_node]: {"id": 5, "route": "devulcanization_cbr", "confidence": 0.886699378490448, "surface_class": "sidewall", "bbox": [158, 160, 173, 190], "reason": "otr_mining:sidewall"}
[routing_node-6] [INFO] [1788453480.360232886] [routing_decision_node]: {"id": 6, "route": "bypass_reject", "confidence": 0.4094521999359131, "surface_class": "tread", "bbox": [122, 181, 161, 227], "reason": "classification_below_threshold"}
[routing_node-6] [INFO] [1788453480.406510065] [routing_decision_node]: {"id": 3, "route": "bypass_reject", "confidence": 0.49626338481903076, "surface_class": "tread", "bbox": [140, 105, 162, 142], "reason": "classification_below_threshold"}
[routing_node-6] [INFO] [1788453480.406997767] [routing_decision_node]: {"id": 4, "route": "recompounding_raw_material", "confidence": 0.9718044400215149, "surface_class": "tread", "bbox": [157, 123, 197, 162], "reason": "passenger:tread"}
[routing_node-6] [INFO] [1788453480.407391492] [routing_decision_node]: {"id": 5, "route": "devulcanization_cbr", "confidence": 0.886699378490448, "surface_class": "sidewall", "bbox": [159, 160, 173, 190], "reason": "otr_mining:sidewall"}
[routing_node-6] [INFO] [1788453480.407833482] [routing_decision_node]: {"id": 6, "route": "bypass_reject", "confidence": 0.4094521999359131, "surface_class": "tread", "bbox": [122, 181, 161, 227], "reason": "classification_below_threshold"}
[routing_node-6] [INFO] [1788453480.454294258] [routing_decision_node]: {"id": 3, "route": "bypass_reject", "confidence": 0.4548233449459076, "surface_class": "tread", "bbox": [140, 105, 162, 142], "reason": "classification_below_threshold"}
[routing_node-6] [INFO] [1788453480.454689350] [routing_decision_node]: {"id": 4, "route": "recompounding_raw_material", "confidence": 0.9643359780311584, "surface_class": "tread", "bbox": [157, 123, 197, 162], "reason": "passenger:tread"}
[routing_node-6] [INFO] [1788453480.455037686] [routing_decision_node]: {"id": 5, "route": "devulcanization_cbr", "confidence": 0.9291349053382874, "surface_class": "sidewall", "bbox": [158, 160, 173, 190], "reason": "otr_mining:sidewall"}
[routing_node-6] [INFO] [1788453480.455409844] [routing_decision_node]: {"id": 6, "route": "bypass_reject", "confidence": 0.444720596075058, "surface_class": "tread", "bbox": [122, 181, 161, 227], "reason": "classification_below_threshold"}
[routing_node-6] [INFO] [1788453480.496326381] [routing_decision_node]: {"id": 3, "route": "bypass_reject", "confidence": 0.4548233449459076, "surface_class": "tread", "bbox": [140, 105, 162, 142], "reason": "classification_below_threshold"}
[routing_node-6] [INFO] [1788453480.496832781] [routing_decision_node]: {"id": 4, "route": "recompounding_raw_material", "confidence": 0.9643359780311584, "surface_class": "tread", "bbox": [157, 123, 197, 162], "reason": "passenger:tread"}
[routing_node-6] [INFO] [1788453480.497259912] [routing_decision_node]: {"id": 5, "route": "devulcanization_cbr", "confidence": 0.9291349053382874, "surface_class": "sidewall", "bbox": [158, 160, 173, 190], "reason": "otr_mining:sidewall"}
[routing_node-6] [INFO] [1788453480.497612616] [routing_decision_node]: {"id": 6, "route": "bypass_reject", "confidence": 0.444720596075058, "surface_class": "tread", "bbox": [122, 180, 161, 227], "reason": "classification_below_threshold"}
[routing_node-6] [INFO] [1788453480.544794265] [routing_decision_node]: {"id": 3, "route": "bypass_reject", "confidence": 0.47249722480773926, "surface_class": "tread", "bbox": [140, 105, 162, 142], "reason": "classification_below_threshold"}
[routing_node-6] [INFO] [1788453480.545179255] [routing_decision_node]: {"id": 4, "route": "recompounding_raw_material", "confidence": 0.954905092716217, "surface_class": "tread", "bbox": [157, 123, 197, 162], "reason": "passenger:tread"}
[routing_node-6] [INFO] [1788453480.545532468] [routing_decision_node]: {"id": 5, "route": "devulcanization_cbr", "confidence": 0.7758855819702148, "surface_class": "sidewall", "bbox": [158, 161, 173, 190], "reason": "otr_mining:sidewall"}
[routing_node-6] [INFO] [1788453480.546017161] [routing_decision_node]: {"id": 6, "route": "bypass_reject", "confidence": 0.4631211459636688, "surface_class": "tread", "bbox": [122, 180, 161, 226], "reason": "classification_below_threshold"}
[routing_node-6] [INFO] [1788453480.587110824] [routing_decision_node]: {"id": 3, "route": "bypass_reject", "confidence": 0.47249722480773926, "surface_class": "tread", "bbox": [140, 104, 162, 142], "reason": "classification_below_threshold"}
[routing_node-6] [INFO] [1788453480.587670377] [routing_decision_node]: {"id": 4, "route": "recompounding_raw_material", "confidence": 0.954905092716217, "surface_class": "tread", "bbox": [157, 123, 197, 160], "reason": "passenger:tread"}
[routing_node-6] [INFO] [1788453480.588137503] [routing_decision_node]: {"id": 5, "route": "devulcanization_cbr", "confidence": 0.7758855819702148, "surface_class": "sidewall", "bbox": [158, 160, 174, 190], "reason": "otr_mining:sidewall"}
[routing_node-6] [INFO] [1788453480.588573050] [routing_decision_node]: {"id": 6, "route": "bypass_reject", "confidence": 0.4631211459636688, "surface_class": "tread", "bbox": [122, 180, 161, 226], "reason": "classification_below_threshold"}
[routing_node-6] [INFO] [1788453480.631698891] [routing_decision_node]: {"id": 3, "route": "bypass_reject", "confidence": 0.5464869737625122, "surface_class": "tread", "bbox": [140, 104, 162, 142], "reason": "classification_below_threshold"}
[routing_node-6] [INFO] [1788453480.632214625] [routing_decision_node]: {"id": 4, "route": "recompounding_raw_material", "confidence": 0.9491206407546997, "surface_class": "tread", "bbox": [157, 123, 197, 161], "reason": "passenger:tread"}
[routing_node-6] [INFO] [1788453480.632699842] [routing_decision_node]: {"id": 5, "route": "devulcanization_cbr", "confidence": 0.7915139198303223, "surface_class": "sidewall", "bbox": [158, 159, 173, 190], "reason": "otr_mining:sidewall"}
[routing_node-6] [INFO] [1788453480.633277784] [routing_decision_node]: {"id": 6, "route": "bypass_reject", "confidence": 0.5215945243835449, "surface_class": "tread", "bbox": [122, 180, 161, 226], "reason": "classification_below_threshold"}
[routing_node-6] [INFO] [1788453480.672621477] [routing_decision_node]: {"id": 3, "route": "bypass_reject", "confidence": 0.5464869737625122, "surface_class": "tread", "bbox": [140, 104, 161, 141], "reason": "classification_below_threshold"}
[routing_node-6] [INFO] [1788453480.673095499] [routing_decision_node]: {"id": 4, "route": "recompounding_raw_material", "confidence": 0.9491206407546997, "surface_class": "tread", "bbox": [157, 123, 197, 161], "reason": "passenger:tread"}
[routing_node-6] [INFO] [1788453480.674014175] [routing_decision_node]: {"id": 5, "route": "devulcanization_cbr", "confidence": 0.7915139198303223, "surface_class": "sidewall", "bbox": [158, 159, 173, 189], "reason": "otr_mining:sidewall"}
[routing_node-6] [INFO] [1788453480.676213019] [routing_decision_node]: {"id": 6, "route": "bypass_reject", "confidence": 0.5215945243835449, "surface_class": "tread", "bbox": [122, 180, 161, 226], "reason": "classification_below_threshold"}
[routing_node-6] [INFO] [1788453480.719731965] [routing_decision_node]: {"id": 3, "route": "bypass_reject", "confidence": 0.5309284329414368, "surface_class": "tread", "bbox": [140, 104, 162, 141], "reason": "classification_below_threshold"}
[routing_node-6] [INFO] [1788453480.720139448] [routing_decision_node]: {"id": 4, "route": "recompounding_raw_material", "confidence": 0.9862545728683472, "surface_class": "tread", "bbox": [157, 122, 197, 161], "reason": "passenger:tread"}
[routing_node-6] [INFO] [1788453480.720519491] [routing_decision_node]: {"id": 5, "route": "devulcanization_cbr", "confidence": 0.940305769443512, "surface_class": "sidewall", "bbox": [159, 159, 173, 189], "reason": "otr_mining:sidewall"}
[routing_node-6] [INFO] [1788453480.721727695] [routing_decision_node]: {"id": 6, "route": "bypass_reject", "confidence": 0.5115969181060791, "surface_class": "tread", "bbox": [122, 180, 161, 226], "reason": "classification_below_threshold"}
[routing_node-6] [INFO] [1788453480.768396827] [routing_decision_node]: {"id": 3, "route": "bypass_reject", "confidence": 0.5309284329414368, "surface_class": "tread", "bbox": [140, 104, 162, 141], "reason": "classification_below_threshold"}
[routing_node-6] [INFO] [1788453480.768844473] [routing_decision_node]: {"id": 4, "route": "recompounding_raw_material", "confidence": 0.9862545728683472, "surface_class": "tread", "bbox": [157, 122, 197, 161], "reason": "passenger:tread"}
[routing_node-6] [INFO] [1788453480.769205230] [routing_decision_node]: {"id": 5, "route": "devulcanization_cbr", "confidence": 0.940305769443512, "surface_class": "sidewall", "bbox": [158, 159, 173, 189], "reason": "otr_mining:sidewall"}
[routing_node-6] [INFO] [1788453480.769519638] [routing_decision_node]: {"id": 6, "route": "bypass_reject", "confidence": 0.5115969181060791, "surface_class": "tread", "bbox": [122, 180, 161, 226], "reason": "classification_below_threshold"}
[routing_node-6] [INFO] [1788453480.809197512] [routing_decision_node]: {"id": 3, "route": "bypass_reject", "confidence": 0.5309284329414368, "surface_class": "tread", "bbox": [140, 104, 162, 141], "reason": "classification_below_threshold"}
[routing_node-6] [INFO] [1788453480.809819587] [routing_decision_node]: {"id": 4, "route": "recompounding_raw_material", "confidence": 0.9862545728683472, "surface_class": "tread", "bbox": [157, 122, 197, 161], "reason": "passenger:tread"}
[routing_node-6] [INFO] [1788453480.810344622] [routing_decision_node]: {"id": 5, "route": "devulcanization_cbr", "confidence": 0.940305769443512, "surface_class": "sidewall", "bbox": [158, 159, 173, 189], "reason": "otr_mining:sidewall"}
[routing_node-6] [INFO] [1788453480.811518783] [routing_decision_node]: {"id": 6, "route": "bypass_reject", "confidence": 0.5115969181060791, "surface_class": "tread", "bbox": [122, 179, 161, 226], "reason": "classification_below_threshold"}
[routing_node-6] [INFO] [1788453480.858668608] [routing_decision_node]: {"id": 3, "route": "bypass_reject", "confidence": 0.4094521999359131, "surface_class": "tread", "bbox": [140, 104, 162, 141], "reason": "classification_below_threshold"}
[routing_node-6] [INFO] [1788453480.859332972] [routing_decision_node]: {"id": 4, "route": "recompounding_raw_material", "confidence": 0.9714788198471069, "surface_class": "tread", "bbox": [157, 122, 197, 159], "reason": "passenger:tread"}
[routing_node-6] [INFO] [1788453480.859822684] [routing_decision_node]: {"id": 5, "route": "devulcanization_cbr", "confidence": 0.8820902109146118, "surface_class": "sidewall", "bbox": [158, 159, 174, 189], "reason": "otr_mining:sidewall"}
[routing_node-6] [INFO] [1788453480.860291132] [routing_decision_node]: {"id": 6, "route": "bypass_reject", "confidence": 0.5411281585693359, "surface_class": "tread", "bbox": [122, 179, 161, 225], "reason": "classification_below_threshold"}
[routing_node-6] [INFO] [1788453480.898698104] [routing_decision_node]: {"id": 3, "route": "bypass_reject", "confidence": 0.4094521999359131, "surface_class": "tread", "bbox": [140, 103, 162, 141], "reason": "classification_below_threshold"}
[routing_node-6] [INFO] [1788453480.899218000] [routing_decision_node]: {"id": 4, "route": "recompounding_raw_material", "confidence": 0.9714788198471069, "surface_class": "tread", "bbox": [157, 122, 197, 159], "reason": "passenger:tread"}
[routing_node-6] [INFO] [1788453480.899706742] [routing_decision_node]: {"id": 5, "route": "devulcanization_cbr", "confidence": 0.8820902109146118, "surface_class": "sidewall", "bbox": [158, 159, 174, 189], "reason": "otr_mining:sidewall"}
[routing_node-6] [INFO] [1788453480.900243015] [routing_decision_node]: {"id": 6, "route": "bypass_reject", "confidence": 0.5411281585693359, "surface_class": "tread", "bbox": [122, 179, 161, 225], "reason": "classification_below_threshold"}
[routing_node-6] [INFO] [1788453480.947078266] [routing_decision_node]: {"id": 3, "route": "bypass_reject", "confidence": 0.444720596075058, "surface_class": "tread", "bbox": [140, 103, 162, 141], "reason": "classification_below_threshold"}
[routing_node-6] [INFO] [1788453480.947693392] [routing_decision_node]: {"id": 4, "route": "recompounding_raw_material", "confidence": 0.9072667360305786, "surface_class": "tread", "bbox": [157, 122, 197, 160], "reason": "passenger:tread"}
[routing_node-6] [INFO] [1788453480.948187476] [routing_decision_node]: {"id": 5, "route": "devulcanization_cbr", "confidence": 0.7672750949859619, "surface_class": "sidewall", "bbox": [158, 158, 173, 189], "reason": "otr_mining:sidewall"}
[routing_node-6] [INFO] [1788453480.948678979] [routing_decision_node]: {"id": 6, "route": "bypass_reject", "confidence": 0.4833851456642151, "surface_class": "tread", "bbox": [122, 179, 161, 225], "reason": "classification_below_threshold"}
[routing_node-6] [INFO] [1788453480.990831488] [routing_decision_node]: {"id": 3, "route": "bypass_reject", "confidence": 0.444720596075058, "surface_class": "tread", "bbox": [140, 103, 161, 140], "reason": "classification_below_threshold"}
[routing_node-6] [INFO] [1788453480.991567427] [routing_decision_node]: {"id": 4, "route": "recompounding_raw_material", "confidence": 0.9072667360305786, "surface_class": "tread", "bbox": [157, 121, 197, 160], "reason": "passenger:tread"}
[routing_node-6] [INFO] [1788453480.992178508] [routing_decision_node]: {"id": 5, "route": "devulcanization_cbr", "confidence": 0.7672750949859619, "surface_class": "sidewall", "bbox": [159, 158, 173, 188], "reason": "otr_mining:sidewall"}
[routing_node-6] [INFO] [1788453480.992740081] [routing_decision_node]: {"id": 6, "route": "bypass_reject", "confidence": 0.4833851456642151, "surface_class": "tread", "bbox": [122, 179, 161, 225], "reason": "classification_below_threshold"}
[routing_node-6] [INFO] [1788453481.033108441] [routing_decision_node]: {"id": 3, "route": "bypass_reject", "confidence": 0.4631211459636688, "surface_class": "tread", "bbox": [140, 103, 162, 140], "reason": "classification_below_threshold"}
[routing_node-6] [INFO] [1788453481.033942677] [routing_decision_node]: {"id": 4, "route": "recompounding_raw_material", "confidence": 0.9748731255531311, "surface_class": "tread", "bbox": [157, 121, 197, 160], "reason": "passenger:tread"}
[routing_node-6] [INFO] [1788453481.036622430] [routing_decision_node]: {"id": 5, "route": "devulcanization_cbr", "confidence": 0.862622857093811, "surface_class": "sidewall", "bbox": [158, 158, 173, 188], "reason": "otr_mining:sidewall"}
[routing_node-6] [INFO] [1788453481.037411088] [routing_decision_node]: {"id": 6, "route": "bypass_reject", "confidence": 0.4700488746166229, "surface_class": "tread", "bbox": [122, 179, 161, 225], "reason": "classification_below_threshold"}
[routing_node-6] [INFO] [1788453481.082451386] [routing_decision_node]: {"id": 3, "route": "bypass_reject", "confidence": 0.4631211459636688, "surface_class": "tread", "bbox": [140, 103, 162, 140], "reason": "classification_below_threshold"}
[routing_node-6] [INFO] [1788453481.082998315] [routing_decision_node]: {"id": 4, "route": "recompounding_raw_material", "confidence": 0.9748731255531311, "surface_class": "tread", "bbox": [157, 121, 197, 160], "reason": "passenger:tread"}
[routing_node-6] [INFO] [1788453481.083466960] [routing_decision_node]: {"id": 5, "route": "devulcanization_cbr", "confidence": 0.862622857093811, "surface_class": "sidewall", "bbox": [158, 158, 173, 188], "reason": "otr_mining:sidewall"}
[routing_node-6] [INFO] [1788453481.083948847] [routing_decision_node]: {"id": 6, "route": "bypass_reject", "confidence": 0.4700488746166229, "surface_class": "tread", "bbox": [122, 179, 161, 225], "reason": "classification_below_threshold"}
[routing_node-6] [INFO] [1788453481.127581718] [routing_decision_node]: {"id": 3, "route": "bypass_reject", "confidence": 0.5215945243835449, "surface_class": "tread", "bbox": [140, 103, 162, 140], "reason": "classification_below_threshold"}
[routing_node-6] [INFO] [1788453481.128130276] [routing_decision_node]: {"id": 4, "route": "recompounding_raw_material", "confidence": 0.9654623866081238, "surface_class": "tread", "bbox": [157, 121, 197, 160], "reason": "passenger:tread"}
[routing_node-6] [INFO] [1788453481.128673781] [routing_decision_node]: {"id": 5, "route": "devulcanization_cbr", "confidence": 0.8841147422790527, "surface_class": "sidewall", "bbox": [158, 158, 173, 188], "reason": "otr_mining:sidewall"}
[routing_node-6] [INFO] [1788453481.129297724] [routing_decision_node]: {"id": 6, "route": "bypass_reject", "confidence": 0.5039849281311035, "surface_class": "tread", "bbox": [122, 178, 161, 225], "reason": "classification_below_threshold"}
[routing_node-6] [INFO] [1788453481.170992053] [routing_decision_node]: {"id": 3, "route": "bypass_reject", "confidence": 0.5215945243835449, "surface_class": "tread", "bbox": [140, 103, 162, 140], "reason": "classification_below_threshold"}
[routing_node-6] [INFO] [1788453481.171682728] [routing_decision_node]: {"id": 4, "route": "recompounding_raw_material", "confidence": 0.9654623866081238, "surface_class": "sidewall", "bbox": [157, 1, 203, 238], "reason": "passenger:sidewall"}
[routing_node-6] [INFO] [1788453481.174058754] [routing_decision_node]: {"id": 5, "route": "devulcanization_cbr", "confidence": 0.8841147422790527, "surface_class": "sidewall", "bbox": [158, 158, 174, 188], "reason": "otr_mining:sidewall"}
[routing_node-6] [INFO] [1788453481.175525616] [routing_decision_node]: {"id": 6, "route": "bypass_reject", "confidence": 0.5039849281311035, "surface_class": "tread", "bbox": [122, 178, 161, 224], "reason": "classification_below_threshold"}
[routing_node-6] [INFO] [1788453481.224300682] [routing_decision_node]: {"id": 3, "route": "bypass_reject", "confidence": 0.5115969181060791, "surface_class": "tread", "bbox": [140, 102, 162, 140], "reason": "classification_below_threshold"}
[routing_node-6] [INFO] [1788453481.224820522] [routing_decision_node]: {"id": 4, "route": "recompounding_raw_material", "confidence": 0.9349914789199829, "surface_class": "tread", "bbox": [157, 121, 197, 158], "reason": "passenger:tread"}
[routing_node-6] [INFO] [1788453481.225342227] [routing_decision_node]: {"id": 5, "route": "devulcanization_cbr", "confidence": 0.883463978767395, "surface_class": "sidewall", "bbox": [158, 158, 174, 188], "reason": "otr_mining:sidewall"}
[routing_node-6] [INFO] [1788453481.225985490] [routing_decision_node]: {"id": 6, "route": "bypass_reject", "confidence": 0.45231539011001587, "surface_class": "tread", "bbox": [122, 178, 161, 224], "reason": "classification_below_threshold"}
[routing_node-6] [INFO] [1788453481.267447324] [routing_decision_node]: {"id": 3, "route": "bypass_reject", "confidence": 0.5115969181060791, "surface_class": "tread", "bbox": [140, 102, 162, 140], "reason": "classification_below_threshold"}
[routing_node-6] [INFO] [1788453481.267996797] [routing_decision_node]: {"id": 4, "route": "recompounding_raw_material", "confidence": 0.9349914789199829, "surface_class": "tread", "bbox": [157, 121, 197, 159], "reason": "passenger:tread"}
[routing_node-6] [INFO] [1788453481.268505838] [routing_decision_node]: {"id": 5, "route": "devulcanization_cbr", "confidence": 0.883463978767395, "surface_class": "sidewall", "bbox": [158, 157, 173, 188], "reason": "otr_mining:sidewall"}
[routing_node-6] [INFO] [1788453481.269250494] [routing_decision_node]: {"id": 6, "route": "bypass_reject", "confidence": 0.45231539011001587, "surface_class": "tread", "bbox": [122, 178, 161, 224], "reason": "classification_below_threshold"}
[routing_node-6] [INFO] [1788453481.308750946] [routing_decision_node]: {"id": 3, "route": "bypass_reject", "confidence": 0.5115969181060791, "surface_class": "tread", "bbox": [140, 102, 161, 139], "reason": "classification_below_threshold"}
[routing_node-6] [INFO] [1788453481.309372551] [routing_decision_node]: {"id": 4, "route": "recompounding_raw_material", "confidence": 0.9349914789199829, "surface_class": "tread", "bbox": [157, 120, 197, 159], "reason": "passenger:tread"}
[routing_node-6] [INFO] [1788453481.309900952] [routing_decision_node]: {"id": 5, "route": "devulcanization_cbr", "confidence": 0.883463978767395, "surface_class": "sidewall", "bbox": [159, 157, 173, 187], "reason": "otr_mining:sidewall"}
[routing_node-6] [INFO] [1788453481.310465894] [routing_decision_node]: {"id": 6, "route": "bypass_reject", "confidence": 0.45231539011001587, "surface_class": "tread", "bbox": [122, 178, 161, 224], "reason": "classification_below_threshold"}
[routing_node-6] [INFO] [1788453481.357708684] [routing_decision_node]: {"id": 3, "route": "bypass_reject", "confidence": 0.5411281585693359, "surface_class": "tread", "bbox": [140, 102, 162, 139], "reason": "classification_below_threshold"}
[pbvs_controller-4] [INFO] [1788453481.357909168] [pbvs_controller_node]: fragments=4 eligible=2 reachable=0 locked=no
[routing_node-6] [INFO] [1788453481.358317074] [routing_decision_node]: {"id": 4, "route": "recompounding_raw_material", "confidence": 0.9526864290237427, "surface_class": "tread", "bbox": [157, 120, 197, 159], "reason": "passenger:tread"}
[routing_node-6] [INFO] [1788453481.358935935] [routing_decision_node]: {"id": 5, "route": "devulcanization_cbr", "confidence": 0.8601459860801697, "surface_class": "sidewall", "bbox": [158, 157, 173, 187], "reason": "otr_mining:sidewall"}
[routing_node-6] [INFO] [1788453481.359524303] [routing_decision_node]: {"id": 6, "route": "bypass_reject", "confidence": 0.4734404981136322, "surface_class": "tread", "bbox": [122, 178, 161, 224], "reason": "classification_below_threshold"}
[routing_node-6] [INFO] [1788453481.398286949] [routing_decision_node]: {"id": 3, "route": "bypass_reject", "confidence": 0.5411281585693359, "surface_class": "tread", "bbox": [140, 102, 162, 139], "reason": "classification_below_threshold"}
[routing_node-6] [INFO] [1788453481.398815285] [routing_decision_node]: {"id": 4, "route": "recompounding_raw_material", "confidence": 0.9526864290237427, "surface_class": "tread", "bbox": [157, 120, 197, 159], "reason": "passenger:tread"}
[routing_node-6] [INFO] [1788453481.399449468] [routing_decision_node]: {"id": 5, "route": "devulcanization_cbr", "confidence": 0.8601459860801697, "surface_class": "sidewall", "bbox": [158, 157, 173, 187], "reason": "otr_mining:sidewall"}
[routing_node-6] [INFO] [1788453481.399995589] [routing_decision_node]: {"id": 6, "route": "bypass_reject", "confidence": 0.4734404981136322, "surface_class": "tread", "bbox": [122, 178, 161, 224], "reason": "classification_below_threshold"}
[routing_node-6] [INFO] [1788453481.439254263] [routing_decision_node]: {"id": 3, "route": "bypass_reject", "confidence": 0.4833851456642151, "surface_class": "tread", "bbox": [140, 102, 162, 139], "reason": "classification_below_threshold"}
[routing_node-6] [INFO] [1788453481.441649739] [routing_decision_node]: {"id": 4, "route": "recompounding_raw_material", "confidence": 0.9686486721038818, "surface_class": "tread", "bbox": [157, 120, 197, 159], "reason": "passenger:tread"}
[routing_node-6] [INFO] [1788453481.442306685] [routing_decision_node]: {"id": 5, "route": "devulcanization_cbr", "confidence": 0.7626786828041077, "surface_class": "sidewall", "bbox": [158, 157, 173, 187], "reason": "otr_mining:sidewall"}
[routing_node-6] [INFO] [1788453481.442872627] [routing_decision_node]: {"id": 6, "route": "bypass_reject", "confidence": 0.5615138411521912, "surface_class": "tread", "bbox": [122, 177, 161, 224], "reason": "classification_below_threshold"}
[routing_node-6] [INFO] [1788453481.488088784] [routing_decision_node]: {"id": 3, "route": "bypass_reject", "confidence": 0.4833851456642151, "surface_class": "tread", "bbox": [140, 102, 162, 139], "reason": "classification_below_threshold"}
[routing_node-6] [INFO] [1788453481.488614878] [routing_decision_node]: {"id": 4, "route": "recompounding_raw_material", "confidence": 0.9686486721038818, "surface_class": "sidewall", "bbox": [157, 1, 203, 238], "reason": "passenger:sidewall"}
[routing_node-6] [INFO] [1788453481.489105016] [routing_decision_node]: {"id": 5, "route": "devulcanization_cbr", "confidence": 0.7626786828041077, "surface_class": "sidewall", "bbox": [158, 157, 174, 187], "reason": "otr_mining:sidewall"}
[routing_node-6] [INFO] [1788453481.489749136] [routing_decision_node]: {"id": 6, "route": "bypass_reject", "confidence": 0.5615138411521912, "surface_class": "tread", "bbox": [122, 177, 161, 224], "reason": "classification_below_threshold"}
[routing_node-6] [INFO] [1788453481.532516339] [routing_decision_node]: {"id": 3, "route": "bypass_reject", "confidence": 0.4700488746166229, "surface_class": "tread", "bbox": [140, 101, 162, 139], "reason": "classification_below_threshold"}
[routing_node-6] [INFO] [1788453481.533238151] [routing_decision_node]: {"id": 4, "route": "recompounding_raw_material", "confidence": 0.9840789437294006, "surface_class": "tread", "bbox": [157, 120, 197, 157], "reason": "passenger:tread"}
[routing_node-6] [INFO] [1788453481.533795844] [routing_decision_node]: {"id": 5, "route": "devulcanization_cbr", "confidence": 0.8542441725730896, "surface_class": "sidewall", "bbox": [158, 157, 174, 187], "reason": "otr_mining:sidewall"}
[routing_node-6] [INFO] [1788453481.534270742] [routing_decision_node]: {"id": 6, "route": "bypass_reject", "confidence": 0.45991265773773193, "surface_class": "tread", "bbox": [122, 177, 161, 223], "reason": "classification_below_threshold"}
[routing_node-6] [INFO] [1788453481.573563259] [routing_decision_node]: {"id": 3, "route": "bypass_reject", "confidence": 0.4700488746166229, "surface_class": "tread", "bbox": [140, 101, 162, 139], "reason": "classification_below_threshold"}
[routing_node-6] [INFO] [1788453481.576221295] [routing_decision_node]: {"id": 4, "route": "recompounding_raw_material", "confidence": 0.9840789437294006, "surface_class": "tread", "bbox": [157, 120, 197, 158], "reason": "passenger:tread"}
[routing_node-6] [INFO] [1788453481.576994292] [routing_decision_node]: {"id": 5, "route": "devulcanization_cbr", "confidence": 0.8542441725730896, "surface_class": "sidewall", "bbox": [158, 156, 173, 187], "reason": "otr_mining:sidewall"}
[routing_node-6] [INFO] [1788453481.577457928] [routing_decision_node]: {"id": 6, "route": "bypass_reject", "confidence": 0.45991265773773193, "surface_class": "tread", "bbox": [122, 177, 161, 223], "reason": "classification_below_threshold"}
[routing_node-6] [INFO] [1788453481.623102893] [routing_decision_node]: {"id": 3, "route": "bypass_reject", "confidence": 0.5039849281311035, "surface_class": "tread", "bbox": [140, 101, 161, 138], "reason": "classification_below_threshold"}
[routing_node-6] [INFO] [1788453481.623660182] [routing_decision_node]: {"id": 4, "route": "recompounding_raw_material", "confidence": 0.9775591492652893, "surface_class": "tread", "bbox": [157, 119, 197, 158], "reason": "passenger:tread"}
[routing_node-6] [INFO] [1788453481.624152286] [routing_decision_node]: {"id": 5, "route": "devulcanization_cbr", "confidence": 0.9043919444084167, "surface_class": "sidewall", "bbox": [159, 156, 173, 186], "reason": "otr_mining:sidewall"}
[routing_node-6] [INFO] [1788453481.624677908] [routing_decision_node]: {"id": 6, "route": "bypass_reject", "confidence": 0.43578532338142395, "surface_class": "tread", "bbox": [122, 177, 161, 223], "reason": "classification_below_threshold"}
[routing_node-6] [INFO] [1788453481.666594006] [routing_decision_node]: {"id": 3, "route": "bypass_reject", "confidence": 0.5039849281311035, "surface_class": "tread", "bbox": [140, 101, 162, 138], "reason": "classification_below_threshold"}
[routing_node-6] [INFO] [1788453481.667132310] [routing_decision_node]: {"id": 4, "route": "recompounding_raw_material", "confidence": 0.9775591492652893, "surface_class": "tread", "bbox": [157, 119, 197, 158], "reason": "passenger:tread"}
[routing_node-6] [INFO] [1788453481.667596028] [routing_decision_node]: {"id": 5, "route": "devulcanization_cbr", "confidence": 0.9043919444084167, "surface_class": "sidewall", "bbox": [158, 156, 173, 186], "reason": "otr_mining:sidewall"}
[routing_node-6] [INFO] [1788453481.668101622] [routing_decision_node]: {"id": 6, "route": "bypass_reject", "confidence": 0.43578532338142395, "surface_class": "tread", "bbox": [122, 177, 161, 223], "reason": "classification_below_threshold"}
[routing_node-6] [INFO] [1788453481.717593671] [routing_decision_node]: {"id": 3, "route": "bypass_reject", "confidence": 0.5039849281311035, "surface_class": "tread", "bbox": [140, 101, 162, 138], "reason": "classification_below_threshold"}
[routing_node-6] [INFO] [1788453481.718348151] [routing_decision_node]: {"id": 4, "route": "recompounding_raw_material", "confidence": 0.9775591492652893, "surface_class": "tread", "bbox": [157, 119, 197, 158], "reason": "passenger:tread"}
[routing_node-6] [INFO] [1788453481.718860436] [routing_decision_node]: {"id": 5, "route": "devulcanization_cbr", "confidence": 0.7591118216514587, "surface_class": "sidewall", "bbox": [158, 156, 173, 186], "reason": "otr_mining:sidewall"}
[routing_node-6] [INFO] [1788453481.719412137] [routing_decision_node]: {"id": 6, "route": "bypass_reject", "confidence": 0.48014217615127563, "surface_class": "tread", "bbox": [122, 177, 161, 223], "reason": "classification_below_threshold"}
[routing_node-6] [INFO] [1788453481.763370172] [routing_decision_node]: {"id": 3, "route": "bypass_reject", "confidence": 0.45231539011001587, "surface_class": "tread", "bbox": [140, 101, 162, 138], "reason": "classification_below_threshold"}
[routing_node-6] [INFO] [1788453481.763968453] [routing_decision_node]: {"id": 4, "route": "recompounding_raw_material", "confidence": 0.9828070402145386, "surface_class": "sidewall", "bbox": [157, 1, 203, 238], "reason": "passenger:sidewall"}
[routing_node-6] [INFO] [1788453481.764433964] [routing_decision_node]: {"id": 5, "route": "devulcanization_cbr", "confidence": 0.7591118216514587, "surface_class": "sidewall", "bbox": [158, 156, 173, 186], "reason": "otr_mining:sidewall"}
[routing_node-6] [INFO] [1788453481.765106502] [routing_decision_node]: {"id": 6, "route": "bypass_reject", "confidence": 0.48014217615127563, "surface_class": "tread", "bbox": [122, 176, 161, 223], "reason": "classification_below_threshold"}
[routing_node-6] [INFO] [1788453481.807878568] [routing_decision_node]: {"id": 3, "route": "bypass_reject", "confidence": 0.45231539011001587, "surface_class": "tread", "bbox": [140, 100, 162, 138], "reason": "classification_below_threshold"}
[routing_node-6] [INFO] [1788453481.808419633] [routing_decision_node]: {"id": 4, "route": "recompounding_raw_material", "confidence": 0.9828070402145386, "surface_class": "sidewall", "bbox": [157, 1, 203, 238], "reason": "passenger:sidewall"}
[routing_node-6] [INFO] [1788453481.809008033] [routing_decision_node]: {"id": 5, "route": "devulcanization_cbr", "confidence": 0.7591118216514587, "surface_class": "sidewall", "bbox": [158, 156, 174, 186], "reason": "otr_mining:sidewall"}
[routing_node-6] [INFO] [1788453481.809476526] [routing_decision_node]: {"id": 6, "route": "bypass_reject", "confidence": 0.48014217615127563, "surface_class": "tread", "bbox": [122, 176, 161, 222], "reason": "classification_below_threshold"}
[routing_node-6] [INFO] [1788453481.856447978] [routing_decision_node]: {"id": 3, "route": "bypass_reject", "confidence": 0.4734404981136322, "surface_class": "tread", "bbox": [140, 100, 162, 138], "reason": "classification_below_threshold"}
[routing_node-6] [INFO] [1788453481.857014555] [routing_decision_node]: {"id": 4, "route": "recompounding_raw_material", "confidence": 0.9264666438102722, "surface_class": "tread", "bbox": [157, 119, 197, 156], "reason": "passenger:tread"}
[routing_node-6] [INFO] [1788453481.857589468] [routing_decision_node]: {"id": 5, "route": "devulcanization_cbr", "confidence": 0.7642726898193359, "surface_class": "sidewall", "bbox": [158, 156, 174, 186], "reason": "otr_mining:sidewall"}
[routing_node-6] [INFO] [1788453481.858136870] [routing_decision_node]: {"id": 6, "route": "bypass_reject", "confidence": 0.551428496837616, "surface_class": "tread", "bbox": [122, 176, 161, 222], "reason": "classification_below_threshold"}
[routing_node-6] [INFO] [1788453481.901266334] [routing_decision_node]: {"id": 3, "route": "bypass_reject", "confidence": 0.4734404981136322, "surface_class": "tread", "bbox": [140, 100, 161, 138], "reason": "classification_below_threshold"}
[routing_node-6] [INFO] [1788453481.901665454] [routing_decision_node]: {"id": 4, "route": "recompounding_raw_material", "confidence": 0.9264666438102722, "surface_class": "tread", "bbox": [157, 119, 197, 157], "reason": "passenger:tread"}
[routing_node-6] [INFO] [1788453481.902036254] [routing_decision_node]: {"id": 5, "route": "devulcanization_cbr", "confidence": 0.7642726898193359, "surface_class": "sidewall", "bbox": [158, 155, 173, 186], "reason": "otr_mining:sidewall"}
[routing_node-6] [INFO] [1788453481.902402855] [routing_decision_node]: {"id": 6, "route": "bypass_reject", "confidence": 0.551428496837616, "surface_class": "tread", "bbox": [122, 176, 161, 222], "reason": "classification_below_threshold"}
[routing_node-6] [INFO] [1788453481.943356397] [routing_decision_node]: {"id": 3, "route": "bypass_reject", "confidence": 0.5615138411521912, "surface_class": "tread", "bbox": [140, 100, 161, 137], "reason": "classification_below_threshold"}
[routing_node-6] [INFO] [1788453481.944010585] [routing_decision_node]: {"id": 4, "route": "recompounding_raw_material", "confidence": 0.9767703413963318, "surface_class": "tread", "bbox": [157, 118, 197, 157], "reason": "passenger:tread"}
[routing_node-6] [INFO] [1788453481.944586494] [routing_decision_node]: {"id": 5, "route": "devulcanization_cbr", "confidence": 0.9059352278709412, "surface_class": "sidewall", "bbox": [158, 155, 173, 185], "reason": "otr_mining:sidewall"}
[routing_node-6] [INFO] [1788453481.945371562] [routing_decision_node]: {"id": 6, "route": "bypass_reject", "confidence": 0.3985438048839569, "surface_class": "tread", "bbox": [122, 176, 161, 222], "reason": "classification_below_threshold"}
[routing_node-6] [INFO] [1788453481.986381922] [routing_decision_node]: {"id": 3, "route": "bypass_reject", "confidence": 0.5615138411521912, "surface_class": "tread", "bbox": [140, 100, 162, 137], "reason": "classification_below_threshold"}
[routing_node-6] [INFO] [1788453481.986719184] [routing_decision_node]: {"id": 4, "route": "recompounding_raw_material", "confidence": 0.9767703413963318, "surface_class": "tread", "bbox": [157, 118, 197, 157], "reason": "passenger:tread"}
[routing_node-6] [INFO] [1788453481.987095020] [routing_decision_node]: {"id": 5, "route": "devulcanization_cbr", "confidence": 0.9059352278709412, "surface_class": "sidewall", "bbox": [158, 155, 173, 185], "reason": "otr_mining:sidewall"}
[routing_node-6] [INFO] [1788453481.987445412] [routing_decision_node]: {"id": 6, "route": "bypass_reject", "confidence": 0.3985438048839569, "surface_class": "tread", "bbox": [122, 176, 161, 222], "reason": "classification_below_threshold"}
[routing_node-6] [INFO] [1788453482.032940066] [routing_decision_node]: {"id": 3, "route": "bypass_reject", "confidence": 0.45991265773773193, "surface_class": "tread", "bbox": [140, 100, 162, 137], "reason": "classification_below_threshold"}
[routing_node-6] [INFO] [1788453482.033467451] [routing_decision_node]: {"id": 4, "route": "recompounding_raw_material", "confidence": 0.9803889393806458, "surface_class": "tread", "bbox": [157, 118, 197, 157], "reason": "passenger:tread"}
[routing_node-6] [INFO] [1788453482.034056768] [routing_decision_node]: {"id": 5, "route": "devulcanization_cbr", "confidence": 0.7352333664894104, "surface_class": "sidewall", "bbox": [158, 155, 173, 185], "reason": "otr_mining:sidewall"}
[routing_node-6] [INFO] [1788453482.034636671] [routing_decision_node]: {"id": 6, "route": "bypass_reject", "confidence": 0.5555973649024963, "surface_class": "tread", "bbox": [122, 176, 161, 222], "reason": "classification_below_threshold"}
[routing_node-6] [INFO] [1788453482.073272490] [routing_decision_node]: {"id": 3, "route": "bypass_reject", "confidence": 0.45991265773773193, "surface_class": "tread", "bbox": [140, 100, 162, 137], "reason": "classification_below_threshold"}
[routing_node-6] [INFO] [1788453482.075162366] [routing_decision_node]: {"id": 4, "route": "recompounding_raw_material", "confidence": 0.9803889393806458, "surface_class": "sidewall", "bbox": [157, 1, 203, 238], "reason": "passenger:sidewall"}
[routing_node-6] [INFO] [1788453482.076111006] [routing_decision_node]: {"id": 5, "route": "devulcanization_cbr", "confidence": 0.7352333664894104, "surface_class": "sidewall", "bbox": [158, 155, 174, 185], "reason": "otr_mining:sidewall"}
[routing_node-6] [INFO] [1788453482.076661396] [routing_decision_node]: {"id": 6, "route": "bypass_reject", "confidence": 0.5555973649024963, "surface_class": "tread", "bbox": [122, 175, 161, 222], "reason": "classification_below_threshold"}
[routing_node-6] [INFO] [1788453482.125801152] [routing_decision_node]: {"id": 3, "route": "bypass_reject", "confidence": 0.45991265773773193, "surface_class": "tread", "bbox": [140, 99, 162, 137], "reason": "classification_below_threshold"}
[routing_node-6] [INFO] [1788453482.126409429] [routing_decision_node]: {"id": 4, "route": "recompounding_raw_material", "confidence": 0.9759193062782288, "surface_class": "sidewall", "bbox": [157, 1, 203, 238], "reason": "passenger:sidewall"}
[routing_node-6] [INFO] [1788453482.126774328] [routing_decision_node]: {"id": 5, "route": "bypass_reject", "confidence": 0.6276417970657349, "surface_class": "sidewall", "bbox": [158, 155, 174, 185], "reason": "classification_below_threshold"}
[routing_node-6] [INFO] [1788453482.127124140] [routing_decision_node]: {"id": 6, "route": "bypass_reject", "confidence": 0.5118370652198792, "surface_class": "tread", "bbox": [122, 175, 161, 221], "reason": "classification_below_threshold"}
[routing_node-6] [INFO] [1788453482.176444202] [routing_decision_node]: {"id": 3, "route": "bypass_reject", "confidence": 0.43578532338142395, "surface_class": "tread", "bbox": [140, 99, 162, 137], "reason": "classification_below_threshold"}
[routing_node-6] [INFO] [1788453482.177051800] [routing_decision_node]: {"id": 4, "route": "recompounding_raw_material", "confidence": 0.9759193062782288, "surface_class": "tread", "bbox": [157, 118, 197, 155], "reason": "passenger:tread"}
[routing_node-6] [INFO] [1788453482.177552566] [routing_decision_node]: {"id": 5, "route": "bypass_reject", "confidence": 0.6276417970657349, "surface_class": "sidewall", "bbox": [158, 155, 174, 185], "reason": "classification_below_threshold"}
[routing_node-6] [INFO] [1788453482.177957909] [routing_decision_node]: {"id": 6, "route": "bypass_reject", "confidence": 0.5118370652198792, "surface_class": "tread", "bbox": [122, 175, 161, 221], "reason": "classification_below_threshold"}
[routing_node-6] [INFO] [1788453482.223017783] [routing_decision_node]: {"id": 3, "route": "bypass_reject", "confidence": 0.48014217615127563, "surface_class": "tread", "bbox": [140, 99, 161, 137], "reason": "classification_below_threshold"}
[routing_node-6] [INFO] [1788453482.223404115] [routing_decision_node]: {"id": 4, "route": "recompounding_raw_material", "confidence": 0.9862707853317261, "surface_class": "tread", "bbox": [157, 118, 197, 156], "reason": "passenger:tread"}
[routing_node-6] [INFO] [1788453482.223742649] [routing_decision_node]: {"id": 5, "route": "devulcanization_cbr", "confidence": 0.8227342367172241, "surface_class": "sidewall", "bbox": [159, 154, 173, 185], "reason": "otr_mining:sidewall"}
[routing_node-6] [INFO] [1788453482.224134434] [routing_decision_node]: {"id": 6, "route": "bypass_reject", "confidence": 0.4301048219203949, "surface_class": "tread", "bbox": [122, 175, 161, 221], "reason": "classification_below_threshold"}
[routing_node-6] [INFO] [1788453482.270542725] [routing_decision_node]: {"id": 3, "route": "bypass_reject", "confidence": 0.48014217615127563, "surface_class": "tread", "bbox": [140, 99, 161, 136], "reason": "classification_below_threshold"}
[routing_node-6] [INFO] [1788453482.270934466] [routing_decision_node]: {"id": 4, "route": "recompounding_raw_material", "confidence": 0.9862707853317261, "surface_class": "tread", "bbox": [156, 117, 197, 156], "reason": "passenger:tread"}
[routing_node-6] [INFO] [1788453482.271411841] [routing_decision_node]: {"id": 5, "route": "devulcanization_cbr", "confidence": 0.8227342367172241, "surface_class": "sidewall", "bbox": [158, 154, 173, 184], "reason": "otr_mining:sidewall"}
[routing_node-6] [INFO] [1788453482.273286202] [routing_decision_node]: {"id": 6, "route": "bypass_reject", "confidence": 0.4301048219203949, "surface_class": "tread", "bbox": [122, 175, 161, 221], "reason": "classification_below_threshold"}
[routing_node-6] [INFO] [1788453482.314092960] [routing_decision_node]: {"id": 3, "route": "bypass_reject", "confidence": 0.48014217615127563, "surface_class": "tread", "bbox": [140, 99, 162, 136], "reason": "classification_below_threshold"}
[routing_node-6] [INFO] [1788453482.314729114] [routing_decision_node]: {"id": 4, "route": "recompounding_raw_material", "confidence": 0.9862707853317261, "surface_class": "tread", "bbox": [157, 117, 197, 156], "reason": "passenger:tread"}
[routing_node-6] [INFO] [1788453482.315237085] [routing_decision_node]: {"id": 5, "route": "devulcanization_cbr", "confidence": 0.8227342367172241, "surface_class": "sidewall", "bbox": [158, 154, 173, 184], "reason": "otr_mining:sidewall"}
[routing_node-6] [INFO] [1788453482.315629559] [routing_decision_node]: {"id": 6, "route": "bypass_reject", "confidence": 0.5154864192008972, "surface_class": "tread", "bbox": [122, 175, 161, 221], "reason": "classification_below_threshold"}
[routing_node-6] [INFO] [1788453482.358965793] [routing_decision_node]: {"id": 3, "route": "bypass_reject", "confidence": 0.551428496837616, "surface_class": "tread", "bbox": [140, 99, 162, 136], "reason": "classification_below_threshold"}
[routing_node-6] [INFO] [1788453482.359578895] [routing_decision_node]: {"id": 4, "route": "recompounding_raw_material", "confidence": 0.9886789917945862, "surface_class": "sidewall", "bbox": [157, 1, 203, 238], "reason": "passenger:sidewall"}
[routing_node-6] [INFO] [1788453482.359977161] [routing_decision_node]: {"id": 5, "route": "devulcanization_cbr", "confidence": 0.8956314921379089, "surface_class": "sidewall", "bbox": [158, 154, 173, 184], "reason": "otr_mining:sidewall"}
[routing_node-6] [INFO] [1788453482.360317812] [routing_decision_node]: {"id": 6, "route": "bypass_reject", "confidence": 0.5154864192008972, "surface_class": "tread", "bbox": [122, 175, 161, 221], "reason": "classification_below_threshold"}
[routing_node-6] [INFO] [1788453482.404400452] [routing_decision_node]: {"id": 3, "route": "bypass_reject", "confidence": 0.551428496837616, "surface_class": "tread", "bbox": [140, 99, 162, 136], "reason": "classification_below_threshold"}
[routing_node-6] [INFO] [1788453482.404919095] [routing_decision_node]: {"id": 4, "route": "recompounding_raw_material", "confidence": 0.9886789917945862, "surface_class": "sidewall", "bbox": [157, 1, 203, 238], "reason": "passenger:sidewall"}
[routing_node-6] [INFO] [1788453482.405365454] [routing_decision_node]: {"id": 5, "route": "devulcanization_cbr", "confidence": 0.8956314921379089, "surface_class": "sidewall", "bbox": [158, 154, 174, 184], "reason": "otr_mining:sidewall"}
[routing_node-6] [INFO] [1788453482.405729415] [routing_decision_node]: {"id": 6, "route": "bypass_reject", "confidence": 0.5154864192008972, "surface_class": "tread", "bbox": [122, 174, 161, 221], "reason": "classification_below_threshold"}
[routing_node-6] [INFO] [1788453482.448353967] [routing_decision_node]: {"id": 3, "route": "bypass_reject", "confidence": 0.3985438048839569, "surface_class": "tread", "bbox": [140, 98, 162, 136], "reason": "classification_below_threshold"}
[routing_node-6] [INFO] [1788453482.448904081] [routing_decision_node]: {"id": 4, "route": "recompounding_raw_material", "confidence": 0.9574376344680786, "surface_class": "sidewall", "bbox": [157, 1, 203, 238], "reason": "passenger:sidewall"}
[routing_node-6] [INFO] [1788453482.449296386] [routing_decision_node]: {"id": 5, "route": "devulcanization_cbr", "confidence": 0.8862156271934509, "surface_class": "sidewall", "bbox": [158, 154, 174, 184], "reason": "otr_mining:sidewall"}
[routing_node-6] [INFO] [1788453482.449654707] [routing_decision_node]: {"id": 6, "route": "bypass_reject", "confidence": 0.521346390247345, "surface_class": "tread", "bbox": [122, 174, 161, 220], "reason": "classification_below_threshold"}
[routing_node-6] [INFO] [1788453482.494431143] [routing_decision_node]: {"id": 3, "route": "bypass_reject", "confidence": 0.3985438048839569, "surface_class": "tread", "bbox": [140, 98, 162, 136], "reason": "classification_below_threshold"}
[routing_node-6] [INFO] [1788453482.494854750] [routing_decision_node]: {"id": 4, "route": "recompounding_raw_material", "confidence": 0.9574376344680786, "surface_class": "tread", "bbox": [157, 117, 197, 154], "reason": "passenger:tread"}
[routing_node-6] [INFO] [1788453482.495290710] [routing_decision_node]: {"id": 5, "route": "devulcanization_cbr", "confidence": 0.8862156271934509, "surface_class": "sidewall", "bbox": [158, 154, 174, 184], "reason": "otr_mining:sidewall"}
[routing_node-6] [INFO] [1788453482.495679428] [routing_decision_node]: {"id": 6, "route": "bypass_reject", "confidence": 0.521346390247345, "surface_class": "tread", "bbox": [122, 174, 161, 220], "reason": "classification_below_threshold"}
[routing_node-6] [INFO] [1788453482.540260460] [routing_decision_node]: {"id": 3, "route": "bypass_reject", "confidence": 0.5555973649024963, "surface_class": "tread", "bbox": [140, 98, 161, 136], "reason": "classification_below_threshold"}
[routing_node-6] [INFO] [1788453482.541493155] [routing_decision_node]: {"id": 4, "route": "recompounding_raw_material", "confidence": 0.97221440076828, "surface_class": "tread", "bbox": [157, 117, 197, 155], "reason": "passenger:tread"}
[routing_node-6] [INFO] [1788453482.543547691] [routing_decision_node]: {"id": 5, "route": "devulcanization_cbr", "confidence": 0.8696413040161133, "surface_class": "sidewall", "bbox": [159, 153, 173, 184], "reason": "otr_mining:sidewall"}
[routing_node-6] [INFO] [1788453482.544131424] [routing_decision_node]: {"id": 6, "route": "bypass_reject", "confidence": 0.5516391396522522, "surface_class": "tread", "bbox": [122, 174, 161, 220], "reason": "classification_below_threshold"}
[routing_node-6] [INFO] [1788453482.591373881] [routing_decision_node]: {"id": 3, "route": "bypass_reject", "confidence": 0.5555973649024963, "surface_class": "tread", "bbox": [140, 98, 161, 135], "reason": "classification_below_threshold"}
[routing_node-6] [INFO] [1788453482.591761324] [routing_decision_node]: {"id": 4, "route": "recompounding_raw_material", "confidence": 0.97221440076828, "surface_class": "tread", "bbox": [156, 116, 197, 155], "reason": "passenger:tread"}
[routing_node-6] [INFO] [1788453482.592328310] [routing_decision_node]: {"id": 5, "route": "devulcanization_cbr", "confidence": 0.8696413040161133, "surface_class": "sidewall", "bbox": [158, 153, 173, 183], "reason": "otr_mining:sidewall"}
[routing_node-6] [INFO] [1788453482.592726316] [routing_decision_node]: {"id": 6, "route": "bypass_reject", "confidence": 0.5516391396522522, "surface_class": "tread", "bbox": [122, 174, 161, 220], "reason": "classification_below_threshold"}
[routing_node-6] [INFO] [1788453482.634491659] [routing_decision_node]: {"id": 3, "route": "bypass_reject", "confidence": 0.5118370652198792, "surface_class": "tread", "bbox": [140, 98, 162, 135], "reason": "classification_below_threshold"}
[routing_node-6] [INFO] [1788453482.635100401] [routing_decision_node]: {"id": 4, "route": "recompounding_raw_material", "confidence": 0.9793148040771484, "surface_class": "tread", "bbox": [157, 116, 197, 155], "reason": "passenger:tread"}
[routing_node-6] [INFO] [1788453482.635527937] [routing_decision_node]: {"id": 5, "route": "devulcanization_cbr", "confidence": 0.8617452383041382, "surface_class": "sidewall", "bbox": [158, 153, 173, 183], "reason": "otr_mining:sidewall"}
[routing_node-6] [INFO] [1788453482.635958345] [routing_decision_node]: {"id": 6, "route": "bypass_reject", "confidence": 0.4831741154193878, "surface_class": "tread", "bbox": [122, 174, 161, 220], "reason": "classification_below_threshold"}
[routing_node-6] [INFO] [1788453482.683828161] [routing_decision_node]: {"id": 3, "route": "bypass_reject", "confidence": 0.5118370652198792, "surface_class": "tread", "bbox": [140, 98, 162, 135], "reason": "classification_below_threshold"}
[routing_node-6] [INFO] [1788453482.684447434] [routing_decision_node]: {"id": 4, "route": "recompounding_raw_material", "confidence": 0.9793148040771484, "surface_class": "sidewall", "bbox": [157, 1, 203, 238], "reason": "passenger:sidewall"}
[routing_node-6] [INFO] [1788453482.684918756] [routing_decision_node]: {"id": 5, "route": "devulcanization_cbr", "confidence": 0.8617452383041382, "surface_class": "sidewall", "bbox": [158, 153, 173, 183], "reason": "otr_mining:sidewall"}
[routing_node-6] [INFO] [1788453482.685372177] [routing_decision_node]: {"id": 6, "route": "bypass_reject", "confidence": 0.4831741154193878, "surface_class": "tread", "bbox": [122, 174, 161, 220], "reason": "classification_below_threshold"}
[routing_node-6] [INFO] [1788453482.730272616] [routing_decision_node]: {"id": 3, "route": "bypass_reject", "confidence": 0.4301048219203949, "surface_class": "tread", "bbox": [140, 98, 162, 135], "reason": "classification_below_threshold"}
[routing_node-6] [INFO] [1788453482.730611303] [routing_decision_node]: {"id": 4, "route": "recompounding_raw_material", "confidence": 0.9517316222190857, "surface_class": "sidewall", "bbox": [157, 1, 203, 238], "reason": "passenger:sidewall"}
[routing_node-6] [INFO] [1788453482.730996046] [routing_decision_node]: {"id": 5, "route": "devulcanization_cbr", "confidence": 0.8628637790679932, "surface_class": "sidewall", "bbox": [158, 153, 174, 183], "reason": "otr_mining:sidewall"}
[routing_node-6] [INFO] [1788453482.731363917] [routing_decision_node]: {"id": 6, "route": "bypass_reject", "confidence": 0.5837226510047913, "surface_class": "tread", "bbox": [122, 173, 161, 220], "reason": "classification_below_threshold"}
[routing_node-6] [INFO] [1788453482.803869944] [routing_decision_node]: {"id": 3, "route": "bypass_reject", "confidence": 0.4301048219203949, "surface_class": "tread", "bbox": [140, 97, 162, 135], "reason": "classification_below_threshold"}
[routing_node-6] [INFO] [1788453482.806010099] [routing_decision_node]: {"id": 4, "route": "recompounding_raw_material", "confidence": 0.9517316222190857, "surface_class": "tread", "bbox": [157, 116, 197, 155], "reason": "passenger:tread"}
[routing_node-6] [INFO] [1788453482.806578051] [routing_decision_node]: {"id": 5, "route": "devulcanization_cbr", "confidence": 0.8628637790679932, "surface_class": "sidewall", "bbox": [158, 153, 173, 183], "reason": "otr_mining:sidewall"}
[routing_node-6] [INFO] [1788453482.807026332] [routing_decision_node]: {"id": 6, "route": "bypass_reject", "confidence": 0.5837226510047913, "surface_class": "tread", "bbox": [122, 173, 161, 238], "reason": "classification_below_threshold"}
[routing_node-6] [INFO] [1788453482.853033098] [routing_decision_node]: {"id": 3, "route": "bypass_reject", "confidence": 0.5154864192008972, "surface_class": "tread", "bbox": [140, 97, 162, 135], "reason": "classification_below_threshold"}
[routing_node-6] [INFO] [1788453482.853518116] [routing_decision_node]: {"id": 4, "route": "recompounding_raw_material", "confidence": 0.9770798683166504, "surface_class": "tread", "bbox": [156, 116, 197, 155], "reason": "passenger:tread"}
[routing_node-6] [INFO] [1788453482.853899489] [routing_decision_node]: {"id": 5, "route": "devulcanization_cbr", "confidence": 0.8518422842025757, "surface_class": "sidewall", "bbox": [158, 153, 173, 183], "reason": "otr_mining:sidewall"}
[routing_node-6] [INFO] [1788453482.854298494] [routing_decision_node]: {"id": 6, "route": "bypass_reject", "confidence": 0.48358964920043945, "surface_class": "tread", "bbox": [122, 173, 161, 238], "reason": "classification_below_threshold"}
[routing_node-6] [INFO] [1788453482.900509251] [routing_decision_node]: {"id": 3, "route": "bypass_reject", "confidence": 0.5154864192008972, "surface_class": "tread", "bbox": [140, 97, 161, 135], "reason": "classification_below_threshold"}
[routing_node-6] [INFO] [1788453482.900985381] [routing_decision_node]: {"id": 4, "route": "recompounding_raw_material", "confidence": 0.9770798683166504, "surface_class": "tread", "bbox": [157, 116, 197, 154], "reason": "passenger:tread"}
[routing_node-6] [INFO] [1788453482.901459712] [routing_decision_node]: {"id": 5, "route": "devulcanization_cbr", "confidence": 0.8518422842025757, "surface_class": "sidewall", "bbox": [159, 152, 173, 183], "reason": "otr_mining:sidewall"}
[routing_node-6] [INFO] [1788453482.902035112] [routing_decision_node]: {"id": 6, "route": "bypass_reject", "confidence": 0.48358964920043945, "surface_class": "tread", "bbox": [122, 173, 161, 238], "reason": "classification_below_threshold"}
[routing_node-6] [INFO] [1788453482.946187371] [routing_decision_node]: {"id": 3, "route": "bypass_reject", "confidence": 0.521346390247345, "surface_class": "tread", "bbox": [140, 97, 161, 134], "reason": "classification_below_threshold"}
[routing_node-6] [INFO] [1788453482.946820102] [routing_decision_node]: {"id": 4, "route": "recompounding_raw_material", "confidence": 0.9387609362602234, "surface_class": "tread", "bbox": [156, 115, 197, 154], "reason": "passenger:tread"}
[routing_node-6] [INFO] [1788453482.947306450] [routing_decision_node]: {"id": 5, "route": "devulcanization_cbr", "confidence": 0.9193385243415833, "surface_class": "sidewall", "bbox": [158, 152, 173, 182], "reason": "otr_mining:sidewall"}
[routing_node-6] [INFO] [1788453482.947780260] [routing_decision_node]: {"id": 6, "route": "bypass_reject", "confidence": 0.5800490379333496, "surface_class": "tread", "bbox": [122, 173, 161, 238], "reason": "classification_below_threshold"}
[routing_node-6] [INFO] [1788453482.991307858] [routing_decision_node]: {"id": 3, "route": "bypass_reject", "confidence": 0.521346390247345, "surface_class": "tread", "bbox": [140, 97, 162, 134], "reason": "classification_below_threshold"}
[routing_node-6] [INFO] [1788453482.991654519] [routing_decision_node]: {"id": 4, "route": "recompounding_raw_material", "confidence": 0.9387609362602234, "surface_class": "sidewall", "bbox": [157, 1, 203, 238], "reason": "passenger:sidewall"}
[routing_node-6] [INFO] [1788453482.992116168] [routing_decision_node]: {"id": 5, "route": "devulcanization_cbr", "confidence": 0.9193385243415833, "surface_class": "sidewall", "bbox": [158, 152, 173, 182], "reason": "otr_mining:sidewall"}
[routing_node-6] [INFO] [1788453482.993390495] [routing_decision_node]: {"id": 6, "route": "bypass_reject", "confidence": 0.5800490379333496, "surface_class": "tread", "bbox": [122, 173, 161, 238], "reason": "classification_below_threshold"}
[routing_node-6] [INFO] [1788453483.035419147] [routing_decision_node]: {"id": 3, "route": "bypass_reject", "confidence": 0.5516391396522522, "surface_class": "tread", "bbox": [140, 97, 162, 134], "reason": "classification_below_threshold"}
[routing_node-6] [INFO] [1788453483.035846169] [routing_decision_node]: {"id": 4, "route": "recompounding_raw_material", "confidence": 0.9755070805549622, "surface_class": "sidewall", "bbox": [157, 1, 203, 238], "reason": "passenger:sidewall"}
[routing_node-6] [INFO] [1788453483.036342623] [routing_decision_node]: {"id": 5, "route": "devulcanization_cbr", "confidence": 0.735285758972168, "surface_class": "sidewall", "bbox": [158, 153, 173, 182], "reason": "otr_mining:sidewall"}
[routing_node-6] [INFO] [1788453483.036728998] [routing_decision_node]: {"id": 6, "route": "bypass_reject", "confidence": 0.49901512265205383, "surface_class": "tread", "bbox": [122, 173, 161, 236], "reason": "classification_below_threshold"}
[routing_node-6] [INFO] [1788453483.081509125] [routing_decision_node]: {"id": 3, "route": "bypass_reject", "confidence": 0.5516391396522522, "surface_class": "tread", "bbox": [140, 97, 162, 134], "reason": "classification_below_threshold"}
[routing_node-6] [INFO] [1788453483.081897464] [routing_decision_node]: {"id": 4, "route": "recompounding_raw_material", "confidence": 0.9755070805549622, "surface_class": "sidewall", "bbox": [157, 1, 203, 238], "reason": "passenger:sidewall"}
[routing_node-6] [INFO] [1788453483.082257926] [routing_decision_node]: {"id": 5, "route": "devulcanization_cbr", "confidence": 0.735285758972168, "surface_class": "sidewall", "bbox": [158, 152, 174, 182], "reason": "otr_mining:sidewall"}
[routing_node-6] [INFO] [1788453483.082577341] [routing_decision_node]: {"id": 6, "route": "bypass_reject", "confidence": 0.49901512265205383, "surface_class": "tread", "bbox": [122, 172, 161, 235], "reason": "classification_below_threshold"}
[routing_node-6] [INFO] [1788453483.126882562] [routing_decision_node]: {"id": 3, "route": "bypass_reject", "confidence": 0.4831741154193878, "surface_class": "tread", "bbox": [140, 96, 162, 134], "reason": "classification_below_threshold"}
[routing_node-6] [INFO] [1788453483.127381717] [routing_decision_node]: {"id": 4, "route": "recompounding_raw_material", "confidence": 0.932135820388794, "surface_class": "tread", "bbox": [157, 115, 197, 152], "reason": "passenger:tread"}
[routing_node-6] [INFO] [1788453483.128054369] [routing_decision_node]: {"id": 5, "route": "devulcanization_cbr", "confidence": 0.8106300234794617, "surface_class": "sidewall", "bbox": [158, 152, 174, 182], "reason": "otr_mining:sidewall"}
[routing_node-6] [INFO] [1788453483.129821977] [routing_decision_node]: {"id": 6, "route": "bypass_reject", "confidence": 0.44449737668037415, "surface_class": "tread", "bbox": [122, 172, 161, 235], "reason": "classification_below_threshold"}
[routing_node-6] [INFO] [1788453483.178118416] [routing_decision_node]: {"id": 3, "route": "bypass_reject", "confidence": 0.4831741154193878, "surface_class": "tread", "bbox": [140, 96, 162, 134], "reason": "classification_below_threshold"}
[routing_node-6] [INFO] [1788453483.178513834] [routing_decision_node]: {"id": 4, "route": "recompounding_raw_material", "confidence": 0.932135820388794, "surface_class": "tread", "bbox": [157, 115, 197, 152], "reason": "passenger:tread"}
[routing_node-6] [INFO] [1788453483.178903794] [routing_decision_node]: {"id": 5, "route": "devulcanization_cbr", "confidence": 0.8106300234794617, "surface_class": "sidewall", "bbox": [159, 152, 174, 182], "reason": "otr_mining:sidewall"}
[routing_node-6] [INFO] [1788453483.179251183] [routing_decision_node]: {"id": 6, "route": "bypass_reject", "confidence": 0.44449737668037415, "surface_class": "tread", "bbox": [122, 172, 161, 235], "reason": "classification_below_threshold"}
[routing_node-6] [INFO] [1788453483.221528329] [routing_decision_node]: {"id": 3, "route": "bypass_reject", "confidence": 0.5837226510047913, "surface_class": "tread", "bbox": [140, 96, 162, 134], "reason": "classification_below_threshold"}
[routing_node-6] [INFO] [1788453483.221952005] [routing_decision_node]: {"id": 4, "route": "recompounding_raw_material", "confidence": 0.955712616443634, "surface_class": "tread", "bbox": [157, 115, 197, 153], "reason": "passenger:tread"}
[routing_node-6] [INFO] [1788453483.222280504] [routing_decision_node]: {"id": 5, "route": "devulcanization_cbr", "confidence": 0.9004262089729309, "surface_class": "sidewall", "bbox": [159, 151, 173, 182], "reason": "otr_mining:sidewall"}
[routing_node-6] [INFO] [1788453483.222594773] [routing_decision_node]: {"id": 6, "route": "bypass_reject", "confidence": 0.466280072927475, "surface_class": "tread", "bbox": [122, 172, 161, 235], "reason": "classification_below_threshold"}
[routing_node-6] [INFO] [1788453483.267080937] [routing_decision_node]: {"id": 3, "route": "bypass_reject", "confidence": 0.5837226510047913, "surface_class": "tread", "bbox": [140, 96, 162, 133], "reason": "classification_below_threshold"}
[routing_node-6] [INFO] [1788453483.267457715] [routing_decision_node]: {"id": 4, "route": "recompounding_raw_material", "confidence": 0.955712616443634, "surface_class": "sidewall", "bbox": [156, 1, 203, 238], "reason": "passenger:sidewall"}
[routing_node-6] [INFO] [1788453483.267838505] [routing_decision_node]: {"id": 5, "route": "devulcanization_cbr", "confidence": 0.9004262089729309, "surface_class": "sidewall", "bbox": [158, 151, 173, 182], "reason": "otr_mining:sidewall"}
[routing_node-6] [INFO] [1788453483.268187816] [routing_decision_node]: {"id": 6, "route": "bypass_reject", "confidence": 0.466280072927475, "surface_class": "tread", "bbox": [122, 172, 161, 235], "reason": "classification_below_threshold"}
[routing_node-6] [INFO] [1788453483.310979717] [routing_decision_node]: {"id": 3, "route": "bypass_reject", "confidence": 0.5837226510047913, "surface_class": "tread", "bbox": [140, 96, 162, 133], "reason": "classification_below_threshold"}
[routing_node-6] [INFO] [1788453483.311476059] [routing_decision_node]: {"id": 4, "route": "recompounding_raw_material", "confidence": 0.955712616443634, "surface_class": "sidewall", "bbox": [156, 1, 203, 238], "reason": "passenger:sidewall"}
[routing_node-6] [INFO] [1788453483.311850053] [routing_decision_node]: {"id": 5, "route": "devulcanization_cbr", "confidence": 0.9004262089729309, "surface_class": "sidewall", "bbox": [158, 151, 173, 181], "reason": "otr_mining:sidewall"}
[routing_node-6] [INFO] [1788453483.312211779] [routing_decision_node]: {"id": 6, "route": "bypass_reject", "confidence": 0.466280072927475, "surface_class": "tread", "bbox": [122, 172, 161, 235], "reason": "classification_below_threshold"}
[routing_node-6] [INFO] [1788453483.354846996] [routing_decision_node]: {"id": 3, "route": "bypass_reject", "confidence": 0.48358964920043945, "surface_class": "tread", "bbox": [140, 96, 162, 133], "reason": "classification_below_threshold"}
[routing_node-6] [INFO] [1788453483.355220188] [routing_decision_node]: {"id": 4, "route": "recompounding_raw_material", "confidence": 0.9745468497276306, "surface_class": "sidewall", "bbox": [157, 1, 203, 238], "reason": "passenger:sidewall"}
[routing_node-6] [INFO] [1788453483.355564185] [routing_decision_node]: {"id": 5, "route": "devulcanization_cbr", "confidence": 0.7882924675941467, "surface_class": "sidewall", "bbox": [158, 151, 173, 181], "reason": "otr_mining:sidewall"}
[routing_node-6] [INFO] [1788453483.356010607] [routing_decision_node]: {"id": 6, "route": "bypass_reject", "confidence": 0.42783883213996887, "surface_class": "tread", "bbox": [122, 172, 161, 234], "reason": "classification_below_threshold"}
[routing_node-6] [INFO] [1788453483.400929167] [routing_decision_node]: {"id": 3, "route": "bypass_reject", "confidence": 0.48358964920043945, "surface_class": "tread", "bbox": [140, 96, 162, 133], "reason": "classification_below_threshold"}
[pbvs_controller-4] [INFO] [1788453483.401306181] [pbvs_controller_node]: fragments=4 eligible=2 reachable=0 locked=no
[routing_node-6] [INFO] [1788453483.401331333] [routing_decision_node]: {"id": 4, "route": "recompounding_raw_material", "confidence": 0.9745468497276306, "surface_class": "sidewall", "bbox": [157, 1, 203, 238], "reason": "passenger:sidewall"}
[routing_node-6] [INFO] [1788453483.401683409] [routing_decision_node]: {"id": 5, "route": "devulcanization_cbr", "confidence": 0.7882924675941467, "surface_class": "sidewall", "bbox": [158, 151, 173, 181], "reason": "otr_mining:sidewall"}
[routing_node-6] [INFO] [1788453483.402057504] [routing_decision_node]: {"id": 6, "route": "bypass_reject", "confidence": 0.42783883213996887, "surface_class": "tread", "bbox": [122, 171, 161, 234], "reason": "classification_below_threshold"}
[routing_node-6] [INFO] [1788453483.443723153] [routing_decision_node]: {"id": 3, "route": "bypass_reject", "confidence": 0.5800490379333496, "surface_class": "tread", "bbox": [140, 95, 162, 133], "reason": "classification_below_threshold"}
[routing_node-6] [INFO] [1788453483.444191277] [routing_decision_node]: {"id": 4, "route": "recompounding_raw_material", "confidence": 0.896609365940094, "surface_class": "tread", "bbox": [157, 114, 197, 151], "reason": "passenger:tread"}
[routing_node-6] [INFO] [1788453483.444524227] [routing_decision_node]: {"id": 5, "route": "devulcanization_cbr", "confidence": 0.7552335858345032, "surface_class": "sidewall", "bbox": [158, 151, 174, 181], "reason": "otr_mining:sidewall"}
[routing_node-6] [INFO] [1788453483.444878417] [routing_decision_node]: {"id": 6, "route": "bypass_reject", "confidence": 0.5588290691375732, "surface_class": "tread", "bbox": [122, 171, 161, 234], "reason": "classification_below_threshold"}
[routing_node-6] [INFO] [1788453483.490246343] [routing_decision_node]: {"id": 3, "route": "bypass_reject", "confidence": 0.5800490379333496, "surface_class": "tread", "bbox": [140, 95, 162, 133], "reason": "classification_below_threshold"}
[routing_node-6] [INFO] [1788453483.490652175] [routing_decision_node]: {"id": 4, "route": "recompounding_raw_material", "confidence": 0.896609365940094, "surface_class": "tread", "bbox": [157, 114, 197, 151], "reason": "passenger:tread"}
[routing_node-6] [INFO] [1788453483.491050635] [routing_decision_node]: {"id": 5, "route": "devulcanization_cbr", "confidence": 0.7552335858345032, "surface_class": "sidewall", "bbox": [159, 151, 174, 181], "reason": "otr_mining:sidewall"}
[routing_node-6] [INFO] [1788453483.491547006] [routing_decision_node]: {"id": 6, "route": "bypass_reject", "confidence": 0.5588290691375732, "surface_class": "tread", "bbox": [122, 171, 161, 234], "reason": "classification_below_threshold"}
[routing_node-6] [INFO] [1788453483.534792410] [routing_decision_node]: {"id": 3, "route": "bypass_reject", "confidence": 0.49901512265205383, "surface_class": "tread", "bbox": [140, 95, 162, 133], "reason": "classification_below_threshold"}
[routing_node-6] [INFO] [1788453483.535945962] [routing_decision_node]: {"id": 4, "route": "recompounding_raw_material", "confidence": 0.9811463356018066, "surface_class": "sidewall", "bbox": [157, 1, 203, 238], "reason": "passenger:sidewall"}
[routing_node-6] [INFO] [1788453483.537943860] [routing_decision_node]: {"id": 5, "route": "devulcanization_cbr", "confidence": 0.8267025947570801, "surface_class": "sidewall", "bbox": [158, 150, 173, 181], "reason": "otr_mining:sidewall"}
[routing_node-6] [INFO] [1788453483.538577755] [routing_decision_node]: {"id": 6, "route": "bypass_reject", "confidence": 0.4093473553657532, "surface_class": "tread", "bbox": [122, 171, 161, 234], "reason": "classification_below_threshold"}
[routing_node-6] [INFO] [1788453483.582275713] [routing_decision_node]: {"id": 3, "route": "bypass_reject", "confidence": 0.49901512265205383, "surface_class": "tread", "bbox": [140, 95, 162, 132], "reason": "classification_below_threshold"}
[routing_node-6] [INFO] [1788453483.583034990] [routing_decision_node]: {"id": 4, "route": "recompounding_raw_material", "confidence": 0.9811463356018066, "surface_class": "sidewall", "bbox": [156, 1, 203, 238], "reason": "passenger:sidewall"}
[routing_node-6] [INFO] [1788453483.583383177] [routing_decision_node]: {"id": 5, "route": "devulcanization_cbr", "confidence": 0.8267025947570801, "surface_class": "sidewall", "bbox": [158, 150, 173, 181], "reason": "otr_mining:sidewall"}
[routing_node-6] [INFO] [1788453483.583750092] [routing_decision_node]: {"id": 6, "route": "bypass_reject", "confidence": 0.4093473553657532, "surface_class": "tread", "bbox": [122, 171, 161, 234], "reason": "classification_below_threshold"}
[routing_node-6] [INFO] [1788453483.629650702] [routing_decision_node]: {"id": 3, "route": "bypass_reject", "confidence": 0.44449737668037415, "surface_class": "tread", "bbox": [140, 95, 162, 132], "reason": "classification_below_threshold"}
[routing_node-6] [INFO] [1788453483.630140988] [routing_decision_node]: {"id": 4, "route": "recompounding_raw_material", "confidence": 0.9743844270706177, "surface_class": "sidewall", "bbox": [156, 1, 203, 238], "reason": "passenger:sidewall"}
[routing_node-6] [INFO] [1788453483.630597452] [routing_decision_node]: {"id": 5, "route": "devulcanization_cbr", "confidence": 0.9350780844688416, "surface_class": "sidewall", "bbox": [158, 150, 173, 180], "reason": "otr_mining:sidewall"}
[routing_node-6] [INFO] [1788453483.631560860] [routing_decision_node]: {"id": 6, "route": "bypass_reject", "confidence": 0.6472935676574707, "surface_class": "tread", "bbox": [122, 171, 161, 234], "reason": "classification_below_threshold"}
[routing_node-6] [INFO] [1788453483.679005069] [routing_decision_node]: {"id": 3, "route": "bypass_reject", "confidence": 0.44449737668037415, "surface_class": "tread", "bbox": [140, 95, 162, 132], "reason": "classification_below_threshold"}
[routing_node-6] [INFO] [1788453483.679464685] [routing_decision_node]: {"id": 4, "route": "recompounding_raw_material", "confidence": 0.9743844270706177, "surface_class": "sidewall", "bbox": [157, 1, 203, 238], "reason": "passenger:sidewall"}
[routing_node-6] [INFO] [1788453483.679826947] [routing_decision_node]: {"id": 5, "route": "devulcanization_cbr", "confidence": 0.9350780844688416, "surface_class": "sidewall", "bbox": [158, 150, 173, 180], "reason": "otr_mining:sidewall"}
[routing_node-6] [INFO] [1788453483.680171917] [routing_decision_node]: {"id": 6, "route": "bypass_reject", "confidence": 0.6472935676574707, "surface_class": "tread", "bbox": [122, 171, 161, 233], "reason": "classification_below_threshold"}
[routing_node-6] [INFO] [1788453483.723206733] [routing_decision_node]: {"id": 3, "route": "bypass_reject", "confidence": 0.466280072927475, "surface_class": "tread", "bbox": [140, 95, 162, 132], "reason": "classification_below_threshold"}
[routing_node-6] [INFO] [1788453483.723880365] [routing_decision_node]: {"id": 4, "route": "recompounding_raw_material", "confidence": 0.9711976647377014, "surface_class": "sidewall", "bbox": [157, 1, 203, 238], "reason": "passenger:sidewall"}
[routing_node-6] [INFO] [1788453483.724436852] [routing_decision_node]: {"id": 5, "route": "devulcanization_cbr", "confidence": 0.8588390946388245, "surface_class": "sidewall", "bbox": [158, 150, 174, 180], "reason": "otr_mining:sidewall"}
[routing_node-6] [INFO] [1788453483.725058446] [routing_decision_node]: {"id": 6, "route": "bypass_reject", "confidence": 0.463558167219162, "surface_class": "tread", "bbox": [122, 170, 161, 233], "reason": "classification_below_threshold"}
[routing_node-6] [INFO] [1788453483.770356049] [routing_decision_node]: {"id": 3, "route": "bypass_reject", "confidence": 0.466280072927475, "surface_class": "tread", "bbox": [140, 94, 162, 132], "reason": "classification_below_threshold"}
[routing_node-6] [INFO] [1788453483.770693062] [routing_decision_node]: {"id": 4, "route": "recompounding_raw_material", "confidence": 0.9711976647377014, "surface_class": "tread", "bbox": [157, 113, 197, 150], "reason": "passenger:tread"}
[routing_node-6] [INFO] [1788453483.771041853] [routing_decision_node]: {"id": 5, "route": "devulcanization_cbr", "confidence": 0.8588390946388245, "surface_class": "sidewall", "bbox": [159, 150, 174, 180], "reason": "otr_mining:sidewall"}
[routing_node-6] [INFO] [1788453483.771647068] [routing_decision_node]: {"id": 6, "route": "bypass_reject", "confidence": 0.463558167219162, "surface_class": "tread", "bbox": [122, 170, 161, 233], "reason": "classification_below_threshold"}
[routing_node-6] [INFO] [1788453483.812361698] [routing_decision_node]: {"id": 3, "route": "bypass_reject", "confidence": 0.466280072927475, "surface_class": "tread", "bbox": [140, 94, 162, 132], "reason": "classification_below_threshold"}
[routing_node-6] [INFO] [1788453483.812804937] [routing_decision_node]: {"id": 4, "route": "recompounding_raw_material", "confidence": 0.9711976647377014, "surface_class": "sidewall", "bbox": [157, 1, 203, 238], "reason": "passenger:sidewall"}
[routing_node-6] [INFO] [1788453483.813199690] [routing_decision_node]: {"id": 5, "route": "devulcanization_cbr", "confidence": 0.8588390946388245, "surface_class": "sidewall", "bbox": [159, 150, 174, 180], "reason": "otr_mining:sidewall"}
[routing_node-6] [INFO] [1788453483.813524226] [routing_decision_node]: {"id": 6, "route": "bypass_reject", "confidence": 0.463558167219162, "surface_class": "tread", "bbox": [122, 170, 161, 233], "reason": "classification_below_threshold"}
[routing_node-6] [INFO] [1788453483.853229431] [routing_decision_node]: {"id": 3, "route": "bypass_reject", "confidence": 0.42783883213996887, "surface_class": "tread", "bbox": [140, 94, 162, 132], "reason": "classification_below_threshold"}
[routing_node-6] [INFO] [1788453483.853826235] [routing_decision_node]: {"id": 4, "route": "recompounding_raw_material", "confidence": 0.9370728731155396, "surface_class": "sidewall", "bbox": [156, 1, 203, 238], "reason": "passenger:sidewall"}
[routing_node-6] [INFO] [1788453483.855846015] [routing_decision_node]: {"id": 5, "route": "devulcanization_cbr", "confidence": 0.9235454797744751, "surface_class": "sidewall", "bbox": [158, 149, 174, 180], "reason": "otr_mining:sidewall"}
[routing_node-6] [INFO] [1788453483.857182939] [routing_decision_node]: {"id": 6, "route": "bypass_reject", "confidence": 0.5432837009429932, "surface_class": "tread", "bbox": [122, 170, 161, 233], "reason": "classification_below_threshold"}
[routing_node-6] [INFO] [1788453483.897238775] [routing_decision_node]: {"id": 3, "route": "bypass_reject", "confidence": 0.42783883213996887, "surface_class": "tread", "bbox": [140, 94, 162, 131], "reason": "classification_below_threshold"}
[routing_node-6] [INFO] [1788453483.897605614] [routing_decision_node]: {"id": 4, "route": "recompounding_raw_material", "confidence": 0.9370728731155396, "surface_class": "sidewall", "bbox": [156, 1, 203, 238], "reason": "passenger:sidewall"}
[routing_node-6] [INFO] [1788453483.898044006] [routing_decision_node]: {"id": 5, "route": "devulcanization_cbr", "confidence": 0.9235454797744751, "surface_class": "sidewall", "bbox": [158, 149, 173, 180], "reason": "otr_mining:sidewall"}
[routing_node-6] [INFO] [1788453483.898490195] [routing_decision_node]: {"id": 6, "route": "bypass_reject", "confidence": 0.5432837009429932, "surface_class": "tread", "bbox": [122, 170, 161, 233], "reason": "classification_below_threshold"}
[routing_node-6] [INFO] [1788453483.948632729] [routing_decision_node]: {"id": 3, "route": "bypass_reject", "confidence": 0.5588290691375732, "surface_class": "tread", "bbox": [140, 94, 162, 131], "reason": "classification_below_threshold"}
[routing_node-6] [INFO] [1788453483.949115217] [routing_decision_node]: {"id": 4, "route": "recompounding_raw_material", "confidence": 0.9881892204284668, "surface_class": "sidewall", "bbox": [156, 1, 203, 238], "reason": "passenger:sidewall"}
[routing_node-6] [INFO] [1788453483.949527411] [routing_decision_node]: {"id": 5, "route": "devulcanization_cbr", "confidence": 0.7432530522346497, "surface_class": "sidewall", "bbox": [158, 149, 173, 179], "reason": "otr_mining:sidewall"}
[routing_node-6] [INFO] [1788453483.950160051] [routing_decision_node]: {"id": 6, "route": "bypass_reject", "confidence": 0.5751597881317139, "surface_class": "tread", "bbox": [122, 170, 161, 233], "reason": "classification_below_threshold"}
[routing_node-6] [INFO] [1788453483.992111176] [routing_decision_node]: {"id": 3, "route": "bypass_reject", "confidence": 0.5588290691375732, "surface_class": "tread", "bbox": [140, 94, 162, 131], "reason": "classification_below_threshold"}
[routing_node-6] [INFO] [1788453483.992595463] [routing_decision_node]: {"id": 4, "route": "recompounding_raw_material", "confidence": 0.9881892204284668, "surface_class": "sidewall", "bbox": [157, 1, 203, 238], "reason": "passenger:sidewall"}
[routing_node-6] [INFO] [1788453483.992957425] [routing_decision_node]: {"id": 5, "route": "devulcanization_cbr", "confidence": 0.7432530522346497, "surface_class": "sidewall", "bbox": [158, 149, 173, 179], "reason": "otr_mining:sidewall"}
[routing_node-6] [INFO] [1788453483.993299401] [routing_decision_node]: {"id": 6, "route": "bypass_reject", "confidence": 0.5751597881317139, "surface_class": "tread", "bbox": [122, 170, 161, 233], "reason": "classification_below_threshold"}
[routing_node-6] [INFO] [1788453484.037539029] [routing_decision_node]: {"id": 3, "route": "bypass_reject", "confidence": 0.4093473553657532, "surface_class": "tread", "bbox": [140, 94, 162, 131], "reason": "classification_below_threshold"}
[routing_node-6] [INFO] [1788453484.038045596] [routing_decision_node]: {"id": 4, "route": "recompounding_raw_material", "confidence": 0.9259530901908875, "surface_class": "sidewall", "bbox": [157, 1, 203, 238], "reason": "passenger:sidewall"}
[routing_node-6] [INFO] [1788453484.038400174] [routing_decision_node]: {"id": 5, "route": "devulcanization_cbr", "confidence": 0.8122305274009705, "surface_class": "sidewall", "bbox": [158, 149, 173, 179], "reason": "otr_mining:sidewall"}
[routing_node-6] [INFO] [1788453484.038731369] [routing_decision_node]: {"id": 6, "route": "bypass_reject", "confidence": 0.6337518692016602, "surface_class": "tread", "bbox": [122, 169, 161, 232], "reason": "classification_below_threshold"}
[routing_node-6] [INFO] [1788453484.077305106] [routing_decision_node]: {"id": 3, "route": "bypass_reject", "confidence": 0.4093473553657532, "surface_class": "tread", "bbox": [140, 93, 162, 131], "reason": "classification_below_threshold"}
[routing_node-6] [INFO] [1788453484.077670747] [routing_decision_node]: {"id": 4, "route": "recompounding_raw_material", "confidence": 0.9259530901908875, "surface_class": "tread", "bbox": [157, 112, 197, 149], "reason": "passenger:tread"}
[routing_node-6] [INFO] [1788453484.078129946] [routing_decision_node]: {"id": 5, "route": "devulcanization_cbr", "confidence": 0.8122305274009705, "surface_class": "sidewall", "bbox": [159, 149, 174, 179], "reason": "otr_mining:sidewall"}
[routing_node-6] [INFO] [1788453484.078554998] [routing_decision_node]: {"id": 6, "route": "bypass_reject", "confidence": 0.6337518692016602, "surface_class": "tread", "bbox": [122, 169, 161, 232], "reason": "classification_below_threshold"}
[routing_node-6] [INFO] [1788453484.118735043] [routing_decision_node]: {"id": 3, "route": "bypass_reject", "confidence": 0.6472935676574707, "surface_class": "tread", "bbox": [140, 93, 162, 131], "reason": "classification_below_threshold"}
[routing_node-6] [INFO] [1788453484.120879645] [routing_decision_node]: {"id": 4, "route": "recompounding_raw_material", "confidence": 0.9738141298294067, "surface_class": "sidewall", "bbox": [157, 1, 203, 238], "reason": "passenger:sidewall"}
[routing_node-6] [INFO] [1788453484.121870038] [routing_decision_node]: {"id": 5, "route": "devulcanization_cbr", "confidence": 0.832301914691925, "surface_class": "sidewall", "bbox": [159, 149, 174, 179], "reason": "otr_mining:sidewall"}
[routing_node-6] [INFO] [1788453484.122321764] [routing_decision_node]: {"id": 6, "route": "bypass_reject", "confidence": 0.6304527521133423, "surface_class": "tread", "bbox": [122, 169, 161, 232], "reason": "classification_below_threshold"}
[routing_node-6] [INFO] [1788453484.163688655] [routing_decision_node]: {"id": 3, "route": "bypass_reject", "confidence": 0.6472935676574707, "surface_class": "tread", "bbox": [140, 93, 161, 131], "reason": "classification_below_threshold"}
[routing_node-6] [INFO] [1788453484.164554284] [routing_decision_node]: {"id": 4, "route": "recompounding_raw_material", "confidence": 0.9738141298294067, "surface_class": "sidewall", "bbox": [156, 1, 203, 238], "reason": "passenger:sidewall"}
[routing_node-6] [INFO] [1788453484.166705186] [routing_decision_node]: {"id": 5, "route": "devulcanization_cbr", "confidence": 0.832301914691925, "surface_class": "sidewall", "bbox": [158, 148, 174, 179], "reason": "otr_mining:sidewall"}
[routing_node-6] [INFO] [1788453484.167495713] [routing_decision_node]: {"id": 6, "route": "bypass_reject", "confidence": 0.6304527521133423, "surface_class": "tread", "bbox": [122, 169, 161, 232], "reason": "classification_below_threshold"}
[routing_node-6] [INFO] [1788453484.213285130] [routing_decision_node]: {"id": 3, "route": "bypass_reject", "confidence": 0.6472935676574707, "surface_class": "tread", "bbox": [140, 93, 162, 130], "reason": "classification_below_threshold"}
[routing_node-6] [INFO] [1788453484.213672194] [routing_decision_node]: {"id": 4, "route": "recompounding_raw_material", "confidence": 0.9738141298294067, "surface_class": "sidewall", "bbox": [156, 1, 203, 238], "reason": "passenger:sidewall"}
[routing_node-6] [INFO] [1788453484.214082714] [routing_decision_node]: {"id": 5, "route": "devulcanization_cbr", "confidence": 0.832301914691925, "surface_class": "sidewall", "bbox": [158, 148, 173, 179], "reason": "otr_mining:sidewall"}
[routing_node-6] [INFO] [1788453484.214403137] [routing_decision_node]: {"id": 6, "route": "bypass_reject", "confidence": 0.6304527521133423, "surface_class": "tread", "bbox": [122, 169, 161, 232], "reason": "classification_below_threshold"}
[routing_node-6] [INFO] [1788453484.256213820] [routing_decision_node]: {"id": 3, "route": "bypass_reject", "confidence": 0.463558167219162, "surface_class": "tread", "bbox": [140, 93, 162, 130], "reason": "classification_below_threshold"}
[routing_node-6] [INFO] [1788453484.256596450] [routing_decision_node]: {"id": 4, "route": "recompounding_raw_material", "confidence": 0.980111300945282, "surface_class": "sidewall", "bbox": [156, 1, 203, 238], "reason": "passenger:sidewall"}
[routing_node-6] [INFO] [1788453484.256946721] [routing_decision_node]: {"id": 5, "route": "devulcanization_cbr", "confidence": 0.8579114675521851, "surface_class": "sidewall", "bbox": [158, 148, 173, 178], "reason": "otr_mining:sidewall"}
[routing_node-6] [INFO] [1788453484.257288957] [routing_decision_node]: {"id": 6, "route": "bypass_reject", "confidence": 0.44207894802093506, "surface_class": "tread", "bbox": [122, 169, 161, 232], "reason": "classification_below_threshold"}
[routing_node-6] [INFO] [1788453484.301482995] [routing_decision_node]: {"id": 3, "route": "bypass_reject", "confidence": 0.463558167219162, "surface_class": "tread", "bbox": [140, 93, 162, 130], "reason": "classification_below_threshold"}
[routing_node-6] [INFO] [1788453484.301870912] [routing_decision_node]: {"id": 4, "route": "recompounding_raw_material", "confidence": 0.980111300945282, "surface_class": "sidewall", "bbox": [157, 1, 203, 238], "reason": "passenger:sidewall"}
[routing_node-6] [INFO] [1788453484.302251965] [routing_decision_node]: {"id": 5, "route": "devulcanization_cbr", "confidence": 0.8579114675521851, "surface_class": "sidewall", "bbox": [158, 148, 173, 178], "reason": "otr_mining:sidewall"}
[routing_node-6] [INFO] [1788453484.302592991] [routing_decision_node]: {"id": 6, "route": "bypass_reject", "confidence": 0.44207894802093506, "surface_class": "tread", "bbox": [122, 169, 161, 232], "reason": "classification_below_threshold"}
[routing_node-6] [INFO] [1788453484.346903451] [routing_decision_node]: {"id": 3, "route": "bypass_reject", "confidence": 0.5432837009429932, "surface_class": "tread", "bbox": [140, 93, 162, 130], "reason": "classification_below_threshold"}
[routing_node-6] [INFO] [1788453484.348458589] [routing_decision_node]: {"id": 4, "route": "recompounding_raw_material", "confidence": 0.9756925106048584, "surface_class": "tread", "bbox": [157, 111, 197, 150], "reason": "passenger:tread"}
[routing_node-6] [INFO] [1788453484.350584093] [routing_decision_node]: {"id": 5, "route": "devulcanization_cbr", "confidence": 0.81424880027771, "surface_class": "sidewall", "bbox": [158, 148, 173, 178], "reason": "otr_mining:sidewall"}
[routing_node-6] [INFO] [1788453484.351366889] [routing_decision_node]: {"id": 6, "route": "bypass_reject", "confidence": 0.5193711519241333, "surface_class": "tread", "bbox": [122, 168, 161, 231], "reason": "classification_below_threshold"}
[routing_node-6] [INFO] [1788453484.397923828] [routing_decision_node]: {"id": 3, "route": "bypass_reject", "confidence": 0.5432837009429932, "surface_class": "tread", "bbox": [140, 92, 162, 130], "reason": "classification_below_threshold"}
[routing_node-6] [INFO] [1788453484.398362537] [routing_decision_node]: {"id": 4, "route": "recompounding_raw_material", "confidence": 0.9756925106048584, "surface_class": "sidewall", "bbox": [157, 1, 203, 238], "reason": "passenger:sidewall"}
[routing_node-6] [INFO] [1788453484.398737254] [routing_decision_node]: {"id": 5, "route": "devulcanization_cbr", "confidence": 0.81424880027771, "surface_class": "sidewall", "bbox": [159, 148, 174, 178], "reason": "otr_mining:sidewall"}
[routing_node-6] [INFO] [1788453484.399100653] [routing_decision_node]: {"id": 6, "route": "bypass_reject", "confidence": 0.5193711519241333, "surface_class": "tread", "bbox": [122, 168, 161, 231], "reason": "classification_below_threshold"}
[routing_node-6] [INFO] [1788453484.441448432] [routing_decision_node]: {"id": 3, "route": "bypass_reject", "confidence": 0.5751597881317139, "surface_class": "tread", "bbox": [140, 92, 162, 130], "reason": "classification_below_threshold"}
[routing_node-6] [INFO] [1788453484.441806684] [routing_decision_node]: {"id": 4, "route": "recompounding_raw_material", "confidence": 0.9701255559921265, "surface_class": "sidewall", "bbox": [157, 1, 203, 238], "reason": "passenger:sidewall"}
[routing_node-6] [INFO] [1788453484.442418507] [routing_decision_node]: {"id": 5, "route": "devulcanization_cbr", "confidence": 0.8961609601974487, "surface_class": "sidewall", "bbox": [159, 148, 174, 178], "reason": "otr_mining:sidewall"}
[routing_node-6] [INFO] [1788453484.442764163] [routing_decision_node]: {"id": 6, "route": "bypass_reject", "confidence": 0.6227964758872986, "surface_class": "tread", "bbox": [122, 168, 161, 231], "reason": "classification_below_threshold"}
[routing_node-6] [INFO] [1788453484.485577892] [routing_decision_node]: {"id": 3, "route": "bypass_reject", "confidence": 0.5751597881317139, "surface_class": "tread", "bbox": [140, 92, 161, 130], "reason": "classification_below_threshold"}
[routing_node-6] [INFO] [1788453484.485983512] [routing_decision_node]: {"id": 4, "route": "recompounding_raw_material", "confidence": 0.9701255559921265, "surface_class": "sidewall", "bbox": [156, 1, 203, 238], "reason": "passenger:sidewall"}
[routing_node-6] [INFO] [1788453484.486332663] [routing_decision_node]: {"id": 5, "route": "devulcanization_cbr", "confidence": 0.8961609601974487, "surface_class": "sidewall", "bbox": [158, 147, 174, 178], "reason": "otr_mining:sidewall"}
[routing_node-6] [INFO] [1788453484.486734861] [routing_decision_node]: {"id": 6, "route": "bypass_reject", "confidence": 0.6227964758872986, "surface_class": "tread", "bbox": [122, 168, 161, 231], "reason": "classification_below_threshold"}
[routing_node-6] [INFO] [1788453484.531987827] [routing_decision_node]: {"id": 3, "route": "bypass_reject", "confidence": 0.6337518692016602, "surface_class": "tread", "bbox": [140, 92, 162, 129], "reason": "classification_below_threshold"}
[routing_node-6] [INFO] [1788453484.532384630] [routing_decision_node]: {"id": 4, "route": "recompounding_raw_material", "confidence": 0.9602631330490112, "surface_class": "sidewall", "bbox": [156, 1, 203, 238], "reason": "passenger:sidewall"}
[routing_node-6] [INFO] [1788453484.532742581] [routing_decision_node]: {"id": 5, "route": "devulcanization_cbr", "confidence": 0.9014304280281067, "surface_class": "sidewall", "bbox": [158, 147, 173, 178], "reason": "otr_mining:sidewall"}
[routing_node-6] [INFO] [1788453484.533132916] [routing_decision_node]: {"id": 6, "route": "speciality_crumb", "confidence": 0.6577239036560059, "surface_class": "tread", "bbox": [122, 168, 161, 231], "reason": "motorcycle:tread"}
[routing_node-6] [INFO] [1788453484.581643714] [routing_decision_node]: {"id": 3, "route": "bypass_reject", "confidence": 0.6337518692016602, "surface_class": "tread", "bbox": [140, 92, 162, 129], "reason": "classification_below_threshold"}
[routing_node-6] [INFO] [1788453484.582186705] [routing_decision_node]: {"id": 4, "route": "recompounding_raw_material", "confidence": 0.9602631330490112, "surface_class": "sidewall", "bbox": [156, 1, 203, 238], "reason": "passenger:sidewall"}
[routing_node-6] [INFO] [1788453484.582539442] [routing_decision_node]: {"id": 5, "route": "recompounding_raw_material", "confidence": 0.9837737083435059, "surface_class": "sidewall", "bbox": [158, 147, 174, 150], "reason": "passenger:sidewall"}
[routing_node-6] [INFO] [1788453484.582916244] [routing_decision_node]: {"id": 6, "route": "devulcanization_cbr", "confidence": 0.9014304280281067, "surface_class": "sidewall", "bbox": [159, 151, 173, 177], "reason": "otr_mining:sidewall"}
[routing_node-6] [INFO] [1788453484.583274930] [routing_decision_node]: {"id": 7, "route": "speciality_crumb", "confidence": 0.6577239036560059, "surface_class": "tread", "bbox": [122, 168, 161, 231], "reason": "motorcycle:tread"}
[routing_node-6] [INFO] [1788453484.632114259] [routing_decision_node]: {"id": 3, "route": "bypass_reject", "confidence": 0.6304527521133423, "surface_class": "tread", "bbox": [140, 92, 162, 129], "reason": "classification_below_threshold"}
[routing_node-6] [INFO] [1788453484.632712437] [routing_decision_node]: {"id": 4, "route": "recompounding_raw_material", "confidence": 0.9830535054206848, "surface_class": "sidewall", "bbox": [156, 1, 203, 238], "reason": "passenger:sidewall"}
[routing_node-6] [INFO] [1788453484.633139503] [routing_decision_node]: {"id": 5, "route": "devulcanization_cbr", "confidence": 0.8718475699424744, "surface_class": "sidewall", "bbox": [158, 147, 173, 177], "reason": "otr_mining:sidewall"}
[routing_node-6] [INFO] [1788453484.633500193] [routing_decision_node]: {"id": 6, "route": "bypass_reject", "confidence": 0.5238296985626221, "surface_class": "tread", "bbox": [122, 168, 161, 231], "reason": "classification_below_threshold"}
[routing_node-6] [INFO] [1788453484.681606242] [routing_decision_node]: {"id": 3, "route": "bypass_reject", "confidence": 0.6304527521133423, "surface_class": "tread", "bbox": [140, 92, 162, 129], "reason": "classification_below_threshold"}
[routing_node-6] [INFO] [1788453484.682245638] [routing_decision_node]: {"id": 4, "route": "recompounding_raw_material", "confidence": 0.9830535054206848, "surface_class": "tread", "bbox": [157, 110, 197, 149], "reason": "passenger:tread"}
[routing_node-6] [INFO] [1788453484.682847983] [routing_decision_node]: {"id": 5, "route": "devulcanization_cbr", "confidence": 0.8718475699424744, "surface_class": "sidewall", "bbox": [158, 147, 173, 177], "reason": "otr_mining:sidewall"}
[routing_node-6] [INFO] [1788453484.683265304] [routing_decision_node]: {"id": 6, "route": "bypass_reject", "confidence": 0.5238296985626221, "surface_class": "tread", "bbox": [122, 167, 161, 230], "reason": "classification_below_threshold"}
[routing_node-6] [INFO] [1788453484.731556994] [routing_decision_node]: {"id": 3, "route": "bypass_reject", "confidence": 0.44207894802093506, "surface_class": "tread", "bbox": [140, 91, 162, 129], "reason": "classification_below_threshold"}
[routing_node-6] [INFO] [1788453484.732082847] [routing_decision_node]: {"id": 4, "route": "recompounding_raw_material", "confidence": 0.9463676810264587, "surface_class": "sidewall", "bbox": [157, 1, 203, 238], "reason": "passenger:sidewall"}
[routing_node-6] [INFO] [1788453484.732459535] [routing_decision_node]: {"id": 5, "route": "devulcanization_cbr", "confidence": 0.8578725457191467, "surface_class": "sidewall", "bbox": [159, 147, 174, 177], "reason": "otr_mining:sidewall"}
[routing_node-6] [INFO] [1788453484.732826871] [routing_decision_node]: {"id": 6, "route": "bypass_reject", "confidence": 0.4369201362133026, "surface_class": "tread", "bbox": [122, 167, 161, 230], "reason": "classification_below_threshold"}
[routing_node-6] [INFO] [1788453484.776952638] [routing_decision_node]: {"id": 3, "route": "bypass_reject", "confidence": 0.44207894802093506, "surface_class": "tread", "bbox": [140, 91, 162, 129], "reason": "classification_below_threshold"}
[routing_node-6] [INFO] [1788453484.777349404] [routing_decision_node]: {"id": 4, "route": "recompounding_raw_material", "confidence": 0.9463676810264587, "surface_class": "sidewall", "bbox": [157, 1, 203, 238], "reason": "passenger:sidewall"}
[routing_node-6] [INFO] [1788453484.777689493] [routing_decision_node]: {"id": 5, "route": "devulcanization_cbr", "confidence": 0.8578725457191467, "surface_class": "sidewall", "bbox": [159, 147, 174, 177], "reason": "otr_mining:sidewall"}
[routing_node-6] [INFO] [1788453484.778044818] [routing_decision_node]: {"id": 6, "route": "bypass_reject", "confidence": 0.4369201362133026, "surface_class": "tread", "bbox": [122, 167, 161, 230], "reason": "classification_below_threshold"}
[routing_node-6] [INFO] [1788453484.822329019] [routing_decision_node]: {"id": 3, "route": "bypass_reject", "confidence": 0.44207894802093506, "surface_class": "tread", "bbox": [140, 91, 161, 129], "reason": "classification_below_threshold"}
[routing_node-6] [INFO] [1788453484.822684767] [routing_decision_node]: {"id": 4, "route": "recompounding_raw_material", "confidence": 0.9561744332313538, "surface_class": "sidewall", "bbox": [156, 1, 203, 238], "reason": "passenger:sidewall"}
[routing_node-6] [INFO] [1788453484.823055254] [routing_decision_node]: {"id": 5, "route": "devulcanization_cbr", "confidence": 0.7752938270568848, "surface_class": "sidewall", "bbox": [158, 146, 173, 177], "reason": "otr_mining:sidewall"}
[routing_node-6] [INFO] [1788453484.823426314] [routing_decision_node]: {"id": 6, "route": "bypass_reject", "confidence": 0.4567631185054779, "surface_class": "tread", "bbox": [122, 167, 161, 230], "reason": "classification_below_threshold"}
[routing_node-6] [INFO] [1788453484.869251697] [routing_decision_node]: {"id": 3, "route": "bypass_reject", "confidence": 0.5193711519241333, "surface_class": "tread", "bbox": [140, 91, 162, 128], "reason": "classification_below_threshold"}
[routing_node-6] [INFO] [1788453484.870032674] [routing_decision_node]: {"id": 4, "route": "recompounding_raw_material", "confidence": 0.9561744332313538, "surface_class": "sidewall", "bbox": [156, 1, 203, 238], "reason": "passenger:sidewall"}
[routing_node-6] [INFO] [1788453484.872292846] [routing_decision_node]: {"id": 5, "route": "devulcanization_cbr", "confidence": 0.7752938270568848, "surface_class": "sidewall", "bbox": [158, 146, 173, 177], "reason": "otr_mining:sidewall"}
[routing_node-6] [INFO] [1788453484.873092473] [routing_decision_node]: {"id": 6, "route": "bypass_reject", "confidence": 0.4567631185054779, "surface_class": "tread", "bbox": [122, 167, 161, 230], "reason": "classification_below_threshold"}
[routing_node-6] [INFO] [1788453484.918138943] [routing_decision_node]: {"id": 3, "route": "bypass_reject", "confidence": 0.5193711519241333, "surface_class": "tread", "bbox": [140, 91, 162, 128], "reason": "classification_below_threshold"}
[routing_node-6] [INFO] [1788453484.918667624] [routing_decision_node]: {"id": 4, "route": "recompounding_raw_material", "confidence": 0.9561744332313538, "surface_class": "sidewall", "bbox": [156, 1, 203, 238], "reason": "passenger:sidewall"}
[routing_node-6] [INFO] [1788453484.919165032] [routing_decision_node]: {"id": 5, "route": "bypass_reject", "confidence": 0.4140479564666748, "surface_class": "tread", "bbox": [122, 167, 161, 230], "reason": "classification_below_threshold"}
[routing_node-6] [INFO] [1788453484.963937031] [routing_decision_node]: {"id": 3, "route": "bypass_reject", "confidence": 0.6227964758872986, "surface_class": "tread", "bbox": [140, 91, 162, 128], "reason": "classification_below_threshold"}
[routing_node-6] [INFO] [1788453484.966710639] [routing_decision_node]: {"id": 4, "route": "recompounding_raw_material", "confidence": 0.9511564373970032, "surface_class": "sidewall", "bbox": [156, 1, 203, 238], "reason": "passenger:sidewall"}
[routing_node-6] [INFO] [1788453484.967587079] [routing_decision_node]: {"id": 5, "route": "devulcanization_cbr", "confidence": 0.910399317741394, "surface_class": "sidewall", "bbox": [158, 146, 173, 176], "reason": "otr_mining:sidewall"}
[routing_node-6] [INFO] [1788453484.968198173] [routing_decision_node]: {"id": 6, "route": "bypass_reject", "confidence": 0.4140479564666748, "surface_class": "tread", "bbox": [122, 167, 161, 230], "reason": "classification_below_threshold"}
[routing_node-6] [INFO] [1788453485.012315821] [routing_decision_node]: {"id": 3, "route": "bypass_reject", "confidence": 0.6227964758872986, "surface_class": "tread", "bbox": [140, 91, 162, 128], "reason": "classification_below_threshold"}
[routing_node-6] [INFO] [1788453485.012907379] [routing_decision_node]: {"id": 4, "route": "recompounding_raw_material", "confidence": 0.9511564373970032, "surface_class": "sidewall", "bbox": [157, 1, 203, 238], "reason": "passenger:sidewall"}
[routing_node-6] [INFO] [1788453485.013324239] [routing_decision_node]: {"id": 5, "route": "devulcanization_cbr", "confidence": 0.910399317741394, "surface_class": "sidewall", "bbox": [159, 146, 173, 176], "reason": "otr_mining:sidewall"}
[routing_node-6] [INFO] [1788453485.013688179] [routing_decision_node]: {"id": 6, "route": "bypass_reject", "confidence": 0.4140479564666748, "surface_class": "tread", "bbox": [122, 166, 161, 229], "reason": "classification_below_threshold"}
[routing_node-6] [INFO] [1788453485.059863720] [routing_decision_node]: {"id": 3, "route": "speciality_crumb", "confidence": 0.6577239036560059, "surface_class": "tread", "bbox": [140, 90, 162, 128], "reason": "motorcycle:tread"}
[routing_node-6] [INFO] [1788453485.061996106] [routing_decision_node]: {"id": 4, "route": "recompounding_raw_material", "confidence": 0.9822102785110474, "surface_class": "sidewall", "bbox": [157, 1, 203, 238], "reason": "passenger:sidewall"}
[routing_node-6] [INFO] [1788453485.062642637] [routing_decision_node]: {"id": 5, "route": "devulcanization_cbr", "confidence": 0.9164544343948364, "surface_class": "sidewall", "bbox": [159, 146, 174, 176], "reason": "otr_mining:sidewall"}
[routing_node-6] [INFO] [1788453485.063209984] [routing_decision_node]: {"id": 6, "route": "bypass_reject", "confidence": 0.4991130530834198, "surface_class": "tread", "bbox": [122, 166, 161, 229], "reason": "classification_below_threshold"}
[routing_node-6] [INFO] [1788453485.105316556] [routing_decision_node]: {"id": 3, "route": "speciality_crumb", "confidence": 0.6577239036560059, "surface_class": "tread", "bbox": [140, 90, 162, 128], "reason": "motorcycle:tread"}
[routing_node-6] [INFO] [1788453485.106369789] [routing_decision_node]: {"id": 4, "route": "recompounding_raw_material", "confidence": 0.9822102785110474, "surface_class": "sidewall", "bbox": [157, 1, 203, 238], "reason": "passenger:sidewall"}
[routing_node-6] [INFO] [1788453485.108336141] [routing_decision_node]: {"id": 5, "route": "devulcanization_cbr", "confidence": 0.9164544343948364, "surface_class": "sidewall", "bbox": [158, 146, 174, 176], "reason": "otr_mining:sidewall"}
[routing_node-6] [INFO] [1788453485.109061374] [routing_decision_node]: {"id": 6, "route": "bypass_reject", "confidence": 0.4991130530834198, "surface_class": "tread", "bbox": [122, 166, 161, 229], "reason": "classification_below_threshold"}
[routing_node-6] [INFO] [1788453485.155221460] [routing_decision_node]: {"id": 3, "route": "bypass_reject", "confidence": 0.5238296985626221, "surface_class": "tread", "bbox": [140, 90, 161, 128], "reason": "classification_below_threshold"}
[routing_node-6] [INFO] [1788453485.155809755] [routing_decision_node]: {"id": 4, "route": "recompounding_raw_material", "confidence": 0.9460321664810181, "surface_class": "sidewall", "bbox": [156, 1, 203, 238], "reason": "passenger:sidewall"}
[routing_node-6] [INFO] [1788453485.156329093] [routing_decision_node]: {"id": 5, "route": "devulcanization_cbr", "confidence": 0.8471404314041138, "surface_class": "sidewall", "bbox": [158, 145, 173, 176], "reason": "otr_mining:sidewall"}
[routing_node-6] [INFO] [1788453485.156964348] [routing_decision_node]: {"id": 6, "route": "bypass_reject", "confidence": 0.4457857012748718, "surface_class": "tread", "bbox": [122, 166, 161, 229], "reason": "classification_below_threshold"}
[routing_node-6] [INFO] [1788453485.197651807] [routing_decision_node]: {"id": 3, "route": "bypass_reject", "confidence": 0.5238296985626221, "surface_class": "tread", "bbox": [140, 90, 162, 127], "reason": "classification_below_threshold"}
[routing_node-6] [INFO] [1788453485.199266529] [routing_decision_node]: {"id": 4, "route": "recompounding_raw_material", "confidence": 0.9460321664810181, "surface_class": "sidewall", "bbox": [156, 1, 203, 238], "reason": "passenger:sidewall"}
[routing_node-6] [INFO] [1788453485.199844415] [routing_decision_node]: {"id": 5, "route": "devulcanization_cbr", "confidence": 0.8471404314041138, "surface_class": "sidewall", "bbox": [158, 145, 173, 176], "reason": "otr_mining:sidewall"}
[routing_node-6] [INFO] [1788453485.200421739] [routing_decision_node]: {"id": 6, "route": "bypass_reject", "confidence": 0.4457857012748718, "surface_class": "tread", "bbox": [122, 166, 161, 229], "reason": "classification_below_threshold"}
[routing_node-6] [INFO] [1788453485.245566634] [routing_decision_node]: {"id": 3, "route": "bypass_reject", "confidence": 0.4369201362133026, "surface_class": "tread", "bbox": [140, 90, 162, 127], "reason": "classification_below_threshold"}
[routing_node-6] [INFO] [1788453485.246138208] [routing_decision_node]: {"id": 4, "route": "recompounding_raw_material", "confidence": 0.9690493941307068, "surface_class": "sidewall", "bbox": [156, 1, 203, 238], "reason": "passenger:sidewall"}
[routing_node-6] [INFO] [1788453485.246613698] [routing_decision_node]: {"id": 5, "route": "bypass_reject", "confidence": 0.4789207875728607, "surface_class": "tread", "bbox": [122, 166, 161, 229], "reason": "classification_below_threshold"}
[routing_node-6] [INFO] [1788453485.286252716] [routing_decision_node]: {"id": 3, "route": "bypass_reject", "confidence": 0.4369201362133026, "surface_class": "tread", "bbox": [140, 90, 162, 127], "reason": "classification_below_threshold"}
[routing_node-6] [INFO] [1788453485.288579746] [routing_decision_node]: {"id": 4, "route": "recompounding_raw_material", "confidence": 0.9690493941307068, "surface_class": "sidewall", "bbox": [156, 1, 203, 238], "reason": "passenger:sidewall"}
[routing_node-6] [INFO] [1788453485.289752225] [routing_decision_node]: {"id": 5, "route": "devulcanization_cbr", "confidence": 0.8320392966270447, "surface_class": "sidewall", "bbox": [158, 145, 173, 175], "reason": "otr_mining:sidewall"}
[routing_node-6] [INFO] [1788453485.290523887] [routing_decision_node]: {"id": 6, "route": "bypass_reject", "confidence": 0.4789207875728607, "surface_class": "tread", "bbox": [122, 166, 161, 229], "reason": "classification_below_threshold"}
[routing_node-6] [INFO] [1788453485.337081485] [routing_decision_node]: {"id": 3, "route": "bypass_reject", "confidence": 0.4567631185054779, "surface_class": "tread", "bbox": [140, 90, 162, 127], "reason": "classification_below_threshold"}
[routing_node-6] [INFO] [1788453485.337678833] [routing_decision_node]: {"id": 4, "route": "recompounding_raw_material", "confidence": 0.9906327724456787, "surface_class": "sidewall", "bbox": [157, 1, 203, 238], "reason": "passenger:sidewall"}
[routing_node-6] [INFO] [1788453485.338517907] [routing_decision_node]: {"id": 5, "route": "devulcanization_cbr", "confidence": 0.8244521617889404, "surface_class": "sidewall", "bbox": [159, 145, 173, 175], "reason": "otr_mining:sidewall"}
[routing_node-6] [INFO] [1788453485.343145639] [routing_decision_node]: {"id": 6, "route": "bypass_reject", "confidence": 0.48715272545814514, "surface_class": "tread", "bbox": [122, 165, 161, 228], "reason": "classification_below_threshold"}
[routing_node-6] [INFO] [1788453485.382122953] [routing_decision_node]: {"id": 3, "route": "bypass_reject", "confidence": 0.4567631185054779, "surface_class": "tread", "bbox": [140, 89, 162, 127], "reason": "classification_below_threshold"}
[routing_node-6] [INFO] [1788453485.382720789] [routing_decision_node]: {"id": 4, "route": "recompounding_raw_material", "confidence": 0.9906327724456787, "surface_class": "sidewall", "bbox": [157, 1, 203, 238], "reason": "passenger:sidewall"}
[routing_node-6] [INFO] [1788453485.383292731] [routing_decision_node]: {"id": 5, "route": "devulcanization_cbr", "confidence": 0.8244521617889404, "surface_class": "sidewall", "bbox": [159, 145, 174, 175], "reason": "otr_mining:sidewall"}
[routing_node-6] [INFO] [1788453485.383881098] [routing_decision_node]: {"id": 6, "route": "bypass_reject", "confidence": 0.48715272545814514, "surface_class": "tread", "bbox": [122, 165, 161, 228], "reason": "classification_below_threshold"}
[routing_node-6] [INFO] [1788453485.433380000] [routing_decision_node]: {"id": 3, "route": "bypass_reject", "confidence": 0.4140479564666748, "surface_class": "tread", "bbox": [140, 89, 162, 127], "reason": "classification_below_threshold"}
[pbvs_controller-4] [INFO] [1788453485.433429940] [pbvs_controller_node]: fragments=4 eligible=2 reachable=0 locked=no
[routing_node-6] [INFO] [1788453485.434000575] [routing_decision_node]: {"id": 4, "route": "recompounding_raw_material", "confidence": 0.9714245796203613, "surface_class": "sidewall", "bbox": [157, 1, 203, 238], "reason": "passenger:sidewall"}
[routing_node-6] [INFO] [1788453485.434517481] [routing_decision_node]: {"id": 5, "route": "devulcanization_cbr", "confidence": 0.7628492116928101, "surface_class": "sidewall", "bbox": [158, 145, 174, 175], "reason": "otr_mining:sidewall"}
[routing_node-6] [INFO] [1788453485.435010618] [routing_decision_node]: {"id": 6, "route": "bypass_reject", "confidence": 0.4454672336578369, "surface_class": "tread", "bbox": [122, 165, 161, 228], "reason": "classification_below_threshold"}
[routing_node-6] [INFO] [1788453485.476166538] [routing_decision_node]: {"id": 3, "route": "bypass_reject", "confidence": 0.4140479564666748, "surface_class": "tread", "bbox": [140, 89, 161, 127], "reason": "classification_below_threshold"}
[routing_node-6] [INFO] [1788453485.476780495] [routing_decision_node]: {"id": 4, "route": "recompounding_raw_material", "confidence": 0.9714245796203613, "surface_class": "sidewall", "bbox": [156, 1, 203, 238], "reason": "passenger:sidewall"}
[routing_node-6] [INFO] [1788453485.477276181] [routing_decision_node]: {"id": 5, "route": "devulcanization_cbr", "confidence": 0.7628492116928101, "surface_class": "sidewall", "bbox": [158, 144, 173, 175], "reason": "otr_mining:sidewall"}
[routing_node-6] [INFO] [1788453485.477769226] [routing_decision_node]: {"id": 6, "route": "bypass_reject", "confidence": 0.4454672336578369, "surface_class": "tread", "bbox": [122, 165, 161, 228], "reason": "classification_below_threshold"}
[routing_node-6] [INFO] [1788453485.522386388] [routing_decision_node]: {"id": 3, "route": "bypass_reject", "confidence": 0.4991130530834198, "surface_class": "tread", "bbox": [140, 89, 162, 126], "reason": "classification_below_threshold"}
[routing_node-6] [INFO] [1788453485.522952861] [routing_decision_node]: {"id": 4, "route": "recompounding_raw_material", "confidence": 0.9771190285682678, "surface_class": "sidewall", "bbox": [156, 1, 203, 238], "reason": "passenger:sidewall"}
[routing_node-6] [INFO] [1788453485.523445192] [routing_decision_node]: {"id": 5, "route": "devulcanization_cbr", "confidence": 0.8681786060333252, "surface_class": "sidewall", "bbox": [158, 144, 173, 175], "reason": "otr_mining:sidewall"}
[routing_node-6] [INFO] [1788453485.523959858] [routing_decision_node]: {"id": 6, "route": "bypass_reject", "confidence": 0.5193160176277161, "surface_class": "tread", "bbox": [122, 165, 161, 228], "reason": "classification_below_threshold"}
[routing_node-6] [INFO] [1788453485.566358797] [routing_decision_node]: {"id": 3, "route": "bypass_reject", "confidence": 0.4991130530834198, "surface_class": "tread", "bbox": [140, 89, 162, 126], "reason": "classification_below_threshold"}
[routing_node-6] [INFO] [1788453485.567048241] [routing_decision_node]: {"id": 4, "route": "recompounding_raw_material", "confidence": 0.9771190285682678, "surface_class": "sidewall", "bbox": [156, 1, 203, 238], "reason": "passenger:sidewall"}
[routing_node-6] [INFO] [1788453485.567510520] [routing_decision_node]: {"id": 5, "route": "bypass_reject", "confidence": 0.5193160176277161, "surface_class": "tread", "bbox": [122, 165, 161, 228], "reason": "classification_below_threshold"}
[routing_node-6] [INFO] [1788453485.609697920] [routing_decision_node]: {"id": 3, "route": "bypass_reject", "confidence": 0.4991130530834198, "surface_class": "tread", "bbox": [140, 89, 162, 126], "reason": "classification_below_threshold"}
[routing_node-6] [INFO] [1788453485.610243090] [routing_decision_node]: {"id": 4, "route": "recompounding_raw_material", "confidence": 0.9771190285682678, "surface_class": "sidewall", "bbox": [156, 1, 203, 238], "reason": "passenger:sidewall"}
[routing_node-6] [INFO] [1788453485.610723986] [routing_decision_node]: {"id": 5, "route": "devulcanization_cbr", "confidence": 0.8681786060333252, "surface_class": "sidewall", "bbox": [158, 144, 173, 174], "reason": "otr_mining:sidewall"}
[routing_node-6] [INFO] [1788453485.611341534] [routing_decision_node]: {"id": 6, "route": "bypass_reject", "confidence": 0.5193160176277161, "surface_class": "tread", "bbox": [122, 165, 161, 228], "reason": "classification_below_threshold"}
[routing_node-6] [INFO] [1788453485.654806864] [routing_decision_node]: {"id": 3, "route": "bypass_reject", "confidence": 0.4457857012748718, "surface_class": "tread", "bbox": [140, 89, 162, 126], "reason": "classification_below_threshold"}
[routing_node-6] [INFO] [1788453485.655225681] [routing_decision_node]: {"id": 4, "route": "recompounding_raw_material", "confidence": 0.9853833913803101, "surface_class": "sidewall", "bbox": [157, 1, 203, 238], "reason": "passenger:sidewall"}
[routing_node-6] [INFO] [1788453485.655574398] [routing_decision_node]: {"id": 5, "route": "devulcanization_cbr", "confidence": 0.9203616976737976, "surface_class": "sidewall", "bbox": [159, 144, 173, 174], "reason": "otr_mining:sidewall"}
[routing_node-6] [INFO] [1788453485.655970565] [routing_decision_node]: {"id": 6, "route": "bypass_reject", "confidence": 0.4538230001926422, "surface_class": "tread", "bbox": [122, 164, 161, 227], "reason": "classification_below_threshold"}
[routing_node-6] [INFO] [1788453485.703290119] [routing_decision_node]: {"id": 3, "route": "bypass_reject", "confidence": 0.4457857012748718, "surface_class": "tread", "bbox": [140, 88, 162, 126], "reason": "classification_below_threshold"}
[routing_node-6] [INFO] [1788453485.705550984] [routing_decision_node]: {"id": 4, "route": "recompounding_raw_material", "confidence": 0.9853833913803101, "surface_class": "sidewall", "bbox": [157, 1, 203, 238], "reason": "passenger:sidewall"}
[routing_node-6] [INFO] [1788453485.706182886] [routing_decision_node]: {"id": 5, "route": "devulcanization_cbr", "confidence": 0.9203616976737976, "surface_class": "sidewall", "bbox": [159, 144, 173, 174], "reason": "otr_mining:sidewall"}
[routing_node-6] [INFO] [1788453485.706566769] [routing_decision_node]: {"id": 6, "route": "bypass_reject", "confidence": 0.4538230001926422, "surface_class": "tread", "bbox": [122, 164, 161, 227], "reason": "classification_below_threshold"}
[routing_node-6] [INFO] [1788453485.750079986] [routing_decision_node]: {"id": 3, "route": "bypass_reject", "confidence": 0.4789207875728607, "surface_class": "tread", "bbox": [140, 88, 162, 126], "reason": "classification_below_threshold"}
[routing_node-6] [INFO] [1788453485.750455684] [routing_decision_node]: {"id": 4, "route": "recompounding_raw_material", "confidence": 0.9667705297470093, "surface_class": "sidewall", "bbox": [157, 1, 203, 238], "reason": "passenger:sidewall"}
[routing_node-6] [INFO] [1788453485.750822589] [routing_decision_node]: {"id": 5, "route": "devulcanization_cbr", "confidence": 0.8570369482040405, "surface_class": "sidewall", "bbox": [158, 144, 174, 174], "reason": "otr_mining:sidewall"}
[routing_node-6] [INFO] [1788453485.751205992] [routing_decision_node]: {"id": 6, "route": "bypass_reject", "confidence": 0.4647347927093506, "surface_class": "tread", "bbox": [122, 164, 161, 227], "reason": "classification_below_threshold"}
[routing_node-6] [INFO] [1788453485.800558829] [routing_decision_node]: {"id": 3, "route": "bypass_reject", "confidence": 0.4789207875728607, "surface_class": "tread", "bbox": [140, 88, 161, 126], "reason": "classification_below_threshold"}
[routing_node-6] [INFO] [1788453485.800963397] [routing_decision_node]: {"id": 4, "route": "recompounding_raw_material", "confidence": 0.9667705297470093, "surface_class": "sidewall", "bbox": [156, 1, 203, 238], "reason": "passenger:sidewall"}
[routing_node-6] [INFO] [1788453485.801366309] [routing_decision_node]: {"id": 5, "route": "devulcanization_cbr", "confidence": 0.8570369482040405, "surface_class": "sidewall", "bbox": [158, 143, 173, 174], "reason": "otr_mining:sidewall"}
[routing_node-6] [INFO] [1788453485.801692066] [routing_decision_node]: {"id": 6, "route": "bypass_reject", "confidence": 0.4647347927093506, "surface_class": "tread", "bbox": [122, 164, 161, 227], "reason": "classification_below_threshold"}
[routing_node-6] [INFO] [1788453485.845108190] [routing_decision_node]: {"id": 3, "route": "bypass_reject", "confidence": 0.48715272545814514, "surface_class": "tread", "bbox": [140, 88, 162, 125], "reason": "classification_below_threshold"}
[routing_node-6] [INFO] [1788453485.845486247] [routing_decision_node]: {"id": 4, "route": "recompounding_raw_material", "confidence": 0.9783796072006226, "surface_class": "sidewall", "bbox": [156, 1, 203, 238], "reason": "passenger:sidewall"}
[routing_node-6] [INFO] [1788453485.846010663] [routing_decision_node]: {"id": 5, "route": "devulcanization_cbr", "confidence": 0.8512961268424988, "surface_class": "sidewall", "bbox": [158, 144, 173, 174], "reason": "otr_mining:sidewall"}
[routing_node-6] [INFO] [1788453485.846543825] [routing_decision_node]: {"id": 6, "route": "bypass_reject", "confidence": 0.460519015789032, "surface_class": "tread", "bbox": [122, 164, 161, 227], "reason": "classification_below_threshold"}
[routing_node-6] [INFO] [1788453485.898963791] [routing_decision_node]: {"id": 3, "route": "bypass_reject", "confidence": 0.48715272545814514, "surface_class": "tread", "bbox": [140, 88, 162, 125], "reason": "classification_below_threshold"}
[routing_node-6] [INFO] [1788453485.899407353] [routing_decision_node]: {"id": 4, "route": "recompounding_raw_material", "confidence": 0.9783796072006226, "surface_class": "sidewall", "bbox": [156, 1, 203, 238], "reason": "passenger:sidewall"}
[routing_node-6] [INFO] [1788453485.899754650] [routing_decision_node]: {"id": 5, "route": "bypass_reject", "confidence": 0.460519015789032, "surface_class": "tread", "bbox": [122, 164, 161, 227], "reason": "classification_below_threshold"}
[routing_node-6] [INFO] [1788453485.951503406] [routing_decision_node]: {"id": 3, "route": "bypass_reject", "confidence": 0.4454672336578369, "surface_class": "tread", "bbox": [140, 88, 162, 125], "reason": "classification_below_threshold"}
[routing_node-6] [INFO] [1788453485.952027805] [routing_decision_node]: {"id": 4, "route": "recompounding_raw_material", "confidence": 0.9792649745941162, "surface_class": "sidewall", "bbox": [156, 1, 203, 238], "reason": "passenger:sidewall"}
[routing_node-6] [INFO] [1788453485.952416688] [routing_decision_node]: {"id": 5, "route": "devulcanization_cbr", "confidence": 0.7896134853363037, "surface_class": "sidewall", "bbox": [159, 143, 173, 173], "reason": "otr_mining:sidewall"}
[routing_node-6] [INFO] [1788453485.952768537] [routing_decision_node]: {"id": 6, "route": "bypass_reject", "confidence": 0.5483834147453308, "surface_class": "tread", "bbox": [122, 164, 161, 227], "reason": "classification_below_threshold"}
[routing_node-6] [INFO] [1788453485.998161565] [routing_decision_node]: {"id": 3, "route": "bypass_reject", "confidence": 0.4454672336578369, "surface_class": "tread", "bbox": [140, 88, 162, 125], "reason": "classification_below_threshold"}
[routing_node-6] [INFO] [1788453485.998551313] [routing_decision_node]: {"id": 4, "route": "recompounding_raw_material", "confidence": 0.9792649745941162, "surface_class": "sidewall", "bbox": [157, 1, 203, 238], "reason": "passenger:sidewall"}
[routing_node-6] [INFO] [1788453485.998882589] [routing_decision_node]: {"id": 5, "route": "devulcanization_cbr", "confidence": 0.7896134853363037, "surface_class": "sidewall", "bbox": [159, 143, 173, 173], "reason": "otr_mining:sidewall"}
[routing_node-6] [INFO] [1788453485.999223662] [routing_decision_node]: {"id": 6, "route": "bypass_reject", "confidence": 0.5483834147453308, "surface_class": "tread", "bbox": [122, 163, 161, 226], "reason": "classification_below_threshold"}
[routing_node-6] [INFO] [1788453486.047934063] [routing_decision_node]: {"id": 3, "route": "bypass_reject", "confidence": 0.5193160176277161, "surface_class": "tread", "bbox": [140, 87, 162, 125], "reason": "classification_below_threshold"}
[routing_node-6] [INFO] [1788453486.048554580] [routing_decision_node]: {"id": 4, "route": "recompounding_raw_material", "confidence": 0.9669196605682373, "surface_class": "sidewall", "bbox": [157, 1, 203, 238], "reason": "passenger:sidewall"}
[routing_node-6] [INFO] [1788453486.049112113] [routing_decision_node]: {"id": 5, "route": "devulcanization_cbr", "confidence": 0.8301658034324646, "surface_class": "sidewall", "bbox": [159, 143, 173, 173], "reason": "otr_mining:sidewall"}
[routing_node-6] [INFO] [1788453486.049650281] [routing_decision_node]: {"id": 6, "route": "bypass_reject", "confidence": 0.5913916826248169, "surface_class": "tread", "bbox": [122, 163, 161, 226], "reason": "classification_below_threshold"}
[routing_node-6] [INFO] [1788453486.093164628] [routing_decision_node]: {"id": 3, "route": "bypass_reject", "confidence": 0.5193160176277161, "surface_class": "tread", "bbox": [140, 87, 162, 125], "reason": "classification_below_threshold"}
[routing_node-6] [INFO] [1788453486.093670108] [routing_decision_node]: {"id": 4, "route": "recompounding_raw_material", "confidence": 0.9669196605682373, "surface_class": "sidewall", "bbox": [157, 1, 203, 238], "reason": "passenger:sidewall"}
[routing_node-6] [INFO] [1788453486.094078797] [routing_decision_node]: {"id": 5, "route": "devulcanization_cbr", "confidence": 0.8301658034324646, "surface_class": "sidewall", "bbox": [158, 143, 174, 173], "reason": "otr_mining:sidewall"}
[routing_node-6] [INFO] [1788453486.094473655] [routing_decision_node]: {"id": 6, "route": "bypass_reject", "confidence": 0.5913916826248169, "surface_class": "tread", "bbox": [122, 163, 161, 226], "reason": "classification_below_threshold"}
[routing_node-6] [INFO] [1788453486.144582268] [routing_decision_node]: {"id": 3, "route": "bypass_reject", "confidence": 0.4538230001926422, "surface_class": "tread", "bbox": [140, 87, 161, 125], "reason": "classification_below_threshold"}
[routing_node-6] [INFO] [1788453486.144942749] [routing_decision_node]: {"id": 4, "route": "recompounding_raw_material", "confidence": 0.9759112596511841, "surface_class": "sidewall", "bbox": [156, 1, 203, 238], "reason": "passenger:sidewall"}
[routing_node-6] [INFO] [1788453486.145267854] [routing_decision_node]: {"id": 5, "route": "devulcanization_cbr", "confidence": 0.9071381092071533, "surface_class": "sidewall", "bbox": [158, 142, 173, 173], "reason": "otr_mining:sidewall"}
[routing_node-6] [INFO] [1788453486.145592499] [routing_decision_node]: {"id": 6, "route": "bypass_reject", "confidence": 0.5079712867736816, "surface_class": "tread", "bbox": [122, 163, 161, 226], "reason": "classification_below_threshold"}
[routing_node-6] [INFO] [1788453486.196435504] [routing_decision_node]: {"id": 3, "route": "bypass_reject", "confidence": 0.4538230001926422, "surface_class": "tread", "bbox": [140, 87, 162, 124], "reason": "classification_below_threshold"}
[routing_node-6] [INFO] [1788453486.196912131] [routing_decision_node]: {"id": 4, "route": "recompounding_raw_material", "confidence": 0.9759112596511841, "surface_class": "sidewall", "bbox": [156, 1, 203, 238], "reason": "passenger:sidewall"}
[routing_node-6] [INFO] [1788453486.197331828] [routing_decision_node]: {"id": 5, "route": "bypass_reject", "confidence": 0.5079712867736816, "surface_class": "tread", "bbox": [122, 163, 161, 226], "reason": "classification_below_threshold"}
[routing_node-6] [INFO] [1788453486.246596364] [routing_decision_node]: {"id": 3, "route": "bypass_reject", "confidence": 0.4647347927093506, "surface_class": "tread", "bbox": [140, 87, 162, 124], "reason": "classification_below_threshold"}
[routing_node-6] [INFO] [1788453486.247963432] [routing_decision_node]: {"id": 4, "route": "recompounding_raw_material", "confidence": 0.9776889085769653, "surface_class": "sidewall", "bbox": [156, 1, 203, 238], "reason": "passenger:sidewall"}
[routing_node-6] [INFO] [1788453486.248370010] [routing_decision_node]: {"id": 5, "route": "bypass_reject", "confidence": 0.46102941036224365, "surface_class": "tread", "bbox": [122, 163, 161, 226], "reason": "classification_below_threshold"}
[routing_node-6] [INFO] [1788453486.286389721] [routing_decision_node]: {"id": 3, "route": "bypass_reject", "confidence": 0.4647347927093506, "surface_class": "tread", "bbox": [140, 87, 162, 124], "reason": "classification_below_threshold"}
[routing_node-6] [INFO] [1788453486.286875679] [routing_decision_node]: {"id": 4, "route": "recompounding_raw_material", "confidence": 0.9776889085769653, "surface_class": "sidewall", "bbox": [156, 1, 203, 238], "reason": "passenger:sidewall"}
[routing_node-6] [INFO] [1788453486.288281443] [routing_decision_node]: {"id": 5, "route": "devulcanization_cbr", "confidence": 0.81053626537323, "surface_class": "sidewall", "bbox": [159, 142, 173, 172], "reason": "otr_mining:sidewall"}
[routing_node-6] [INFO] [1788453486.290289413] [routing_decision_node]: {"id": 6, "route": "bypass_reject", "confidence": 0.46102941036224365, "surface_class": "tread", "bbox": [122, 163, 161, 225], "reason": "classification_below_threshold"}
[routing_node-6] [INFO] [1788453486.330740879] [routing_decision_node]: {"id": 3, "route": "bypass_reject", "confidence": 0.460519015789032, "surface_class": "tread", "bbox": [140, 87, 162, 124], "reason": "classification_below_threshold"}
[routing_node-6] [INFO] [1788453486.331101920] [routing_decision_node]: {"id": 4, "route": "recompounding_raw_material", "confidence": 0.9651464223861694, "surface_class": "sidewall", "bbox": [157, 1, 203, 238], "reason": "passenger:sidewall"}
[routing_node-6] [INFO] [1788453486.331428621] [routing_decision_node]: {"id": 5, "route": "devulcanization_cbr", "confidence": 0.810146689414978, "surface_class": "sidewall", "bbox": [159, 142, 173, 172], "reason": "otr_mining:sidewall"}
[routing_node-6] [INFO] [1788453486.331754513] [routing_decision_node]: {"id": 6, "route": "bypass_reject", "confidence": 0.4782276749610901, "surface_class": "tread", "bbox": [122, 162, 161, 225], "reason": "classification_below_threshold"}
[routing_node-6] [INFO] [1788453486.376170742] [routing_decision_node]: {"id": 3, "route": "bypass_reject", "confidence": 0.460519015789032, "surface_class": "tread", "bbox": [140, 86, 162, 124], "reason": "classification_below_threshold"}
[routing_node-6] [INFO] [1788453486.376595952] [routing_decision_node]: {"id": 4, "route": "recompounding_raw_material", "confidence": 0.9651464223861694, "surface_class": "sidewall", "bbox": [157, 1, 203, 238], "reason": "passenger:sidewall"}
[routing_node-6] [INFO] [1788453486.377099511] [routing_decision_node]: {"id": 5, "route": "devulcanization_cbr", "confidence": 0.810146689414978, "surface_class": "sidewall", "bbox": [159, 142, 173, 172], "reason": "otr_mining:sidewall"}
[routing_node-6] [INFO] [1788453486.377481315] [routing_decision_node]: {"id": 6, "route": "bypass_reject", "confidence": 0.4782276749610901, "surface_class": "tread", "bbox": [122, 162, 161, 225], "reason": "classification_below_threshold"}
[routing_node-6] [INFO] [1788453486.427726623] [routing_decision_node]: {"id": 3, "route": "bypass_reject", "confidence": 0.460519015789032, "surface_class": "tread", "bbox": [140, 86, 162, 124], "reason": "classification_below_threshold"}
[routing_node-6] [INFO] [1788453486.428588811] [routing_decision_node]: {"id": 4, "route": "recompounding_raw_material", "confidence": 0.9712590575218201, "surface_class": "sidewall", "bbox": [157, 1, 203, 238], "reason": "passenger:sidewall"}
[routing_node-6] [INFO] [1788453486.429319255] [routing_decision_node]: {"id": 5, "route": "devulcanization_cbr", "confidence": 0.8019924163818359, "surface_class": "sidewall", "bbox": [158, 142, 174, 172], "reason": "otr_mining:sidewall"}
[routing_node-6] [INFO] [1788453486.429963574] [routing_decision_node]: {"id": 6, "route": "bypass_reject", "confidence": 0.606945276260376, "surface_class": "tread", "bbox": [122, 162, 161, 225], "reason": "classification_below_threshold"}
[routing_node-6] [INFO] [1788453486.478389715] [routing_decision_node]: {"id": 3, "route": "bypass_reject", "confidence": 0.5483834147453308, "surface_class": "tread", "bbox": [140, 86, 161, 124], "reason": "classification_below_threshold"}
[routing_node-6] [INFO] [1788453486.479040883] [routing_decision_node]: {"id": 4, "route": "recompounding_raw_material", "confidence": 0.9712590575218201, "surface_class": "sidewall", "bbox": [157, 1, 203, 238], "reason": "passenger:sidewall"}
[routing_node-6] [INFO] [1788453486.479615635] [routing_decision_node]: {"id": 5, "route": "devulcanization_cbr", "confidence": 0.8019924163818359, "surface_class": "sidewall", "bbox": [158, 141, 173, 172], "reason": "otr_mining:sidewall"}
[routing_node-6] [INFO] [1788453486.480240605] [routing_decision_node]: {"id": 6, "route": "bypass_reject", "confidence": 0.606945276260376, "surface_class": "tread", "bbox": [122, 162, 161, 225], "reason": "classification_below_threshold"}
[routing_node-6] [INFO] [1788453486.537244534] [routing_decision_node]: {"id": 3, "route": "bypass_reject", "confidence": 0.5913916826248169, "surface_class": "tread", "bbox": [140, 86, 162, 123], "reason": "classification_below_threshold"}
[routing_node-6] [INFO] [1788453486.539489646] [routing_decision_node]: {"id": 4, "route": "recompounding_raw_material", "confidence": 0.9720993638038635, "surface_class": "sidewall", "bbox": [156, 1, 203, 238], "reason": "passenger:sidewall"}
[routing_node-6] [INFO] [1788453486.540822787] [routing_decision_node]: {"id": 5, "route": "bypass_reject", "confidence": 0.5848204493522644, "surface_class": "tread", "bbox": [122, 162, 161, 225], "reason": "classification_below_threshold"}
[routing_node-6] [INFO] [1788453486.596181618] [routing_decision_node]: {"id": 3, "route": "bypass_reject", "confidence": 0.5913916826248169, "surface_class": "tread", "bbox": [140, 86, 162, 123], "reason": "classification_below_threshold"}
[routing_node-6] [INFO] [1788453486.596574075] [routing_decision_node]: {"id": 4, "route": "recompounding_raw_material", "confidence": 0.9720993638038635, "surface_class": "sidewall", "bbox": [156, 1, 203, 238], "reason": "passenger:sidewall"}
[routing_node-6] [INFO] [1788453486.597022435] [routing_decision_node]: {"id": 5, "route": "bypass_reject", "confidence": 0.5848204493522644, "surface_class": "tread", "bbox": [122, 162, 161, 225], "reason": "classification_below_threshold"}
[routing_node-6] [INFO] [1788453486.638993084] [routing_decision_node]: {"id": 3, "route": "bypass_reject", "confidence": 0.5079712867736816, "surface_class": "tread", "bbox": [140, 86, 162, 123], "reason": "classification_below_threshold"}
[routing_node-6] [INFO] [1788453486.639824394] [routing_decision_node]: {"id": 4, "route": "recompounding_raw_material", "confidence": 0.9552323818206787, "surface_class": "sidewall", "bbox": [156, 1, 203, 238], "reason": "passenger:sidewall"}
[routing_node-6] [INFO] [1788453486.641839118] [routing_decision_node]: {"id": 5, "route": "devulcanization_cbr", "confidence": 0.830298662185669, "surface_class": "sidewall", "bbox": [159, 141, 173, 171], "reason": "otr_mining:sidewall"}
[routing_node-6] [INFO] [1788453486.642678846] [routing_decision_node]: {"id": 6, "route": "bypass_reject", "confidence": 0.47531402111053467, "surface_class": "tread", "bbox": [122, 162, 161, 224], "reason": "classification_below_threshold"}
[routing_node-6] [INFO] [1788453486.692149816] [routing_decision_node]: {"id": 3, "route": "bypass_reject", "confidence": 0.5079712867736816, "surface_class": "tread", "bbox": [140, 86, 162, 123], "reason": "classification_below_threshold"}
[routing_node-6] [INFO] [1788453486.692898709] [routing_decision_node]: {"id": 4, "route": "recompounding_raw_material", "confidence": 0.9552323818206787, "surface_class": "sidewall", "bbox": [157, 1, 203, 238], "reason": "passenger:sidewall"}
[routing_node-6] [INFO] [1788453486.693263719] [routing_decision_node]: {"id": 5, "route": "devulcanization_cbr", "confidence": 0.830298662185669, "surface_class": "sidewall", "bbox": [159, 141, 173, 171], "reason": "otr_mining:sidewall"}
[routing_node-6] [INFO] [1788453486.693629798] [routing_decision_node]: {"id": 6, "route": "bypass_reject", "confidence": 0.47531402111053467, "surface_class": "tread", "bbox": [122, 161, 161, 224], "reason": "classification_below_threshold"}
[routing_node-6] [INFO] [1788453486.742333064] [routing_decision_node]: {"id": 3, "route": "bypass_reject", "confidence": 0.46102941036224365, "surface_class": "tread", "bbox": [140, 85, 162, 123], "reason": "classification_below_threshold"}
[routing_node-6] [INFO] [1788453486.742771922] [routing_decision_node]: {"id": 4, "route": "recompounding_raw_material", "confidence": 0.9784852862358093, "surface_class": "sidewall", "bbox": [157, 1, 203, 238], "reason": "passenger:sidewall"}
[routing_node-6] [INFO] [1788453486.743510842] [routing_decision_node]: {"id": 5, "route": "devulcanization_cbr", "confidence": 0.8417555689811707, "surface_class": "sidewall", "bbox": [158, 141, 173, 171], "reason": "otr_mining:sidewall"}
[routing_node-6] [INFO] [1788453486.744399460] [routing_decision_node]: {"id": 6, "route": "bypass_reject", "confidence": 0.4684707522392273, "surface_class": "tread", "bbox": [122, 161, 161, 224], "reason": "classification_below_threshold"}
[routing_node-6] [INFO] [1788453486.788223542] [routing_decision_node]: {"id": 3, "route": "bypass_reject", "confidence": 0.46102941036224365, "surface_class": "tread", "bbox": [140, 85, 162, 123], "reason": "classification_below_threshold"}
[routing_node-6] [INFO] [1788453486.788909283] [routing_decision_node]: {"id": 4, "route": "recompounding_raw_material", "confidence": 0.9784852862358093, "surface_class": "sidewall", "bbox": [157, 1, 203, 238], "reason": "passenger:sidewall"}
[routing_node-6] [INFO] [1788453486.789281508] [routing_decision_node]: {"id": 5, "route": "devulcanization_cbr", "confidence": 0.8417555689811707, "surface_class": "sidewall", "bbox": [158, 141, 173, 171], "reason": "otr_mining:sidewall"}
[routing_node-6] [INFO] [1788453486.789676001] [routing_decision_node]: {"id": 6, "route": "bypass_reject", "confidence": 0.4684707522392273, "surface_class": "tread", "bbox": [122, 161, 161, 224], "reason": "classification_below_threshold"}
[routing_node-6] [INFO] [1788453486.838469727] [routing_decision_node]: {"id": 3, "route": "bypass_reject", "confidence": 0.4782276749610901, "surface_class": "tread", "bbox": [140, 85, 161, 123], "reason": "classification_below_threshold"}
[routing_node-6] [INFO] [1788453486.838965998] [routing_decision_node]: {"id": 4, "route": "recompounding_raw_material", "confidence": 0.935326099395752, "surface_class": "sidewall", "bbox": [157, 1, 203, 238], "reason": "passenger:sidewall"}
[routing_node-6] [INFO] [1788453486.839696743] [routing_decision_node]: {"id": 5, "route": "devulcanization_cbr", "confidence": 0.8967334628105164, "surface_class": "sidewall", "bbox": [158, 140, 173, 171], "reason": "otr_mining:sidewall"}
[routing_node-6] [INFO] [1788453486.842198484] [routing_decision_node]: {"id": 6, "route": "bypass_reject", "confidence": 0.6335683465003967, "surface_class": "tread", "bbox": [122, 161, 161, 224], "reason": "classification_below_threshold"}
[routing_node-6] [INFO] [1788453486.888430919] [routing_decision_node]: {"id": 3, "route": "bypass_reject", "confidence": 0.4782276749610901, "surface_class": "tread", "bbox": [140, 85, 162, 122], "reason": "classification_below_threshold"}
[routing_node-6] [INFO] [1788453486.888814309] [routing_decision_node]: {"id": 4, "route": "recompounding_raw_material", "confidence": 0.935326099395752, "surface_class": "sidewall", "bbox": [156, 1, 203, 238], "reason": "passenger:sidewall"}
[routing_node-6] [INFO] [1788453486.889209627] [routing_decision_node]: {"id": 5, "route": "bypass_reject", "confidence": 0.6335683465003967, "surface_class": "tread", "bbox": [122, 161, 161, 224], "reason": "classification_below_threshold"}
[routing_node-6] [INFO] [1788453486.939157804] [routing_decision_node]: {"id": 3, "route": "bypass_reject", "confidence": 0.606945276260376, "surface_class": "tread", "bbox": [140, 85, 162, 122], "reason": "classification_below_threshold"}
[routing_node-6] [INFO] [1788453486.939567379] [routing_decision_node]: {"id": 4, "route": "recompounding_raw_material", "confidence": 0.9732615947723389, "surface_class": "sidewall", "bbox": [156, 1, 203, 238], "reason": "passenger:sidewall"}
[routing_node-6] [INFO] [1788453486.939880368] [routing_decision_node]: {"id": 5, "route": "bypass_reject", "confidence": 0.5216667652130127, "surface_class": "tread", "bbox": [122, 161, 161, 224], "reason": "classification_below_threshold"}
[routing_node-6] [INFO] [1788453486.986282120] [routing_decision_node]: {"id": 3, "route": "bypass_reject", "confidence": 0.606945276260376, "surface_class": "tread", "bbox": [140, 85, 162, 122], "reason": "classification_below_threshold"}
[routing_node-6] [INFO] [1788453486.986683721] [routing_decision_node]: {"id": 4, "route": "recompounding_raw_material", "confidence": 0.9732615947723389, "surface_class": "sidewall", "bbox": [156, 1, 203, 238], "reason": "passenger:sidewall"}
[routing_node-6] [INFO] [1788453486.987024757] [routing_decision_node]: {"id": 5, "route": "devulcanization_cbr", "confidence": 0.70535808801651, "surface_class": "sidewall", "bbox": [159, 140, 173, 170], "reason": "otr_mining:sidewall"}
[routing_node-6] [INFO] [1788453486.987363321] [routing_decision_node]: {"id": 6, "route": "bypass_reject", "confidence": 0.5216667652130127, "surface_class": "tread", "bbox": [122, 161, 161, 223], "reason": "classification_below_threshold"}
[routing_node-6] [INFO] [1788453487.029467369] [routing_decision_node]: {"id": 3, "route": "bypass_reject", "confidence": 0.5848204493522644, "surface_class": "tread", "bbox": [140, 85, 162, 122], "reason": "classification_below_threshold"}
[routing_node-6] [INFO] [1788453487.030042901] [routing_decision_node]: {"id": 4, "route": "recompounding_raw_material", "confidence": 0.9653456211090088, "surface_class": "sidewall", "bbox": [157, 1, 203, 238], "reason": "passenger:sidewall"}
[routing_node-6] [INFO] [1788453487.030433955] [routing_decision_node]: {"id": 5, "route": "devulcanization_cbr", "confidence": 0.8192698359489441, "surface_class": "sidewall", "bbox": [159, 140, 173, 170], "reason": "otr_mining:sidewall"}
[routing_node-6] [INFO] [1788453487.030815057] [routing_decision_node]: {"id": 6, "route": "bypass_reject", "confidence": 0.496261864900589, "surface_class": "tread", "bbox": [122, 160, 161, 223], "reason": "classification_below_threshold"}
[routing_node-6] [INFO] [1788453487.076034674] [routing_decision_node]: {"id": 3, "route": "bypass_reject", "confidence": 0.5848204493522644, "surface_class": "tread", "bbox": [140, 84, 162, 122], "reason": "classification_below_threshold"}
[routing_node-6] [INFO] [1788453487.076405935] [routing_decision_node]: {"id": 4, "route": "recompounding_raw_material", "confidence": 0.9653456211090088, "surface_class": "sidewall", "bbox": [157, 1, 203, 238], "reason": "passenger:sidewall"}
[routing_node-6] [INFO] [1788453487.076757507] [routing_decision_node]: {"id": 5, "route": "devulcanization_cbr", "confidence": 0.8192698359489441, "surface_class": "sidewall", "bbox": [158, 140, 173, 170], "reason": "otr_mining:sidewall"}
[routing_node-6] [INFO] [1788453487.077275978] [routing_decision_node]: {"id": 6, "route": "bypass_reject", "confidence": 0.496261864900589, "surface_class": "tread", "bbox": [122, 160, 161, 223], "reason": "classification_below_threshold"}
[routing_node-6] [INFO] [1788453487.121785948] [routing_decision_node]: {"id": 3, "route": "bypass_reject", "confidence": 0.5848204493522644, "surface_class": "tread", "bbox": [140, 84, 162, 122], "reason": "classification_below_threshold"}
[routing_node-6] [INFO] [1788453487.122174708] [routing_decision_node]: {"id": 4, "route": "recompounding_raw_material", "confidence": 0.9653456211090088, "surface_class": "sidewall", "bbox": [157, 1, 203, 238], "reason": "passenger:sidewall"}
[routing_node-6] [INFO] [1788453487.122517912] [routing_decision_node]: {"id": 5, "route": "devulcanization_cbr", "confidence": 0.8929568529129028, "surface_class": "sidewall", "bbox": [158, 140, 173, 170], "reason": "otr_mining:sidewall"}
[routing_node-6] [INFO] [1788453487.122976802] [routing_decision_node]: {"id": 6, "route": "bypass_reject", "confidence": 0.5599856972694397, "surface_class": "tread", "bbox": [122, 160, 161, 223], "reason": "classification_below_threshold"}
[routing_node-6] [INFO] [1788453487.177002041] [routing_decision_node]: {"id": 3, "route": "bypass_reject", "confidence": 0.47531402111053467, "surface_class": "tread", "bbox": [140, 84, 161, 121], "reason": "classification_below_threshold"}
[routing_node-6] [INFO] [1788453487.177648427] [routing_decision_node]: {"id": 4, "route": "recompounding_raw_material", "confidence": 0.9718137383460999, "surface_class": "sidewall", "bbox": [157, 1, 203, 238], "reason": "passenger:sidewall"}
[routing_node-6] [INFO] [1788453487.178551413] [routing_decision_node]: {"id": 5, "route": "devulcanization_cbr", "confidence": 0.8929568529129028, "surface_class": "sidewall", "bbox": [158, 140, 173, 170], "reason": "otr_mining:sidewall"}
[routing_node-6] [INFO] [1788453487.179383675] [routing_decision_node]: {"id": 6, "route": "bypass_reject", "confidence": 0.5599856972694397, "surface_class": "tread", "bbox": [122, 160, 161, 223], "reason": "classification_below_threshold"}
[routing_node-6] [INFO] [1788453487.219490465] [routing_decision_node]: {"id": 3, "route": "bypass_reject", "confidence": 0.4684707522392273, "surface_class": "tread", "bbox": [140, 84, 162, 121], "reason": "classification_below_threshold"}
[routing_node-6] [INFO] [1788453487.220374735] [routing_decision_node]: {"id": 4, "route": "recompounding_raw_material", "confidence": 0.9730333685874939, "surface_class": "sidewall", "bbox": [156, 1, 203, 238], "reason": "passenger:sidewall"}
[routing_node-6] [INFO] [1788453487.221024330] [routing_decision_node]: {"id": 5, "route": "bypass_reject", "confidence": 0.46568188071250916, "surface_class": "tread", "bbox": [122, 160, 161, 223], "reason": "classification_below_threshold"}
[routing_node-6] [INFO] [1788453487.267163316] [routing_decision_node]: {"id": 3, "route": "bypass_reject", "confidence": 0.4684707522392273, "surface_class": "tread", "bbox": [140, 84, 162, 121], "reason": "classification_below_threshold"}
[routing_node-6] [INFO] [1788453487.267695129] [routing_decision_node]: {"id": 4, "route": "recompounding_raw_material", "confidence": 0.9730333685874939, "surface_class": "sidewall", "bbox": [156, 1, 203, 238], "reason": "passenger:sidewall"}
[routing_node-6] [INFO] [1788453487.268376506] [routing_decision_node]: {"id": 5, "route": "bypass_reject", "confidence": 0.46568188071250916, "surface_class": "tread", "bbox": [122, 160, 161, 223], "reason": "classification_below_threshold"}
[routing_node-6] [INFO] [1788453487.318454274] [routing_decision_node]: {"id": 3, "route": "bypass_reject", "confidence": 0.4684707522392273, "surface_class": "tread", "bbox": [140, 84, 162, 121], "reason": "classification_below_threshold"}
[routing_node-6] [INFO] [1788453487.319395141] [routing_decision_node]: {"id": 4, "route": "recompounding_raw_material", "confidence": 0.9730333685874939, "surface_class": "sidewall", "bbox": [156, 1, 203, 238], "reason": "passenger:sidewall"}
[routing_node-6] [INFO] [1788453487.320178474] [routing_decision_node]: {"id": 5, "route": "devulcanization_cbr", "confidence": 0.8108766078948975, "surface_class": "sidewall", "bbox": [159, 139, 173, 169], "reason": "otr_mining:sidewall"}
[routing_node-6] [INFO] [1788453487.320862470] [routing_decision_node]: {"id": 6, "route": "bypass_reject", "confidence": 0.46568188071250916, "surface_class": "tread", "bbox": [122, 160, 161, 222], "reason": "classification_below_threshold"}
[routing_node-6] [INFO] [1788453487.366915191] [routing_decision_node]: {"id": 3, "route": "bypass_reject", "confidence": 0.6335683465003967, "surface_class": "tread", "bbox": [140, 84, 162, 121], "reason": "classification_below_threshold"}
[routing_node-6] [INFO] [1788453487.367700710] [routing_decision_node]: {"id": 4, "route": "recompounding_raw_material", "confidence": 0.968390703201294, "surface_class": "sidewall", "bbox": [157, 1, 203, 238], "reason": "passenger:sidewall"}
[routing_node-6] [INFO] [1788453487.368377949] [routing_decision_node]: {"id": 5, "route": "devulcanization_cbr", "confidence": 0.8438901901245117, "surface_class": "sidewall", "bbox": [159, 139, 173, 169], "reason": "otr_mining:sidewall"}
[routing_node-6] [INFO] [1788453487.369002858] [routing_decision_node]: {"id": 6, "route": "bypass_reject", "confidence": 0.42254507541656494, "surface_class": "tread", "bbox": [122, 159, 161, 222], "reason": "classification_below_threshold"}
[simulation_bridge-1] X connection to :0 broken (explicit kill or server shutdown).
[simulation_bridge-1] QObject::killTimer: Timers cannot be stopped from another thread
[simulation_bridge-1] QObject::~QObject: Timers cannot be stopped from another thread
[routing_node-6] [INFO] [1788453487.417083896] [routing_decision_node]: {"id": 3, "route": "bypass_reject", "confidence": 0.5216667652130127, "surface_class": "tread", "bbox": [140, 83, 162, 121], "reason": "classification_below_threshold"}
[routing_node-6] [INFO] [1788453487.417431805] [routing_decision_node]: {"id": 4, "route": "recompounding_raw_material", "confidence": 0.9827809929847717, "surface_class": "sidewall", "bbox": [157, 1, 203, 238], "reason": "passenger:sidewall"}
[routing_node-6] [INFO] [1788453487.417767985] [routing_decision_node]: {"id": 5, "route": "devulcanization_cbr", "confidence": 0.8459553122520447, "surface_class": "sidewall", "bbox": [158, 139, 173, 169], "reason": "otr_mining:sidewall"}
[routing_node-6] [INFO] [1788453487.418141165] [routing_decision_node]: {"id": 6, "route": "bypass_reject", "confidence": 0.49781978130340576, "surface_class": "tread", "bbox": [122, 159, 161, 222], "reason": "classification_below_threshold"}
[ERROR] [simulation_bridge-1]: process has died [pid 235266, exit code 1, cmd '/home/suraj-menon/tyre_sorting_ros2_ws/install/tyre_sorting/lib/tyre_sorting/simulation_bridge --ros-args -r __node:=pybullet_sim_bridge --params-file /tmp/launch_params_9ws_rm1v'].
[INFO] [routing_node-6]: sending signal 'SIGINT' to process[routing_node-6]
[INFO] [multimodal_fusion-5]: sending signal 'SIGINT' to process[multimodal_fusion-5]
[INFO] [pbvs_controller-4]: sending signal 'SIGINT' to process[pbvs_controller-4]
[INFO] [spectral_classifier-3]: sending signal 'SIGINT' to process[spectral_classifier-3]
[INFO] [geometry_segmentation-2]: sending signal 'SIGINT' to process[geometry_segmentation-2]
[routing_node-6] Traceback (most recent call last):
[routing_node-6]   File "/home/suraj-menon/tyre_sorting_ros2_ws/install/tyre_sorting/lib/tyre_sorting/routing_node", line 33, in <module>
[routing_node-6]     sys.exit(load_entry_point('tyre-sorting', 'console_scripts', 'routing_node')())
[routing_node-6]              ^^^^^^^^^^^^^^^^^^^^^^^^^^^^^^^^^^^^^^^^^^^^^^^^^^^^^^^^^^^^^^^^^^^^^
[routing_node-6]   File "/home/suraj-menon/tyre_sorting_ros2_ws/build/tyre_sorting/src/tyre_sorting/ros2_nodes/routing_node.py", line 27, in main
[routing_node-6]     rclpy.init(); node=build_node()(); rclpy.spin(node); node.destroy_node(); rclpy.shutdown()
[routing_node-6]                                        ^^^^^^^^^^^^^^^^
[routing_node-6]   File "/opt/ros/jazzy/lib/python3.12/site-packages/rclpy/__init__.py", line 247, in spin
[routing_node-6]     executor.spin_once()
[routing_node-6]   File "/opt/ros/jazzy/lib/python3.12/site-packages/rclpy/executors.py", line 926, in spin_once
[routing_node-6]     self._spin_once_impl(timeout_sec)
[routing_node-6]   File "/opt/ros/jazzy/lib/python3.12/site-packages/rclpy/executors.py", line 907, in _spin_once_impl
[routing_node-6]     handler, entity, node = self.wait_for_ready_callbacks(
[routing_node-6]                             ^^^^^^^^^^^^^^^^^^^^^^^^^^^^^^
[routing_node-6]   File "/opt/ros/jazzy/lib/python3.12/site-packages/rclpy/executors.py", line 877, in wait_for_ready_callbacks
[routing_node-6]     return next(self._cb_iter)
[routing_node-6]            ^^^^^^^^^^^^^^^^^^^
[routing_node-6]   File "/opt/ros/jazzy/lib/python3.12/site-packages/rclpy/executors.py", line 781, in _wait_for_ready_callbacks
[multimodal_fusion-5] Traceback (most recent call last):
[multimodal_fusion-5]   File "/home/suraj-menon/tyre_sorting_ros2_ws/install/tyre_sorting/lib/tyre_sorting/multimodal_fusion", line 33, in <module>
[multimodal_fusion-5]     sys.exit(load_entry_point('tyre-sorting', 'console_scripts', 'multimodal_fusion')())
[multimodal_fusion-5]              ^^^^^^^^^^^^^^^^^^^^^^^^^^^^^^^^^^^^^^^^^^^^^^^^^^^^^^^^^^^^^^^^^^^^^^^^^^
[multimodal_fusion-5]   File "/home/suraj-menon/tyre_sorting_ros2_ws/build/tyre_sorting/src/tyre_sorting/ros2_nodes/fusion_node.py", line 72, in main
[multimodal_fusion-5]     rclpy.init(); node=build_node()(); rclpy.spin(node); node.destroy_node(); rclpy.shutdown()
[multimodal_fusion-5]                                        ^^^^^^^^^^^^^^^^
[multimodal_fusion-5]   File "/opt/ros/jazzy/lib/python3.12/site-packages/rclpy/__init__.py", line 247, in spin
[routing_node-6]     wait_set.wait(timeout_nsec)
[routing_node-6] KeyboardInterrupt
[multimodal_fusion-5]     executor.spin_once()
[multimodal_fusion-5]   File "/opt/ros/jazzy/lib/python3.12/site-packages/rclpy/executors.py", line 926, in spin_once
[multimodal_fusion-5]     self._spin_once_impl(timeout_sec)
[multimodal_fusion-5]   File "/opt/ros/jazzy/lib/python3.12/site-packages/rclpy/executors.py", line 907, in _spin_once_impl
[multimodal_fusion-5]     handler, entity, node = self.wait_for_ready_callbacks(
[multimodal_fusion-5]                             ^^^^^^^^^^^^^^^^^^^^^^^^^^^^^^
[multimodal_fusion-5]   File "/opt/ros/jazzy/lib/python3.12/site-packages/rclpy/executors.py", line 877, in wait_for_ready_callbacks
[multimodal_fusion-5]     return next(self._cb_iter)
[multimodal_fusion-5]            ^^^^^^^^^^^^^^^^^^^
[multimodal_fusion-5]   File "/opt/ros/jazzy/lib/python3.12/site-packages/rclpy/executors.py", line 781, in _wait_for_ready_callbacks
[multimodal_fusion-5]     wait_set.wait(timeout_nsec)
[multimodal_fusion-5] KeyboardInterrupt
[pbvs_controller-4] Traceback (most recent call last):
[pbvs_controller-4]   File "/home/suraj-menon/tyre_sorting_ros2_ws/install/tyre_sorting/lib/tyre_sorting/pbvs_controller", line 33, in <module>
[pbvs_controller-4]     sys.exit(load_entry_point('tyre-sorting', 'console_scripts', 'pbvs_controller')())
[pbvs_controller-4]              ^^^^^^^^^^^^^^^^^^^^^^^^^^^^^^^^^^^^^^^^^^^^^^^^^^^^^^^^^^^^^^^^^^^^^^^^
[pbvs_controller-4]   File "/home/suraj-menon/tyre_sorting_ros2_ws/build/tyre_sorting/src/tyre_sorting/control/pbvs_controller.py", line 318, in main
[pbvs_controller-4]     rclpy.spin(node)
[pbvs_controller-4]   File "/opt/ros/jazzy/lib/python3.12/site-packages/rclpy/__init__.py", line 247, in spin
[pbvs_controller-4]     executor.spin_once()
[pbvs_controller-4]   File "/opt/ros/jazzy/lib/python3.12/site-packages/rclpy/executors.py", line 926, in spin_once
[pbvs_controller-4]     self._spin_once_impl(timeout_sec)
[pbvs_controller-4]   File "/opt/ros/jazzy/lib/python3.12/site-packages/rclpy/executors.py", line 907, in _spin_once_impl
[pbvs_controller-4]     handler, entity, node = self.wait_for_ready_callbacks(
[pbvs_controller-4]                             ^^^^^^^^^^^^^^^^^^^^^^^^^^^^^^
[pbvs_controller-4]   File "/opt/ros/jazzy/lib/python3.12/site-packages/rclpy/executors.py", line 877, in wait_for_ready_callbacks
[spectral_classifier-3] Traceback (most recent call last):
[spectral_classifier-3]   File "/home/suraj-menon/tyre_sorting_ros2_ws/install/tyre_sorting/lib/tyre_sorting/spectral_classifier", line 33, in <module>
[pbvs_controller-4]     return next(self._cb_iter)
[pbvs_controller-4]            ^^^^^^^^^^^^^^^^^^^
[pbvs_controller-4]   File "/opt/ros/jazzy/lib/python3.12/site-packages/rclpy/executors.py", line 781, in _wait_for_ready_callbacks
[spectral_classifier-3]     sys.exit(load_entry_point('tyre-sorting', 'console_scripts', 'spectral_classifier')())
[spectral_classifier-3]              ^^^^^^^^^^^^^^^^^^^^^^^^^^^^^^^^^^^^^^^^^^^^^^^^^^^^^^^^^^^^^^^^^^^^^^^^^^^^
[spectral_classifier-3]   File "/home/suraj-menon/tyre_sorting_ros2_ws/build/tyre_sorting/src/tyre_sorting/ros2_nodes/spectral_node.py", line 36, in main
[spectral_classifier-3]     rclpy.init(); node=build_node()(); rclpy.spin(node); node.destroy_node(); rclpy.shutdown()
[spectral_classifier-3]                                        ^^^^^^^^^^^^^^^^
[spectral_classifier-3]   File "/opt/ros/jazzy/lib/python3.12/site-packages/rclpy/__init__.py", line 247, in spin
[spectral_classifier-3]     executor.spin_once()
[spectral_classifier-3]   File "/opt/ros/jazzy/lib/python3.12/site-packages/rclpy/executors.py", line 926, in spin_once
[spectral_classifier-3]     self._spin_once_impl(timeout_sec)
[spectral_classifier-3]   File "/opt/ros/jazzy/lib/python3.12/site-packages/rclpy/executors.py", line 907, in _spin_once_impl
[pbvs_controller-4]     wait_set.wait(timeout_nsec)
[pbvs_controller-4] KeyboardInterrupt
[spectral_classifier-3]     handler, entity, node = self.wait_for_ready_callbacks(
[spectral_classifier-3]                             ^^^^^^^^^^^^^^^^^^^^^^^^^^^^^^
[spectral_classifier-3]   File "/opt/ros/jazzy/lib/python3.12/site-packages/rclpy/executors.py", line 877, in wait_for_ready_callbacks
[spectral_classifier-3]     return next(self._cb_iter)
[spectral_classifier-3]            ^^^^^^^^^^^^^^^^^^^
[spectral_classifier-3]   File "/opt/ros/jazzy/lib/python3.12/site-packages/rclpy/executors.py", line 781, in _wait_for_ready_callbacks
[spectral_classifier-3]     wait_set.wait(timeout_nsec)
[spectral_classifier-3] KeyboardInterrupt
[geometry_segmentation-2] Traceback (most recent call last):
[geometry_segmentation-2]   File "/home/suraj-menon/tyre_sorting_ros2_ws/install/tyre_sorting/lib/tyre_sorting/geometry_segmentation", line 33, in <module>
[geometry_segmentation-2]     sys.exit(load_entry_point('tyre-sorting', 'console_scripts', 'geometry_segmentation')())
[geometry_segmentation-2]              ^^^^^^^^^^^^^^^^^^^^^^^^^^^^^^^^^^^^^^^^^^^^^^^^^^^^^^^^^^^^^^^^^^^^^^^^^^^^^^
[geometry_segmentation-2]   File "/home/suraj-menon/tyre_sorting_ros2_ws/build/tyre_sorting/src/tyre_sorting/perception/segmentation_node.py", line 181, in main
[geometry_segmentation-2]     rclpy.spin(node)
[geometry_segmentation-2]   File "/opt/ros/jazzy/lib/python3.12/site-packages/rclpy/__init__.py", line 247, in spin
[geometry_segmentation-2]     executor.spin_once()
[geometry_segmentation-2]   File "/opt/ros/jazzy/lib/python3.12/site-packages/rclpy/executors.py", line 926, in spin_once
[geometry_segmentation-2]     self._spin_once_impl(timeout_sec)
[geometry_segmentation-2]   File "/opt/ros/jazzy/lib/python3.12/site-packages/rclpy/executors.py", line 907, in _spin_once_impl
[geometry_segmentation-2]     handler, entity, node = self.wait_for_ready_callbacks(
[geometry_segmentation-2]                             ^^^^^^^^^^^^^^^^^^^^^^^^^^^^^^
[geometry_segmentation-2]   File "/opt/ros/jazzy/lib/python3.12/site-packages/rclpy/executors.py", line 877, in wait_for_ready_callbacks
[geometry_segmentation-2]     return next(self._cb_iter)
[geometry_segmentation-2]            ^^^^^^^^^^^^^^^^^^^
[geometry_segmentation-2]   File "/opt/ros/jazzy/lib/python3.12/site-packages/rclpy/executors.py", line 781, in _wait_for_ready_callbacks
[geometry_segmentation-2]     wait_set.wait(timeout_nsec)
[geometry_segmentation-2] KeyboardInterrupt
[ERROR] [routing_node-6]: process has died [pid 235271, exit code -2, cmd '/home/suraj-menon/tyre_sorting_ros2_ws/install/tyre_sorting/lib/tyre_sorting/routing_node --ros-args -r __node:=routing_decision_node'].
[ERROR] [multimodal_fusion-5]: process has died [pid 235270, exit code -2, cmd '/home/suraj-menon/tyre_sorting_ros2_ws/install/tyre_sorting/lib/tyre_sorting/multimodal_fusion --ros-args -r __node:=multimodal_fusion_node'].
[ERROR] [pbvs_controller-4]: process has died [pid 235269, exit code -2, cmd '/home/suraj-menon/tyre_sorting_ros2_ws/install/tyre_sorting/lib/tyre_sorting/pbvs_controller --ros-args -r __node:=pbvs_controller_node --params-file /tmp/launch_params_z9aq3kn9'].
[ERROR] [geometry_segmentation-2]: process has died [pid 235267, exit code -2, cmd '/home/suraj-menon/tyre_sorting_ros2_ws/install/tyre_sorting/lib/tyre_sorting/geometry_segmentation --ros-args -r __node:=geometry_segmentation_node --params-file /tmp/launch_params_8flr8muc'].
[ERROR] [spectral_classifier-3]: process has died [pid 235268, exit code -2, cmd '/home/suraj-menon/tyre_sorting_ros2_ws/install/tyre_sorting/lib/tyre_sorting/spectral_classifier --ros-args -r __node:=spectral_classifier_node --params-file /tmp/launch_params_n6x8msre'].
